date,source,measure,aggregation,denominator,other_share,hhi_lower_bound,hhi_upper_bound,top1_share,top3_share,top5_share,top10_share,hhi,effective_count_hhi,entropy,effective_count_entropy,gini_observed_units,observed_units
2025-01-01,secondary_pinned_archive,tokens,top50_plus_other_bucket,49151682771,0.045607313374072554,0.10153542611038098,0.10361545314358184,0.2369407312107589,0.47601038247268923,0.6094951059676711,0.7403083985248403,0.10361545314358182,9.651070083284601,2.8751606440693216,17.72827183445094,0.7125736675884301,51
2025-01-02,secondary_pinned_archive,tokens,top50_plus_other_bucket,62408153540,0.04105059146411016,0.1145315072974866,0.11621665835703987,0.25186378635486223,0.529958554498839,0.643020618328007,0.7598038403204456,0.11621665835703987,8.604618426799092,2.7924209288044897,16.320482740801914,0.7261760428167358,51
2025-01-03,secondary_pinned_archive,tokens,top50_plus_other_bucket,61193115505,0.04020475131387903,0.12871310607375194,0.1303295281019628,0.2834115441235043,0.5517610622103593,0.6650847166733092,0.7691345350304043,0.13032952810196274,7.672858289010716,2.7151157039546407,15.106357836123692,0.7379372362283317,51
2025-01-04,secondary_pinned_archive,tokens,top50_plus_other_bucket,53598360079,0.044194553368958125,0.13000756759776963,0.1319607261452513,0.29310210730039005,0.5426951910492612,0.6479576354353258,0.7678835434953085,0.13196072614525128,7.5780122557016245,2.7243780802385,15.246928611406712,0.735244377549546,51
2025-01-05,secondary_pinned_archive,tokens,top50_plus_other_bucket,58396306085,0.03856927865816737,0.14710783487291526,0.14859542412912663,0.32844359482399954,0.5594130771807704,0.6600956995103742,0.7787707556673958,0.14859542412912663,6.729682329457324,2.6576748009679756,14.263085997972144,0.74606314541097,51
2025-01-06,secondary_pinned_archive,tokens,top50_plus_other_bucket,69386292686,0.03838262894448253,0.12570387373149153,0.12717709993618134,0.2834999918646612,0.520201619595722,0.6564489520304099,0.7988748577164471,0.12717709993618134,7.863050820484265,2.700601428572028,14.888683512336824,0.7519298486454229,51
2025-01-07,secondary_pinned_archive,tokens,top50_plus_other_bucket,75431755847,0.036795047614026674,0.1258376512861541,0.1271915268150726,0.2800233862359452,0.5295952228399412,0.6677241505310018,0.8028871462152057,0.12719152681507256,7.862158942819587,2.6866148804526464,14.681891746548972,0.7568338256769639,51
2025-01-08,secondary_pinned_archive,tokens,top50_plus_other_bucket,70221822873,0.03772775827525049,0.14764026267902317,0.1490636464234989,0.3221376250074208,0.5712282646171973,0.6769359690216369,0.7990523678868271,0.1490636464234989,6.708543793158924,2.6175233215312748,13.70174670649188,0.759394372786809,51
2025-01-09,secondary_pinned_archive,tokens,top50_plus_other_bucket,72356616201,0.03333133499914371,0.1399469186270023,0.14105789651982742,0.30179949227225195,0.5584354895308324,0.6824522194187066,0.8068088178257455,0.14105789651982745,7.089287623535755,2.62826935667059,13.849780119661219,0.7627980724181614,51
2025-01-10,secondary_pinned_archive,tokens,top50_plus_other_bucket,71507703702,0.036180476397085576,0.14256490091829394,0.143873927790614,0.31551796993823705,0.5549786254133349,0.6640544474465049,0.7834114045174294,0.14387392779061406,6.950529643253663,2.6626968772491013,14.334896471767712,0.7507370388213902,51
2025-01-11,secondary_pinned_archive,tokens,top50_plus_other_bucket,63816995783,0.03538188199391066,0.1292379707021957,0.1304898482756267,0.3019159469918603,0.5231400603457015,0.6168080309961212,0.7568803081430381,0.1304898482756267,7.663431394967628,2.760700507374899,15.810914732248314,0.7308803850004477,51
2025-01-12,secondary_pinned_archive,tokens,top50_plus_other_bucket,75866094246,0.03226998386211347,0.13843557938644008,0.13947693124490115,0.3090459425784422,0.55894405399993,0.6743364551905524,0.7918634904968428,0.13947693124490118,7.169644406960357,2.6606120255641645,14.305041471143324,0.7548659381040111,51
2025-01-13,secondary_pinned_archive,tokens,top50_plus_other_bucket,85115007863,0.032383332601419915,0.13770677929620334,0.13875545952657753,0.2951243813597719,0.5708771161275126,0.6934152223776785,0.823084569736075,0.13875545952657756,7.206923629613706,2.5948505769507304,13.39458575202151,0.7765718946759632,51
2025-01-14,secondary_pinned_archive,tokens,top50_plus_other_bucket,75222327281,0.037472104305817856,0.13131479349214564,0.13271895209325174,0.2992452343957943,0.5376517172743123,0.6574652147925745,0.7794631419069348,0.13271895209325177,7.534718924674557,2.7082266355015,15.002646749471312,0.7456390605526945,51
2025-01-15,secondary_pinned_archive,tokens,top50_plus_other_bucket,84115145855,0.03353389824541724,0.1287576171134447,0.12988213944497867,0.2549364884175056,0.57601417572909,0.7013635171327851,0.8061955601776923,0.12988213944497878,7.699288018146823,2.641387873566789,14.03266566492021,0.7613987592559166,51
2025-01-16,secondary_pinned_archive,tokens,top50_plus_other_bucket,77055116590,0.036135316747562395,0.13855872169277447,0.13986448280922115,0.2786756513296452,0.589368150990426,0.6850131034497732,0.7907760805323051,0.13986448280922115,7.149777984479637,2.6376320069925216,13.980059697339726,0.7553934700160548,51
2025-01-17,secondary_pinned_archive,tokens,top50_plus_other_bucket,68495216858,0.04253060723990912,0.13660305942582726,0.13841191197802266,0.28503007996126606,0.5866550984473125,0.6594294302131927,0.7718562494751071,0.1384119119780227,7.224811692210292,2.6727100142205904,14.479154787437457,0.7440370761919063,51
2025-01-18,secondary_pinned_archive,tokens,top50_plus_other_bucket,60483766614,0.04090686713990633,0.14261176681165322,0.14428513859085518,0.2857827989006068,0.575334805884019,0.6483462085663684,0.7606405110251686,0.1442851385908552,6.930720722635671,2.6658354882627586,14.379958815305535,0.7424885908801537,51
2025-01-19,secondary_pinned_archive,tokens,top50_plus_other_bucket,67857660985,0.03478450656473066,0.12628288335641574,0.12749284525336754,0.26215921326749514,0.5464860251254061,0.6540997111116384,0.7628710086904272,0.1274928452533676,7.843577402423576,2.725643928533876,15.266241130780223,0.7392017593240289,51
2025-01-20,secondary_pinned_archive,tokens,top50_plus_other_bucket,75688773433,0.03757361331158883,0.12852121790437337,0.1299329943216622,0.26419064490060434,0.5516717431015316,0.670612006864281,0.7778853178287837,0.1299329943216622,7.69627456998643,2.6908168422591032,14.74371429193772,0.7462279323438407,51
2025-01-21,secondary_pinned_archive,tokens,top50_plus_other_bucket,81360080410,0.032134339012755656,0.1304821313803301,0.13151474712411682,0.25873910047675674,0.5680206797253827,0.6988673873779914,0.8019272915809547,0.13151474712411682,7.6037100163090585,2.638783906519712,13.996172599935976,0.7622467424746739,51
2025-01-22,secondary_pinned_archive,tokens,top50_plus_other_bucket,81625733261,0.03531654647171599,0.12249373744069202,0.12374099589538089,0.23917302663090131,0.5674738267390423,0.6746387836654316,0.7830020056865704,0.12374099589538089,8.08139608675421,2.6973983659656966,14.841070421484037,0.7484684099057906,51
2025-01-23,secondary_pinned_archive,tokens,top50_plus_other_bucket,77114501415,0.04016808024641496,0.11655437843003198,0.11816785310071441,0.23528242556296633,0.5298798041901339,0.6492059899029823,0.7664142686981542,0.11816785310071441,8.462538446456334,2.7617298133141484,15.827197379162188,0.7369298506474667,51
2025-01-24,secondary_pinned_archive,tokens,top50_plus_other_bucket,72673110544,0.04267280220684096,0.13102774757676072,0.13284871562494488,0.259406808472662,0.5428162207274186,0.6279328474507907,0.7658269666234202,0.1328487156249449,7.527359186694544,2.7323560579783566,15.369054780641678,0.7272125322763041,51
2025-01-25,secondary_pinned_archive,tokens,top50_plus_other_bucket,67152928393,0.039065636060533426,0.13223769121979526,0.1337638151406093,0.27478668085788954,0.5436545499898942,0.6169917900158014,0.763873323212322,0.1337638151406093,7.475863326332491,2.7225219980762296,15.218655306087397,0.7343554886995449,51
2025-01-26,secondary_pinned_archive,tokens,top50_plus_other_bucket,71483471593,0.03775085178241757,0.134158987367249,0.13558411417754704,0.26587854820779505,0.5550095350557241,0.664105215388682,0.7808087080855438,0.13558411417754704,7.375495323076733,2.6825712847400376,14.622643979765861,0.7450458903680769,51
2025-01-27,secondary_pinned_archive,tokens,top50_plus_other_bucket,73948446787,0.04247531812327638,0.1445670940381247,0.14637124668779825,0.2840571039376143,0.5638603137142588,0.6466665487747155,0.7581250623489175,0.14637124668779825,6.831942902918253,2.672395276867096,14.474598373653247,0.73374185927299,51
2025-01-28,secondary_pinned_archive,tokens,top50_plus_other_bucket,75487441672,0.04175482897798529,0.1449061487582054,0.1466496145011862,0.2714097853524088,0.5780932542741956,0.6459553007753706,0.7532583765001436,0.14664961450118616,6.81897462466164,2.6741549176686963,14.500090889796288,0.731266199065561,51
2025-01-29,secondary_pinned_archive,tokens,top50_plus_other_bucket,78035168383,0.04356642299167037,0.15762560656306915,0.1595236397753583,0.29783618795987904,0.5787471731891425,0.6397818115284067,0.7382579999218709,0.15952363977535827,6.26866338686983,2.6433161799380955,14.059751049595429,0.7224606093871089,51
2025-01-30,secondary_pinned_archive,tokens,top50_plus_other_bucket,89094205165,0.04575338975695098,0.14839502524684345,0.15048839792109492,0.2659624922756333,0.5727612033857241,0.6472535309698668,0.7555631609186263,0.15048839792109495,6.6450305393265365,2.6480750197821683,14.126818608402811,0.7366673813138254,51
2025-01-31,secondary_pinned_archive,tokens,top50_plus_other_bucket,84790953671,0.045716479720710794,0.14000309428640356,0.14209309080445773,0.25900317469257444,0.5620096496013144,0.6327553691892239,0.7323949400422824,0.14209309080445778,7.037639862279833,2.720726330361336,15.191352179098388,0.7153812238321939,51
2025-02-01,secondary_pinned_archive,tokens,top50_plus_other_bucket,82720395965,0.04712363973268851,0.1421946682084799,0.1444153056301361,0.2732846648674767,0.5738970478826817,0.6314359561226018,0.7354580780384685,0.1444153056301361,6.9244737989276075,2.7037188179625735,14.935169756573114,0.7197283686735744,51
2025-02-02,secondary_pinned_archive,tokens,top50_plus_other_bucket,87631768147,0.04809613131313143,0.14043588338032575,0.14274912122761574,0.28333501738033806,0.559775523115236,0.6170175065314034,0.7188181310952637,0.1427491212276157,7.005297065230155,2.747134696980091,15.597875155227321,0.7000572601603974,51
2025-02-03,secondary_pinned_archive,tokens,top50_plus_other_bucket,88421824989,0.05423778631120332,0.12245239730145642,0.12539413476539618,0.254042354891391,0.5286899465015068,0.5814140077339002,0.69628276362379,0.1253941347653962,7.974854660235354,2.848000100553268,17.253242564281162,0.6803490136743144,51
2025-02-04,secondary_pinned_archive,tokens,top50_plus_other_bucket,102119870049,0.04873148063753075,0.13543515241761842,0.13780990962274445,0.2661605781711055,0.5523996303161414,0.6376258810528874,0.7380026903465297,0.13780990962274442,7.25637222125395,2.732113245471481,15.365323434949115,0.7169600462968257,51
2025-02-05,secondary_pinned_archive,tokens,top50_plus_other_bucket,105669269279,0.04727841486070394,0.13925165000468306,0.1414868985164239,0.27860056192184357,0.5592745993725233,0.6389257579489807,0.7489782627060199,0.14148689851642393,7.067792215997434,2.7020368738346296,14.910070748982374,0.726029653341949,51
2025-02-06,secondary_pinned_archive,tokens,top50_plus_other_bucket,114992702177,0.04403547580963634,0.11172274553735181,0.11366186866713288,0.23419083219340495,0.5086252864549032,0.61919378157931,0.7532912029118809,0.11366186866713289,8.798025333619785,2.826266448248598,16.88231202760666,0.714176820202089,51
2025-02-07,secondary_pinned_archive,tokens,top50_plus_other_bucket,118370770895,0.0428243242117309,0.11408186260839986,0.11591578535259131,0.23568905576991933,0.534929307076724,0.6441325483943491,0.7519743559578345,0.11591578535259132,8.626952722256174,2.7938870261857804,16.34442770634622,0.7220980967467533,51
2025-02-08,secondary_pinned_archive,tokens,top50_plus_other_bucket,105864690395,0.04883476328802615,0.11513134695518883,0.11751618106058637,0.25232719614378274,0.519355199857995,0.6065727744482485,0.7216997513328438,0.11751618106058635,8.509466449428292,2.8401352869638217,17.11808123373713,0.7055619691755384,51
2025-02-09,secondary_pinned_archive,tokens,top50_plus_other_bucket,107394888620,0.04851971117021677,0.11990740209587065,0.1222615644679119,0.2733794283532821,0.5178982822618434,0.6190561255782044,0.7373470627656394,0.1222615644679119,8.179185374831798,2.8002477537203543,16.448721498258067,0.7195550434834349,51
2025-02-10,secondary_pinned_archive,tokens,top50_plus_other_bucket,110479150384,0.05321186901389667,0.12221811691515966,0.12504961991911176,0.29276168988971685,0.5077003397658568,0.5982588222326891,0.7329278807861545,0.12504961991911173,7.996825585290458,2.8065722123383035,16.553080415667065,0.7152998471621063,51
2025-02-11,secondary_pinned_archive,tokens,top50_plus_other_bucket,124503350714,0.04580529123348907,0.12021815640573824,0.12231628111072299,0.28122043902600696,0.5281354373911328,0.6272362924463741,0.7583652135506974,0.12231628111072299,8.175526519603562,2.7737778844630454,16.01903791291218,0.731646601465621,51
2025-02-12,secondary_pinned_archive,tokens,top50_plus_other_bucket,124490739152,0.047476128580003274,0.12285364256667027,0.12510762535161526,0.282883403945427,0.5401660424466976,0.6444884397468132,0.7586175762334428,0.12510762535161535,7.993117903001492,2.7483870545246045,15.617421508813335,0.7366978470991384,51
2025-02-13,secondary_pinned_archive,tokens,top50_plus_other_bucket,123401049224,0.046331069840596255,0.12469362433264775,0.12684019236522195,0.2842493560433846,0.5521102086849141,0.6358974849845803,0.7476182460372238,0.12684019236522198,7.883936324541461,2.7611362040418412,15.817804996021945,0.7265919912906332,51
2025-02-14,secondary_pinned_archive,tokens,top50_plus_other_bucket,123551521514,0.048843155762482424,0.11724420856626756,0.11962986243110568,0.28173967560614493,0.5301891555789326,0.5984472677305049,0.7091856313325239,0.11962986243110568,8.359116859938677,2.863727310206566,17.526732910106926,0.6900931450838416,51
2025-02-15,secondary_pinned_archive,tokens,top50_plus_other_bucket,115361835640,0.04847060155534814,0.1122564741398896,0.11460587335502691,0.23368832941535186,0.5394032960015059,0.6082831163763891,0.7280668052483495,0.11460587335502691,8.725556297644474,2.8299175799060836,16.944064235622687,0.7110831693317841,51
2025-02-16,secondary_pinned_archive,tokens,top50_plus_other_bucket,118560036919,0.042857265837994284,0.11681369290225684,0.11865043813736535,0.2240035019400701,0.5506213857929239,0.6155346656382901,0.7575307184946306,0.11865043813736537,8.428118898661532,2.779565112367833,16.112012509226744,0.7255909953076142,51
2025-02-17,secondary_pinned_archive,tokens,top50_plus_other_bucket,128184132562,0.04592978402496388,0.11929440767580428,0.1214039527363841,0.22515743352275086,0.563672778688519,0.6384283844758823,0.7522154802690781,0.12140395273638406,8.236964097630288,2.7674001703858937,15.917198166899533,0.723491951461847,51
2025-02-18,secondary_pinned_archive,tokens,top50_plus_other_bucket,142100553307,0.041091262328760834,0.1477036667892391,0.14939215862901015,0.30379427307883283,0.6110714914065187,0.6698006408488165,0.770882222184872,0.14939215862901012,6.693791757058207,2.629839500846707,13.871543352492075,0.7446815481573068,51
2025-02-19,secondary_pinned_archive,tokens,top50_plus_other_bucket,133578195110,0.042075193412904915,0.1368535119314675,0.13862383383220087,0.2894802132201081,0.590956504547728,0.651915209756273,0.7596203659020979,0.13862383383220084,7.213766726510133,2.687063296660255,14.688476821083208,0.7368119958201972,51
2025-02-20,secondary_pinned_archive,tokens,top50_plus_other_bucket,139567174082,0.04359609924053574,0.13231465977966006,0.1342152796486507,0.28010885953047293,0.5801135489096504,0.6463054331744437,0.7586011200513002,0.13421527964865074,7.450716510205125,2.7067201708108843,14.980062807104394,0.7364201153584944,51
2025-02-21,secondary_pinned_archive,tokens,top50_plus_other_bucket,133191771578,0.04105776348802069,0.12814831998547513,0.12983405992811337,0.27009259440574956,0.5765584527646923,0.644406679692944,0.7605811761627832,0.1298340599281134,7.702139180995192,2.7284443001213634,15.309052194156033,0.7312102628180052,51
2025-02-22,secondary_pinned_archive,tokens,top50_plus_other_bucket,135116394860,0.03497966553131582,0.127819286913259,0.12904286391394174,0.2822497857829538,0.5496204196163379,0.6557641410045537,0.781503552314362,0.12904286391394176,7.749363038524134,2.709965849605272,15.028762267947934,0.7477396515426368,51
2025-02-23,secondary_pinned_archive,tokens,top50_plus_other_bucket,139667620904,0.03700393572646575,0.14663929895662275,0.14800859021587115,0.30877698132799575,0.5981434793782431,0.675561675385406,0.7871476460715698,0.14800859021587118,6.756364603848301,2.6121088101709002,13.627758927884315,0.7607269607245001,51
2025-02-24,secondary_pinned_archive,tokens,top50_plus_other_bucket,149673286419,0.03978694713984745,0.13858098139163227,0.1401639825543413,0.29810460148575996,0.5825885041228761,0.6600451255706452,0.7666205884247506,0.14016398255434132,7.134500474202079,2.6779224529047556,14.554823531987623,0.7427379906020093,51
2025-02-25,secondary_pinned_archive,tokens,top50_plus_other_bucket,165872108916,0.035075664016223224,0.11412940350369538,0.11535970570987436,0.24582603407212594,0.5249993066893479,0.6131373379204067,0.7627665592475972,0.11535970570987435,8.668538064018342,2.802615154991546,16.487708352998485,0.7262448958164125,51
2025-02-26,secondary_pinned_archive,tokens,top50_plus_other_bucket,163891595218,0.03372951569387659,0.11807623701011281,0.11921391723905628,0.2351823337049728,0.5272630179909876,0.611435725710687,0.7572036723904577,0.11921391723905629,8.388282368028628,2.7975320621574276,16.40411244369677,0.7217391576478156,51
2025-02-27,secondary_pinned_archive,tokens,top50_plus_other_bucket,157817685268,0.0365696471355497,0.11571346076268892,0.11705079985430754,0.23111363901999668,0.5171739382275021,0.602225514191287,0.7419437738182452,0.11705079985430758,8.543299159379465,2.8288248045675495,16.92555829335171,0.7118334852026869,51
2025-02-28,secondary_pinned_archive,tokens,top50_plus_other_bucket,154373044616,0.03484240648605127,0.11570918673896405,0.11692318002870328,0.23459115232249905,0.5082223597335752,0.5954453056338366,0.7385045147719004,0.11692318002870328,8.552624037034501,2.8367910551187743,17.060930018071247,0.7093328965174593,51
2025-03-01,secondary_pinned_archive,tokens,top50_plus_other_bucket,150042042719,0.03146195983775568,0.1328333182800217,0.13382317319685424,0.289695567211148,0.5307437557094513,0.6121326042062041,0.7535384894735425,0.1338231731968542,7.472547363146125,2.742828208564396,15.530847517025903,0.7294115930182127,51
2025-03-02,secondary_pinned_archive,tokens,top50_plus_other_bucket,157225740186,0.03176926537023083,0.12531045099484114,0.1263197372170053,0.27628419478013677,0.5142965566537695,0.6006251529061571,0.7523174310966446,0.12631973721700526,7.916419255069344,2.776850054163579,16.06832678894907,0.7255332742168334,51
2025-03-03,secondary_pinned_archive,tokens,top50_plus_other_bucket,163696491542,0.03681361917554493,0.12044463959589988,0.12179988215270193,0.2448994709560664,0.5181633313884259,0.6105329830258311,0.755767528714919,0.1217998821527019,8.210188567722,2.7836753519391433,16.17837302600172,0.7259478597441972,51
2025-03-04,secondary_pinned_archive,tokens,top50_plus_other_bucket,166790068558,0.03575036050738524,0.11472374455388605,0.11600183283029405,0.23773755437489505,0.5046938229702074,0.596464379942413,0.7383307249866429,0.11600183283029407,8.620553448176626,2.8382615612150883,17.08603667489337,0.7106011219830294,51
2025-03-05,secondary_pinned_archive,tokens,top50_plus_other_bucket,173962185656,0.03539278502843784,0.10722970056783071,0.10848234979989993,0.22562535950551416,0.48456615455321284,0.5730610823959927,0.7296203276900038,0.10848234979989996,9.218089411268654,2.8770609137953196,17.76199236161353,0.705315389211017,51
2025-03-06,secondary_pinned_archive,tokens,top50_plus_other_bucket,182100870835,0.03791718269846351,0.10236409447124618,0.10380180721503485,0.22215581768225431,0.4687374040365885,0.5591964996876232,0.7217251938958856,0.10380180721503487,9.633743639245212,2.913847829530896,18.4275684665745,0.6965616565298337,51
2025-03-07,secondary_pinned_archive,tokens,top50_plus_other_bucket,181200246972,0.035929805250243585,0.10442473002546639,0.10571568093078682,0.22472371464975024,0.4846174698016239,0.5739203192259985,0.7239498055334913,0.10571568093078679,9.459334615218635,2.8968820733043623,18.11756796436072,0.7016682589000266,51
2025-03-08,secondary_pinned_archive,tokens,top50_plus_other_bucket,180393189127,0.03310220968928056,0.10341817054457585,0.10451392683088895,0.23266166208443695,0.47480894709777133,0.5785493741037209,0.7308999318049402,0.10451392683088893,9.568102838754418,2.906086121060043,18.28509269528726,0.6999847454288243,51
2025-03-09,secondary_pinned_archive,tokens,top50_plus_other_bucket,187301072720,0.03230306346960894,0.11065402871638626,0.11169751662590784,0.24399204968952726,0.4941770438889561,0.5812408726817462,0.7383817283510538,0.11169751662590781,8.95275051950487,2.8650205026177167,17.549413009804198,0.7069918664857608,51
2025-03-10,secondary_pinned_archive,tokens,top50_plus_other_bucket,194916718158,0.03604638716164239,0.10563404986502674,0.10693339189243375,0.21944001123766346,0.4818908468070001,0.5667394848370839,0.7301963262413897,0.10693339189243375,9.351615826475589,2.883519929835382,17.8770886594571,0.7030926632012561,51
2025-03-11,secondary_pinned_archive,tokens,top50_plus_other_bucket,204393400391,0.03287284291541076,0.11198723245051952,0.11306785625186079,0.23244828173567603,0.48987046664648004,0.577415761855473,0.7461175822275476,0.11306785625186078,8.844246571479,2.828420319795153,16.918713547148865,0.7185669201226328,51
2025-03-12,secondary_pinned_archive,tokens,top50_plus_other_bucket,203060022546,0.032967420918529146,0.11873574248933824,0.11982259333135771,0.2302142205978045,0.5100310343240436,0.6021811839270315,0.7561403232003362,0.1198225933313577,8.34567148145924,2.783224301790428,16.171077413909515,0.7280457007989103,51
2025-03-13,secondary_pinned_archive,tokens,top50_plus_other_bucket,221928492539,0.03376991548610178,0.1258512780532474,0.12699168524518584,0.24308668106921702,0.5249598514734496,0.6129990156180286,0.7639939940798914,0.1269916852451858,7.874531297614302,2.7458327126497877,15.577580180925393,0.7341732279145537,51
2025-03-14,secondary_pinned_archive,tokens,top50_plus_other_bucket,214068053396,0.03273400420957411,0.1253577804236529,0.1264292954552453,0.29344949143716464,0.5061461307379954,0.6061749099383584,0.7471255625758332,0.12642929545524534,7.9095592235898335,2.778394644770832,16.09316495304087,0.7296081180281081,51
2025-03-15,secondary_pinned_archive,tokens,top50_plus_other_bucket,190299583462,0.03284387535324305,0.09458527344136931,0.09566399358958869,0.2139671266181765,0.4535285598732489,0.5597988252889284,0.7230421019312193,0.09566399358958869,10.453253752818783,2.940272572385905,18.92100295236271,0.6998641639150746,51
2025-03-16,secondary_pinned_archive,tokens,top50_plus_other_bucket,190302450623,0.03424677661093831,0.10151591006281273,0.10268875177105224,0.23094390740172785,0.4653889706362828,0.5676385448708684,0.7133064017337146,0.10268875177105223,9.738164918291451,2.91672696767037,18.480700432195874,0.6987797449692991,51
2025-03-17,secondary_pinned_archive,tokens,top50_plus_other_bucket,230930657288,0.03439813033179626,0.09881630879021581,0.09999954016053905,0.22696756047263722,0.4653242303467167,0.5624707556476939,0.7304318316629378,0.09999954016053902,10.00004598415755,2.906793853052978,18.298038220822438,0.7083947658690969,51
2025-03-18,secondary_pinned_archive,tokens,top50_plus_other_bucket,230236003769,0.03424993885366311,0.09603043235816681,0.09720349066964648,0.2173551704372399,0.45464805625719473,0.5517232055089354,0.7270497252938273,0.09720349066964645,10.287696389408246,2.9320343370076842,18.765767587153185,0.7001927405458178,51
2025-03-19,secondary_pinned_archive,tokens,top50_plus_other_bucket,205403798836,0.0372775756894035,0.10328104266510367,0.10467066031438288,0.23545350169796214,0.47044405988884763,0.5800334883490907,0.7296388446041387,0.1046706603143829,9.553775594769885,2.9014553854993825,18.20061501417376,0.701572432776092,51
2025-03-20,secondary_pinned_archive,tokens,top50_plus_other_bucket,203790419935,0.04014620175280812,0.09656512254875178,0.09817684006392896,0.2303700983195091,0.4486877775960455,0.5510096716313535,0.7205713195244268,0.09817684006392897,10.185701631350515,2.944477204561607,19.000726296389562,0.6932400141640412,51
2025-03-21,secondary_pinned_archive,tokens,top50_plus_other_bucket,212462970583,0.03725345481747354,0.09099280482242636,0.0923806247182639,0.21398805230504386,0.4407097666151716,0.5516574394699637,0.7286443221809445,0.0923806247182639,10.824780662067738,2.956981692751513,19.23981236308341,0.6974320831030357,51
2025-03-22,secondary_pinned_archive,tokens,top50_plus_other_bucket,188084657023,0.037146321489400565,0.09024973989006868,0.09162958909026259,0.2123687957285932,0.4394013456020167,0.55354924583385,0.7153735942296793,0.0916295890902626,10.913505232626534,2.9703390249240917,19.49852896289931,0.6921980373561097,51
2025-03-23,secondary_pinned_archive,tokens,top50_plus_other_bucket,198759550985,0.03439053245554906,0.09380926471040478,0.09499197343298095,0.22083016310150777,0.4511309529209339,0.568833070947783,0.7242064591193562,0.09499197343298096,10.527205234929909,2.9392516949181293,18.901696783074254,0.7019449836923406,51
2025-03-24,secondary_pinned_archive,tokens,top50_plus_other_bucket,222905959539,0.03701548462438662,0.0998658830833632,0.1012360291853414,0.22876122155934692,0.469233784719425,0.5801438892142962,0.7400549608371411,0.10123602918534137,9.877906196510487,2.8929891331739714,18.047174464708036,0.7118581021319481,51
2025-03-25,secondary_pinned_archive,tokens,top50_plus_other_bucket,228382944505,0.041081299224577573,0.0925906061894125,0.09427827933539179,0.20800796664551263,0.4453260795215528,0.5437398841062815,0.7013567658310547,0.09427827933539179,10.606897018586157,2.9787443205431736,19.66311057255171,0.681703377097929,51
2025-03-26,secondary_pinned_archive,tokens,top50_plus_other_bucket,244887222843,0.036039986723432595,0.08803541506489937,0.08933429570792456,0.21259624381210615,0.4258918235144714,0.5460754512608191,0.7316272900398135,0.08933429570792456,11.193909260441991,2.9705828590379086,19.50328394912008,0.6963253796270288,51
2025-03-27,secondary_pinned_archive,tokens,top50_plus_other_bucket,247700609528,0.037317971613449324,0.08220058307379843,0.08359321407914064,0.20462176906864088,0.4060476774023871,0.5454673322219941,0.724163650698338,0.08359321407914068,11.962693515448088,3.01597297026419,20.40893857376093,0.6847748544506067,51
2025-03-28,secondary_pinned_archive,tokens,top50_plus_other_bucket,252577751172,0.032596579484126406,0.08298037004567455,0.08404290703973952,0.1923423848679257,0.41583197901495644,0.5597883963449987,0.7313989896687273,0.08404290703973952,11.898684079635085,2.9885823136217513,19.857510804401198,0.695656452076461,51
2025-03-29,secondary_pinned_archive,tokens,top50_plus_other_bucket,218184167792,0.030146155252980592,0.08404016173035982,0.08494895240689662,0.17852763608005576,0.42206098493722366,0.5789068211695938,0.7453725385108487,0.08494895240689661,11.77177553891547,2.9570877078291886,19.24185218140939,0.7062325172492933,51
2025-03-30,secondary_pinned_archive,tokens,top50_plus_other_bucket,205111873157,0.033899267892102056,0.0986106902041105,0.099759850567731,0.19861162903435617,0.4862124965172769,0.6159322880460393,0.7548177678163643,0.09975985056773104,10.024072753808499,2.8570393418265874,17.40990577814435,0.725526665483279,51
2025-03-31,secondary_pinned_archive,tokens,top50_plus_other_bucket,263186845381,0.029288365977566747,0.09359621170522855,0.09445402008686445,0.18592453918493818,0.4531468345591173,0.589442237952366,0.7629768187171582,0.0944540200868644,10.587161870721356,2.8809800340652445,17.83174033197991,0.7247220916123426,51
2025-04-01,secondary_pinned_archive,tokens,top50_plus_other_bucket,279117467876,0.02890666266571473,0.09060753390778145,0.09144312905425088,0.18396996275350375,0.45054828354514875,0.5827379550901468,0.7443874529497525,0.09144312905425087,10.935758764408922,2.9247205090882753,18.629018680811097,0.711254419296897,51
2025-04-02,secondary_pinned_archive,tokens,top50_plus_other_bucket,287084138362,0.027785310621869737,0.08319447791944201,0.0839665014057958,0.17636817344521738,0.4225024029159498,0.5733622172306952,0.7554919470420618,0.0839665014057958,11.909511331991437,2.9410513373390708,18.93574370538668,0.7137929724877283,51
2025-04-03,secondary_pinned_archive,tokens,top50_plus_other_bucket,310210765749,0.026669586269917098,0.08772759720475458,0.08843886403656313,0.15812818926371555,0.45095109318736126,0.5976187356179711,0.7665501605685862,0.08843886403656318,11.307246094732415,2.898847317832411,18.153208425303813,0.7218764268253605,51
2025-04-04,secondary_pinned_archive,tokens,top50_plus_other_bucket,282175536516,0.030422172148552803,0.08681531557692072,0.08774082413515691,0.16746239987859685,0.4520744577365827,0.5921547584211841,0.7464331032043846,0.08774082413515687,11.397203181720629,2.929826623409943,18.72438384541235,0.7124111601336758,51
2025-04-05,secondary_pinned_archive,tokens,top50_plus_other_bucket,283090401484,0.02601057971729278,0.08558479213672028,0.08626134239394992,0.17115233082792614,0.4273751682988023,0.597164388223013,0.768739594324606,0.08626134239394988,11.592678391591285,2.9055142751509715,18.27463942894612,0.7229104316845433,51
2025-04-06,secondary_pinned_archive,tokens,top50_plus_other_bucket,330016992208,0.02488566961068411,0.08856186171396443,0.08918115826593656,0.16240107763063477,0.43727742961806737,0.6104921528132031,0.7754072431813307,0.08918115826593659,11.21313088374585,2.8882433742531175,17.96172983566808,0.7232117627629385,51
2025-04-07,secondary_pinned_archive,tokens,top50_plus_other_bucket,371768869788,0.026672317640943233,0.09667496458242292,0.09738637711076228,0.18665050861727586,0.4776148094117034,0.629824892346481,0.7795249045576604,0.09738637711076231,10.268376642275653,2.8302539687187225,16.949764988053097,0.7359542418351687,51
2025-04-08,secondary_pinned_archive,tokens,top50_plus_other_bucket,335124133287,0.02810346888964366,0.09360912230955448,0.09439892727318565,0.16528454875126328,0.469667293731441,0.6292619919240546,0.7694294136858648,0.09439892727318565,10.593340717803406,2.8622216084338272,17.500362735085563,0.7258778594681027,51
2025-04-09,secondary_pinned_archive,tokens,top50_plus_other_bucket,329550655879,0.028502560138884414,0.08934590768923298,0.0901583036237037,0.1713091850338432,0.45426187283318803,0.6135241442828031,0.753868627384004,0.09015830362370372,11.091601769413591,2.905851766047768,18.2808079942544,0.7160883498183884,51
2025-04-10,secondary_pinned_archive,tokens,top50_plus_other_bucket,318345562644,0.032311421361016,0.07758962871039035,0.07863365666075947,0.1740497940628176,0.4078978331393035,0.5610465767312504,0.7082995170162136,0.07863365666075949,12.717200782283212,3.0366236342188504,20.83477851146856,0.6809067164260991,51
2025-04-11,secondary_pinned_archive,tokens,top50_plus_other_bucket,290444046062,0.036753547338068966,0.08352638864892785,0.08487721189085952,0.19924096104089895,0.43626475047435326,0.5584411005601287,0.7147612480983163,0.08487721189085952,11.781725362113251,2.9968997054138997,20.02336227147483,0.6904022172538105,51
2025-04-12,secondary_pinned_archive,tokens,top50_plus_other_bucket,274911788714,0.03183666082106535,0.09332303214779775,0.0943366051200333,0.1980501778941257,0.4782555705305933,0.6011990452215308,0.7352175570079762,0.09433660512003332,10.600339059558122,2.9080901856861834,18.321773946265512,0.7112621260353549,51
2025-04-13,secondary_pinned_archive,tokens,top50_plus_other_bucket,262977334963,0.033146786449206475,0.09034975180854872,0.09144846126045802,0.17461344518705652,0.4671129167320947,0.6062633409393694,0.7455548565680976,0.09144846126045804,10.935121118679731,2.906853413737732,18.299128096965088,0.7150131504566498,51
2025-04-14,secondary_pinned_archive,tokens,top50_plus_other_bucket,272286805249,0.04186698979620081,0.07982365790127931,0.0815765027358745,0.19306586208952212,0.4178234417343946,0.5489039400029794,0.7066222850572986,0.08157650273587451,12.25843185797955,3.0281055717535885,20.658060283626195,0.6810916488224806,51
2025-04-15,secondary_pinned_archive,tokens,top50_plus_other_bucket,252985364647,0.04535051150096659,0.08004551963667962,0.08210218853007892,0.20626788736894944,0.4247944364487346,0.5229616351625931,0.6786398026880323,0.08210218853007896,12.179943286574389,3.0711435086792283,21.566550117274677,0.6613765638300673,51
2025-04-16,secondary_pinned_archive,tokens,top50_plus_other_bucket,251118350224,0.04688875663804305,0.0867407819890504,0.08893933748811203,0.21854040536681987,0.4430220379345558,0.5429676492672687,0.6953904795974986,0.08893933748811203,11.243618720835016,3.0163642504148838,20.416925748831204,0.6756540296102418,51
2025-04-17,secondary_pinned_archive,tokens,top50_plus_other_bucket,248960978027,0.053028670615875496,0.08077724798727288,0.0835892878945599,0.21454708799066186,0.42029943168704903,0.5189061256458815,0.6690448680794296,0.08358928789455988,11.963255402551187,3.0633971040415275,21.400132295502573,0.6614362301855651,51
2025-04-18,secondary_pinned_archive,tokens,top50_plus_other_bucket,260110794546,0.0492170831331493,0.08789311099595137,0.0903154322680867,0.2388322261497445,0.4295627287711049,0.5187769436232922,0.6661124002193566,0.09031543226808672,11.072304864042085,3.0336019404737335,20.771917213185755,0.6670186766963528,51
2025-04-19,secondary_pinned_archive,tokens,top50_plus_other_bucket,243572111478,0.04715055670910548,0.08778236949264223,0.0900055444906208,0.2324806825190025,0.4344064967862995,0.5358293929713224,0.6815474173856477,0.0900055444906208,11.11042664826284,3.0267525332237613,20.630128033077888,0.6705302638781679,51
2025-04-20,secondary_pinned_archive,tokens,top50_plus_other_bucket,249634165943,0.04515030542964046,0.08556623972545123,0.08760478980584105,0.23095863694060467,0.42266603862266183,0.5302033215846809,0.6788392374611649,0.08760478980584109,11.41490096850075,3.0547125541827977,21.215086462513522,0.6615667297200152,51
2025-04-21,secondary_pinned_archive,tokens,top50_plus_other_bucket,265611051403,0.05156052168635525,0.07806273616930305,0.08072122356587216,0.21872120785311508,0.3982601951358611,0.5072381937812633,0.6542493315172249,0.08072122356587215,12.388315684832936,3.113095474497217,22.49055570161483,0.6445254619182765,51
2025-04-22,secondary_pinned_archive,tokens,top50_plus_other_bucket,267828807102,0.04981325611445168,0.07915496933490342,0.08163632981962737,0.21703053310416637,0.4071940839562721,0.5128818368021407,0.6565565494716601,0.08163632981962737,12.249448281291738,3.0974313229511727,22.141005082961932,0.6503466966882682,51
2025-04-23,secondary_pinned_archive,tokens,top50_plus_other_bucket,258244769365,0.05548266238743767,0.07154827603800122,0.07462660186359961,0.1986150562550427,0.38108650149232426,0.48875452356831517,0.6493820671386981,0.07462660186359958,13.400047369539513,3.1321946742049285,22.924235602974594,0.6448702686447533,51
2025-04-24,secondary_pinned_archive,tokens,top50_plus_other_bucket,248136852554,0.05253887603479979,0.0688448868673087,0.07160522036230876,0.17558444462625092,0.3748562266653147,0.5030162551926345,0.6618891735811713,0.07160522036230875,13.965462223846123,3.119885517937361,22.643787187320218,0.6544766798344711,51
2025-04-25,secondary_pinned_archive,tokens,top50_plus_other_bucket,254213410032,0.046480282505602794,0.06346494617296061,0.06562536283476125,0.16432872733087323,0.34884301282075175,0.4796777632212648,0.6476250495450888,0.0656253628347613,15.238010988494025,3.1827965712683968,24.11409613241964,0.6361486770140936,51
2025-04-26,secondary_pinned_archive,tokens,top50_plus_other_bucket,232948687662,0.05310013563994765,0.0629071042354051,0.06572672864038594,0.164295889691948,0.35097493319485673,0.46773352436779525,0.648332204039442,0.06572672864038595,15.214510453903035,3.1884342093175047,24.25042660815222,0.6321193587331292,51
2025-04-27,secondary_pinned_archive,tokens,top50_plus_other_bucket,236480346124,0.05021835462289506,0.07144499266621818,0.07396687580724902,0.1918826060039956,0.375618542846784,0.49332897338888027,0.6631004948833065,0.07396687580724902,13.519565198426244,3.128846156641669,22.8476017739002,0.6475012925360678,51
2025-04-28,secondary_pinned_archive,tokens,top50_plus_other_bucket,276156543714,0.051874554252229206,0.06719748807729001,0.06988845745615747,0.17909975699226063,0.3700411301201385,0.47819571088912516,0.6497266283605497,0.06988845745615745,14.308514401356215,3.15897591035288,23.54646988152701,0.6402373444388504,51
2025-04-29,secondary_pinned_archive,tokens,top50_plus_other_bucket,264007460755,0.06284660608283876,0.06674157027125058,0.07069126616738208,0.19184105412839472,0.3657394346957723,0.4586475355723702,0.6227137600651554,0.07069126616738211,14.14601908009696,3.1988790170252384,24.505045056496066,0.6158059377651006,51
2025-04-30,secondary_pinned_archive,tokens,top50_plus_other_bucket,257745468847,0.06432163489493276,0.06527662731049363,0.06941390002605066,0.17415651253076322,0.36360558483234345,0.47357377027433517,0.6325167941275237,0.06941390002605069,14.406336477632074,3.175428154000303,23.937066425411967,0.6309720903901481,51
2025-05-01,secondary_pinned_archive,tokens,top50_plus_other_bucket,247853999972,0.06685780382350907,0.06372164925252825,0.06819161518463107,0.1610627657472131,0.3581755398380858,0.469309538470796,0.6364435015889209,0.06819161518463106,14.664559525279858,3.165134937911434,23.691940758150245,0.6388083632780821,51
2025-05-02,secondary_pinned_archive,tokens,top50_plus_other_bucket,257124033765,0.06172489834032921,0.06826894929208516,0.07207891236720913,0.17807520143312497,0.3670049665961843,0.48790337041638543,0.6747484892974489,0.07207891236720915,13.873683261276982,3.1133240154716737,22.49569630252755,0.6572106384277109,51
2025-05-03,secondary_pinned_archive,tokens,top50_plus_other_bucket,240108996884,0.057936886237214505,0.07357521030104335,0.07693189308790728,0.16124225745570084,0.4101224441938517,0.5276247539620703,0.6974221106795969,0.07693189308790727,12.998510238885405,3.0554213066119535,21.230128036324913,0.6733943175557059,51
2025-05-04,secondary_pinned_archive,tokens,top50_plus_other_bucket,259953508223,0.05881594583783822,0.07137782765050087,0.07483714313530039,0.1505838267411256,0.40426460898096056,0.5203775162516977,0.6953606358369844,0.07483714313530039,13.362348669457745,3.073472529299845,21.616837594768047,0.6666795609094486,51
2025-05-05,secondary_pinned_archive,tokens,top50_plus_other_bucket,311745800261,0.05552421735115013,0.07129758908526496,0.07438052779772272,0.1511499061849426,0.39996357844631586,0.5281503583341066,0.6911696103992571,0.07438052779772272,13.444378920239613,3.0740931012549,21.63025656122281,0.6692547104015926,51
2025-05-06,secondary_pinned_archive,tokens,top50_plus_other_bucket,310263302559,0.057182700376323815,0.0742447406356425,0.07751460185797092,0.15533473129596193,0.412735538279293,0.5346796949228435,0.6997343884641841,0.07751460185797092,12.900795153825186,3.0433595246916214,20.975593020679923,0.67829784792541,51
2025-05-07,secondary_pinned_archive,tokens,top50_plus_other_bucket,313740594702,0.05270391810695,0.07313414476913838,0.07591184775296247,0.15591317394378668,0.4062643734804761,0.5261580515163972,0.7025621973444764,0.07591184775296246,13.173174275170703,3.0578587941152575,21.28193932714155,0.6748075258323897,51
2025-05-08,secondary_pinned_archive,tokens,top50_plus_other_bucket,314099176805,0.05668513541840194,0.0721395267805533,0.07535273135795587,0.15331756559775045,0.4069377207771317,0.522392262807064,0.6935090603571823,0.07535273135795591,13.270919075907099,3.06988399584694,21.539403869765994,0.6694432925000113,51
2025-05-09,secondary_pinned_archive,tokens,top50_plus_other_bucket,310235395101,0.057819273939262325,0.06904547828377038,0.07238854672263384,0.14964103383460245,0.3946217498913791,0.513714365000534,0.6886492280303684,0.07238854672263383,13.814340047903306,3.0991011454122774,22.17800751570971,0.6604399156181714,51
2025-05-10,secondary_pinned_archive,tokens,top50_plus_other_bucket,281325208183,0.05741361027090509,0.06807540218766805,0.07137172483200743,0.1453688841115066,0.3813262188620413,0.5216513864571205,0.70270033852212,0.07137172483200742,14.01115080732278,3.083906767125078,21.843573671211846,0.6694701062074218,51
2025-05-11,secondary_pinned_archive,tokens,top50_plus_other_bucket,288603619977,0.0532249404814263,0.0693192046915988,0.07215209898085018,0.15050443343524797,0.3778330527063041,0.5282195367963474,0.7010692306254668,0.07215209898085018,13.859610657555633,3.0821352104306223,21.804910798890592,0.668736616563143,51
2025-05-12,secondary_pinned_archive,tokens,top50_plus_other_bucket,322905510657,0.0548379046426662,0.07835951550789524,0.08136671129349339,0.1592211305604284,0.40788517048847955,0.5733287514428694,0.7214700008277783,0.08136671129349334,12.290038322833961,2.986935090920167,19.824827987136477,0.6938535918580512,51
2025-05-13,secondary_pinned_archive,tokens,top50_plus_other_bucket,342403647632,0.05255666946147973,0.10030254085731063,0.10306474436219387,0.22883025108777327,0.4692491002335456,0.6210697107805161,0.7525958447439066,0.1030647443621939,9.702638920694,2.8431884532032443,17.170425448576502,0.7242137843749933,51
2025-05-14,secondary_pinned_archive,tokens,top50_plus_other_bucket,326602519998,0.053382058084263294,0.09937796318629724,0.1022276073116089,0.22384177465148672,0.47537991134590984,0.6178225439449629,0.7488061073089626,0.10222760731160896,9.782093372799112,2.852012687568141,17.322611783297496,0.7215560668722238,51
2025-05-15,secondary_pinned_archive,tokens,top50_plus_other_bucket,331569364598,0.05465184033202235,0.09064246239002226,0.09362928604169912,0.211016415499751,0.4567171690713957,0.5869090931966452,0.7231397149543721,0.09362928604169912,10.68041894023026,2.934821868387701,18.818150729078905,0.7010213434268779,51
2025-05-16,secondary_pinned_archive,tokens,top50_plus_other_bucket,298119972316,0.056042731183707804,0.09030480250919298,0.09344559022772232,0.20499539932943994,0.4546337127736472,0.5920664761262858,0.7279130295805191,0.09344559022772232,10.701414561811307,2.923907642868958,18.613881933735087,0.7045882289524713,51
2025-05-17,secondary_pinned_archive,tokens,top50_plus_other_bucket,264429024209,0.05274635869765949,0.09030702370200827,0.09308920205787043,0.20911156041363932,0.4556126084547245,0.586403231860969,0.7296243797749997,0.09308920205787041,10.7423844859937,2.927011362753135,18.671743956520768,0.7037051456264812,51
2025-05-18,secondary_pinned_archive,tokens,top50_plus_other_bucket,269232227294,0.05246523978563391,0.08311361646709084,0.0858662178528549,0.18557773024118746,0.4337735888596671,0.5698180373907225,0.7249617804849983,0.08586621785285489,11.646023605158147,2.9647828560075546,19.390492255388914,0.6986261252691861,51
2025-05-19,secondary_pinned_archive,tokens,top50_plus_other_bucket,333465897864,0.050918700436123586,0.0934283941155597,0.09602110816966339,0.2106964110394722,0.4573268196023944,0.6069240565418828,0.7377189043040611,0.0960211081696634,10.414376787164978,2.8922327710174036,18.033529425855967,0.714752255773658,51
2025-05-20,secondary_pinned_archive,tokens,top50_plus_other_bucket,332801509438,0.04953839029408423,0.09423126261730991,0.09668531473023892,0.21410541392173144,0.46324483722547893,0.6022530575671553,0.7319409776817143,0.09668531473023895,10.342832340051778,2.908056179165321,18.3211508970715,0.7058941664266696,51
2025-05-21,secondary_pinned_archive,tokens,top50_plus_other_bucket,339695778677,0.0474316979114434,0.09145489791538906,0.09370466388215148,0.2111660621023102,0.4508379534548784,0.5905960307259588,0.7275486341206442,0.09370466388215147,10.67182740506555,2.9287086420362134,18.703462030317556,0.7049636743736986,51
2025-05-22,secondary_pinned_archive,tokens,top50_plus_other_bucket,366743895165,0.04754062232762129,0.0887693716520102,0.09102948242330772,0.20084366422748712,0.4476112352276352,0.590778837271501,0.7264937607376628,0.09102948242330769,10.985451892934794,2.9458347849409883,19.026538826931606,0.7005676087919354,51
2025-05-23,secondary_pinned_archive,tokens,top50_plus_other_bucket,366523366643,0.04636359495069192,0.08749526406570225,0.08964484700245408,0.20252740925328858,0.4286622440337683,0.5899755348739368,0.7549613784256249,0.08964484700245408,11.155130868510764,2.9223280695265905,18.584503151113978,0.7108854673201526,51
2025-05-24,secondary_pinned_archive,tokens,top50_plus_other_bucket,307671303826,0.05019588148114744,0.08263443387952134,0.08515406039719074,0.1922906599487698,0.4164046222115482,0.573547352933497,0.743401726660059,0.08515406039719076,11.743421221907935,2.96514975666307,19.397607945003948,0.6973287170038374,51
2025-05-25,secondary_pinned_archive,tokens,top50_plus_other_bucket,321070374909,0.043587617988630915,0.08135029003146985,0.08325017047339267,0.19113466813122593,0.39484519455253675,0.5684795271121842,0.7494159498651871,0.08325017047339267,12.011987414723755,2.97373814201208,19.564919516597502,0.6971459522885252,51
2025-05-26,secondary_pinned_archive,tokens,top50_plus_other_bucket,388143121737,0.04281998667558936,0.08422753427572151,0.08606108553461916,0.19591329706346103,0.41503441137919755,0.5817938788517597,0.750370225700785,0.08606108553461918,11.61965357266772,2.9471694003107842,19.051948890643143,0.705896101926081,51
2025-05-27,secondary_pinned_archive,tokens,top50_plus_other_bucket,403216090874,0.04499303995948198,0.08043081607222538,0.08245518971702093,0.1893061373308452,0.40281244297801194,0.5678799975930348,0.7342506713639947,0.08245518971702095,12.127799395428148,2.9920607482156094,19.926704129391712,0.6927000139673363,51
2025-05-28,secondary_pinned_archive,tokens,top50_plus_other_bucket,391273310120,0.0438942034833214,0.08030185666365382,0.08222855776308904,0.18947188339338397,0.39624263040699326,0.560259899837709,0.7512927706795153,0.08222855776308906,12.161225092639071,2.9733459266288604,19.557247358859136,0.7006280464368988,51
2025-05-29,secondary_pinned_archive,tokens,top50_plus_other_bucket,379196749612,0.04574360791791733,0.07853061470108878,0.08062309236643693,0.18450294974729384,0.39309717497980057,0.5529007761261812,0.7409036771767442,0.0806230923664369,12.403394246588045,2.9925917678484284,19.93728841048361,0.6947738603402175,51
2025-05-30,secondary_pinned_archive,tokens,top50_plus_other_bucket,352460561300,0.05007576434339634,0.07856516625698819,0.08107274843156355,0.191478588393203,0.3967876673809292,0.5492346705401447,0.730582219500653,0.08107274843156352,12.334600952182306,3.0102096776450122,20.291654185476723,0.6863784630992583,51
2025-05-31,secondary_pinned_archive,tokens,top50_plus_other_bucket,288600168394,0.05048679967195376,0.07435226649924964,0.07690118344036563,0.1888515662942805,0.3922112062577482,0.5140630143758584,0.7117295574948471,0.07690118344036563,13.00370105195413,3.065192230303612,21.43858273637093,0.6689855265797983,51
2025-06-01,secondary_pinned_archive,tokens,top50_plus_other_bucket,295219520457,0.05220932848254864,0.07248364352771987,0.07520945750831853,0.1854813795484628,0.3823844477501024,0.5053150486596246,0.7075092063921392,0.0752094575083185,13.296200147293916,3.0702779490306544,21.54789105816348,0.669155797570699,51
2025-06-02,secondary_pinned_archive,tokens,top50_plus_other_bucket,364374914687,0.05123061765114973,0.07712218506577347,0.07974676125069176,0.19470284213155012,0.3935910485665403,0.5261639757492343,0.7250911215140964,0.07974676125069179,12.539694205967834,3.0159480113852197,20.408429195889934,0.6863987581669713,51
2025-06-03,secondary_pinned_archive,tokens,top50_plus_other_bucket,395741118681,0.045244328200408565,0.07301036742725932,0.07505741666156561,0.1697799689881602,0.3619055023909402,0.5233730479696652,0.7413842400453251,0.07505741666156562,13.323133735191107,3.021577690224357,20.5236461106876,0.6890552922286948,51
2025-06-04,secondary_pinned_archive,tokens,top50_plus_other_bucket,402370845061,0.04426788054512165,0.0725582859648131,0.07451793121277027,0.15810402257239997,0.3683403677260245,0.5316206802820694,0.7351352036680409,0.07451793121277024,13.419588865728315,3.023759413524082,20.568471908565847,0.6894457860462537,51
2025-06-05,secondary_pinned_archive,tokens,top50_plus_other_bucket,352830171237,0.04995533976078419,0.0663245616868281,0.06882009765744349,0.1466510563271634,0.3417417273422664,0.500807116609392,0.7079635266118234,0.06882009765744342,14.53063907257973,3.089344099830099,21.962667932876585,0.6694287272037737,51
2025-06-06,secondary_pinned_archive,tokens,top50_plus_other_bucket,304215269313,0.05823006702130388,0.055860813197439865,0.059251553902745405,0.1132317776678016,0.30769035106417664,0.4550323696427443,0.6699865101586805,0.05925155390274541,16.877194506010504,3.191588400510963,24.32703784993274,0.6388934561383808,51
2025-06-07,secondary_pinned_archive,tokens,top50_plus_other_bucket,270384691186,0.05678451791280624,0.055921610238952354,0.05914609171354217,0.11725114212620598,0.32871255559679396,0.43988570838938973,0.6617474519994735,0.05914609171354216,16.907287887139276,3.2135751464739784,24.86783363529984,0.6275780910009533,51
2025-06-08,secondary_pinned_archive,tokens,top50_plus_other_bucket,275452808619,0.05932879877294797,0.05418351077824694,0.0577034171420879,0.12080271941981116,0.3049207525495767,0.42607988781968253,0.6563087596796068,0.057703417142087904,17.329996203476426,3.2291737087663206,25.25877723957485,0.6226958257578008,51
2025-06-09,secondary_pinned_archive,tokens,top50_plus_other_bucket,318563944013,0.059192689974451394,0.0518177357800519,0.05532151032646342,0.11391437366345236,0.29818023100920565,0.4186185288864893,0.646412071388081,0.05532151032646342,18.076151466198187,3.255738661412268,25.938767425956424,0.6138182846211135,51
2025-06-10,secondary_pinned_archive,tokens,top50_plus_other_bucket,338769282506,0.054186447352040784,0.0678284097315217,0.07076458080815719,0.180240552385143,0.3620990528379072,0.4780225642303678,0.6722670431076242,0.0707645808081572,14.13136329756549,3.141743202408919,23.14417669898333,0.6453992357698897,51
2025-06-11,secondary_pinned_archive,tokens,top50_plus_other_bucket,324423607390,0.05876757369287447,0.06015814155441725,0.06361176927216468,0.1466597563777247,0.3461612091933777,0.4656226223371199,0.6503406735545207,0.06361176927216466,15.720361364600206,3.1947492972723874,24.40405476221724,0.6320517764184808,51
2025-06-12,secondary_pinned_archive,tokens,top50_plus_other_bucket,282516932434,0.0635016052858747,0.05470341307954654,0.05873586695342957,0.1266658974161131,0.31990885784204803,0.4409443493129472,0.6343250233465757,0.05873586695342957,17.025372261771142,3.2377868401515877,25.47727402655479,0.6186160868451046,51
2025-06-13,secondary_pinned_archive,tokens,top50_plus_other_bucket,296812822131,0.059420611230251705,0.05688039199337752,0.060411201032354235,0.13972542334675814,0.3296082352595311,0.4602709303801724,0.6413275599966705,0.06041120103235423,16.55322163623983,3.224530152213056,25.141758580645806,0.6238441676050637,51
2025-06-14,secondary_pinned_archive,tokens,top50_plus_other_bucket,260938723000,0.058890520327257063,0.06150403095583484,0.06497212434024992,0.14647065251790936,0.3529050005583112,0.48063778881526914,0.6591460485303289,0.06497212434024989,15.391216004622851,3.1783233793428747,24.00647004783657,0.6367633321537023,51
2025-06-15,secondary_pinned_archive,tokens,top50_plus_other_bucket,264394559195,0.06052572955254152,0.06446872744035789,0.06813209137822529,0.15481565293410954,0.36229459633983074,0.4888101445865307,0.6766782265441693,0.0681320913782253,14.67737126178392,3.1370711217354574,23.036297444849314,0.6509915512878915,51
2025-06-16,secondary_pinned_archive,tokens,top50_plus_other_bucket,316856763083,0.05780752704086034,0.06345429724249999,0.06679600742507978,0.1602682634919733,0.35347639382297624,0.47766783805196406,0.6759108368436477,0.06679600742507984,14.9709546805118,3.1415037394985967,23.138635190593323,0.6519630404886374,51
2025-06-17,secondary_pinned_archive,tokens,top50_plus_other_bucket,311927875980,0.060459740088151644,0.06536634036882566,0.06902172054035251,0.16955051894236925,0.3555239940181251,0.4859891600669886,0.6783507438513351,0.06902172054035254,14.488192878578921,3.1300651766735497,22.875470440923603,0.6542297050639115,51
2025-06-18,secondary_pinned_archive,tokens,top50_plus_other_bucket,345151126563,0.05809573628710138,0.060887262215806724,0.06426237679054715,0.15962338690192202,0.34530431030549114,0.46825949233719116,0.6499240095455833,0.06426237679054711,15.561204703948926,3.206757900342162,24.69888004608468,0.624059427777902,51
2025-06-19,secondary_pinned_archive,tokens,top50_plus_other_bucket,315354469724,0.06237418039837924,0.06436084970978898,0.06825138809015853,0.1721143806761438,0.3583557025080576,0.48050927725432446,0.6392955309479061,0.06825138809015856,14.651716660751609,3.1788705531307406,24.019609353399908,0.6302858584828399,51
2025-06-20,secondary_pinned_archive,tokens,top50_plus_other_bucket,325911386735,0.05365734791653413,0.06432722189256417,0.06720633287800015,0.16552366480789385,0.35729667074407445,0.4735137822676971,0.6638393463279558,0.06720633287800012,14.87955014321795,3.163020621230765,23.641901410762355,0.6404957170609932,51
2025-06-21,secondary_pinned_archive,tokens,top50_plus_other_bucket,320183191755,0.04534091006909733,0.0758833673547981,0.07793916548069207,0.15681138500055553,0.4258669910391093,0.5411696419766674,0.6982095426828693,0.07793916548069209,12.830519724357718,3.052042301895219,21.158512396486017,0.6720004582324436,51
2025-06-22,secondary_pinned_archive,tokens,top50_plus_other_bucket,319506734767,0.05012833242366519,0.07409319652545127,0.07660604623702875,0.15672388619137143,0.4147245651977597,0.5241067391681645,0.6858790604235926,0.07660604623702878,13.05379991686131,3.0695718425920924,21.532681324027426,0.6665579958677773,51
2025-06-23,secondary_pinned_archive,tokens,top50_plus_other_bucket,355834204069,0.055845995485432946,0.05926114310868842,0.06237991832044742,0.15282795281381908,0.3345287490291898,0.4601832733349247,0.6437140814899958,0.06237991832044741,16.030800086383113,3.2020344873684277,24.58249212613441,0.6320164285518356,51
2025-06-24,secondary_pinned_archive,tokens,top50_plus_other_bucket,371824750027,0.05385582490016034,0.06259387511475076,0.06549432499042748,0.1546076788831986,0.34768516529524324,0.485154460817632,0.6632689148479001,0.06549432499042751,15.26849845610528,3.17225076489672,23.86112975544078,0.6397411361871727,51
2025-06-25,secondary_pinned_archive,tokens,top50_plus_other_bucket,383015104888,0.05140812636033691,0.06509406929271289,0.06773686474859325,0.15615764086246586,0.38100246338763133,0.4825736247270149,0.6632188073190494,0.06773686474859321,14.763009827979504,3.16310598951167,23.64391976539363,0.6403053721603675,51
2025-06-26,secondary_pinned_archive,tokens,top50_plus_other_bucket,373973432435,0.048121350652704155,0.06827985259992704,0.07059551698856756,0.15870537281900593,0.38159882799910905,0.49199423131475956,0.6961218452790705,0.07059551698856757,14.165205421782558,3.1092524595585536,22.40429002638374,0.6605090374941871,51
2025-06-27,secondary_pinned_archive,tokens,top50_plus_other_bucket,333429689986,0.05445367264613524,0.06109140092005025,0.0640566033847027,0.13879867649741442,0.35550484543826033,0.46514358098258135,0.674907128688656,0.06405660338470272,15.611193025554783,3.1729851497651573,23.87865944405818,0.6401236284062106,51
2025-06-28,secondary_pinned_archive,tokens,top50_plus_other_bucket,259521603134,0.05538428955210525,0.06121215009653372,0.06427956962572515,0.13819340304584232,0.33610825058352267,0.4682753359004611,0.668478528049258,0.06427956962572515,15.557042553685562,3.182332158804421,24.10289984566702,0.633822212004905,51
2025-06-29,secondary_pinned_archive,tokens,top50_plus_other_bucket,281077592894,0.054752128899878995,0.05959520128473212,0.06259299690380109,0.13441484985695026,0.3238566426507317,0.4605155376217223,0.6740771695858807,0.06259299690380107,15.976228163941343,3.182234709273082,24.100551143814958,0.637420857267073,51
2025-06-30,secondary_pinned_archive,tokens,top50_plus_other_bucket,315454333288,0.053771085498178675,0.059948827673279526,0.06284015730893197,0.15087223879580947,0.33199608786602125,0.45625642562214597,0.6645247890147601,0.06284015730893196,15.913391099322762,3.196803022815573,24.454225493661923,0.6314704172348714,51
2025-07-01,secondary_pinned_archive,tokens,top50_plus_other_bucket,347819643900,0.05359606064791328,0.07609850502850796,0.07897104274548275,0.18433311919677922,0.40804839300509677,0.5253163324626129,0.7105827306293784,0.07897104274548278,12.662869391542902,3.035960311603466,20.820962914300967,0.6782767904982754,51
2025-07-02,secondary_pinned_archive,tokens,top50_plus_other_bucket,307981945626,0.05935145907610261,0.062089981736576545,0.06561257743103883,0.15146274268182935,0.3399569267418808,0.4756613752544357,0.6750354132493962,0.06561257743103883,15.240980299105544,3.1662934744533513,23.71940464315283,0.6386762577913916,51
2025-07-03,secondary_pinned_archive,tokens,top50_plus_other_bucket,311736368098,0.061200780766786644,0.06114109855998611,0.06488663412645039,0.15178373156681288,0.3353248315099962,0.46662491416231155,0.6723121914576019,0.06488663412645036,15.411494423508097,3.17624122534619,23.956536882589837,0.6328081215625387,51
2025-07-04,secondary_pinned_archive,tokens,top50_plus_other_bucket,299561203271,0.060045659176123777,0.06209951964055453,0.06570500082644976,0.15206099753776015,0.33245571610254376,0.47289858382910976,0.6806827043338284,0.06570500082644969,15.219541700354837,3.150969575947691,23.358701640274898,0.6443836257382324,51
2025-07-05,secondary_pinned_archive,tokens,top50_plus_other_bucket,253061798022,0.061267602392725086,0.06365294822449358,0.06740666732744663,0.13897431931208584,0.3420781025371292,0.4878793746508774,0.6874500990855842,0.06740666732744661,14.835327715316678,3.129008368968254,22.851308237149716,0.6499574383927829,51
2025-07-06,secondary_pinned_archive,tokens,top50_plus_other_bucket,274289625800,0.0604118257723767,0.0684022838095962,0.07205187250274821,0.14375398837997175,0.36354320725826006,0.5143822952563158,0.6989914373750259,0.07205187250274822,13.878889822909985,3.0846456975922,21.859720518272248,0.6628006812453948,51
2025-07-07,secondary_pinned_archive,tokens,top50_plus_other_bucket,333244344472,0.05352797544475292,0.06882502225607974,0.07169026641129381,0.1498134956051588,0.3742201885213934,0.515631236008681,0.7026083157479454,0.07169026641129381,13.948895018228916,3.0815169179200317,21.791433152842707,0.6664816950581344,51
2025-07-08,secondary_pinned_archive,tokens,top50_plus_other_bucket,348300492893,0.051280730680697134,0.07220653065545245,0.07483624399459864,0.16452179015607604,0.380004815863584,0.5279643040714622,0.7180183738006596,0.07483624399459861,13.362509215082683,3.048631519453377,21.086468247211684,0.6778770888058825,51
2025-07-09,secondary_pinned_archive,tokens,top50_plus_other_bucket,350738237774,0.052920941417172004,0.06816691402874113,0.07096754006922087,0.15165621404323273,0.3555799683334244,0.5127688850278302,0.7059664970648236,0.07096754006922087,14.090949172320363,3.0807192133141075,21.774056957703863,0.6677933221602337,51
2025-07-10,secondary_pinned_archive,tokens,top50_plus_other_bucket,375287543974,0.05587551368465553,0.06903447349194604,0.07215654652147016,0.15269127284429662,0.35854262264383097,0.520532034296704,0.7099410638298682,0.07215654652147019,13.858756387439493,3.0581332207752774,21.287780460114494,0.677192099196989,51
2025-07-11,secondary_pinned_archive,tokens,top50_plus_other_bucket,353861055816,0.0592459873230618,0.06710967098264613,0.07061975799653053,0.156106618270318,0.35381654468668694,0.502355453608982,0.7034432059696153,0.07061975799653053,14.160343059362068,3.083413573611287,21.83280321853621,0.6668077330103992,51
2025-07-12,secondary_pinned_archive,tokens,top50_plus_other_bucket,300696977506,0.056838997407810544,0.06411024240055022,0.06734091402687531,0.12438879878083799,0.35347332694050493,0.49284876506962194,0.699381199905156,0.0673409140268753,14.849813288855968,3.1210198946909267,22.66948834776163,0.6518216703273716,51
2025-07-13,secondary_pinned_archive,tokens,top50_plus_other_bucket,309570142792,0.05476226235871381,0.06699735966321914,0.06999626504186374,0.13232696821968393,0.35816274447532187,0.5257883028285578,0.7026152906875904,0.06999626504186374,14.286476562741093,3.0935286773388504,22.05476497836307,0.662272962171227,51
2025-07-14,secondary_pinned_archive,tokens,top50_plus_other_bucket,372143032204,0.055413246855299705,0.06734507960926267,0.07041570753630905,0.17426897872280767,0.35057098400671793,0.4902502413399721,0.68484191669157,0.07041570753630902,14.201376865869905,3.1281774172826173,22.832327791060028,0.6485456205662705,51
2025-07-15,secondary_pinned_archive,tokens,top50_plus_other_bucket,371609283604,0.05677538101949856,0.0664815065305375,0.06970495042044673,0.16854585810279207,0.36265938577200113,0.49415514244979264,0.6768961483132668,0.06970495042044675,14.34618336241822,3.1278848261591286,22.825648231857294,0.6522311884256968,51
2025-07-16,secondary_pinned_archive,tokens,top50_plus_other_bucket,393212930827,0.049257120195066735,0.07247760366085569,0.07490386755076694,0.17841002623300029,0.3674159441454456,0.5369288882945935,0.6946636703236416,0.07490386755076694,13.350445480298312,3.0872602712452153,21.916949149235737,0.6604375954252275,51
2025-07-17,secondary_pinned_archive,tokens,top50_plus_other_bucket,387832453655,0.049235275815742253,0.07354995447084418,0.0759740668554964,0.1745687322681516,0.375732713437715,0.5436385914974391,0.705879606446057,0.0759740668554964,13.162386079739711,3.0571722633935,21.267333636176335,0.6727020426558813,51
2025-07-18,secondary_pinned_archive,tokens,top50_plus_other_bucket,384226470319,0.05064727995664515,0.07482900300594882,0.0773941499729556,0.18244534077987895,0.38144995616860405,0.5421886644432431,0.7054637126873561,0.07739414997295564,12.920873222968877,3.0588518427458253,21.303083824865823,0.6701115667699709,51
2025-07-19,secondary_pinned_archive,tokens,top50_plus_other_bucket,345796902507,0.04505672903384264,0.07242719234401293,0.07445730117524205,0.1589213654101125,0.37188061590111215,0.5373655715618749,0.7212075717709807,0.07445730117524206,13.430516339108353,3.054463222431704,21.209797527233363,0.6752657995460062,51
2025-07-20,secondary_pinned_archive,tokens,top50_plus_other_bucket,339423137933,0.0446768124805721,0.07469909475220803,0.07669511232563223,0.17511840679739674,0.3923682769684625,0.5427926281954506,0.7149253517092286,0.07669511232563223,13.038640529714572,3.0538114451844818,21.195977967913315,0.6742442561849813,51
2025-07-21,secondary_pinned_archive,tokens,top50_plus_other_bucket,411420971977,0.05006551606501845,0.07807320351334489,0.08057975941220151,0.1924286638611749,0.40823585680116814,0.5410524082263949,0.7006498477844122,0.08057975941220155,12.410064354803447,3.0483556149746813,21.080651198694174,0.6705379401207189,51
2025-07-22,secondary_pinned_archive,tokens,top50_plus_other_bucket,439002125731,0.04672536333586941,0.07735359553148324,0.07953685511035226,0.19510829095275073,0.400845767060881,0.540938371987548,0.689653758580014,0.07953685511035227,12.572787780112305,3.07285284940238,21.603446224673753,0.6609606671230707,51
2025-07-23,secondary_pinned_archive,tokens,top50_plus_other_bucket,464710917479,0.049022329545398445,0.07671939968022516,0.0791225884742828,0.19293990833785768,0.40254450768192557,0.5330556119615893,0.6803312046941246,0.07912258847428279,12.63861584009009,3.0822056614145987,21.80644703042577,0.6574611444217392,51
2025-07-24,secondary_pinned_archive,tokens,top50_plus_other_bucket,480589511202,0.044585239892998375,0.07169337019892225,0.07368121381523846,0.18796274901020785,0.37537261387124765,0.4963071151936688,0.691168772712528,0.07368121381523846,13.571980539131454,3.1154046768934314,22.542550957412807,0.6543188414833566,51
2025-07-25,secondary_pinned_archive,tokens,top50_plus_other_bucket,444545364757,0.04739917796582583,0.07575757199780418,0.0780042540696402,0.2079316579322054,0.3834044271435993,0.5017795427153591,0.6846127311041942,0.07800425406964019,12.819813636154072,3.101571409856759,22.232860782268407,0.6537652098640949,51
2025-07-26,secondary_pinned_archive,tokens,top50_plus_other_bucket,374916246404,0.04896856665479548,0.06279325941021123,0.06519117993043638,0.16766339063968966,0.3381951214948663,0.4758695351727935,0.6581380468322309,0.06519117993043642,15.3394983963639,3.190713922429931,24.30577368743362,0.6322444372732969,51
2025-07-27,secondary_pinned_archive,tokens,top50_plus_other_bucket,381299360956,0.050854579909032686,0.0719048622687539,0.07449105056647809,0.18776831903807414,0.3706238098240806,0.5126521975040936,0.6923709408641372,0.07449105056647809,13.424431423578453,3.104782250395474,22.304361680522874,0.6551956496387124,51
2025-07-28,secondary_pinned_archive,tokens,top50_plus_other_bucket,481812982036,0.05458499529187642,0.0771427725244481,0.08012229423546227,0.21058550307268167,0.3922783226726713,0.5082395396782883,0.6898119100476352,0.08012229423546229,12.480920691826595,3.0912766850639217,22.005153701079863,0.6516873398011624,51
2025-07-29,secondary_pinned_archive,tokens,top50_plus_other_bucket,514471143689,0.054440594372637985,0.07761357518489817,0.08057735350054428,0.21471981275742427,0.38416617087561217,0.4982008592360244,0.6954122955169537,0.08057735350054429,12.410434899593037,3.083497181890674,21.834628697959037,0.655305565445646,51
2025-07-30,secondary_pinned_archive,tokens,top50_plus_other_bucket,509064942422,0.054163616828170724,0.07121357342139252,0.07414727080930142,0.2035499881822581,0.35892163875338146,0.4750902908857391,0.6661492874673051,0.07414727080930139,13.486673064095505,3.1342401365443013,22.971174252814027,0.6459963535866539,51
2025-07-31,secondary_pinned_archive,tokens,top50_plus_other_bucket,498032267972,0.055328988692253195,0.060481854031111684,0.06354315102081917,0.16480573604844126,0.3395524549033989,0.44795056548734036,0.6523736527695561,0.06354315102081919,15.737337288677445,3.2051276757200955,24.65864812613947,0.6286322313771457,51
2025-08-01,secondary_pinned_archive,tokens,top50_plus_other_bucket,499064274817,0.052340339307152935,0.06171419792207203,0.06445370904085992,0.16275860714290724,0.3348802222164331,0.46975907357216845,0.6641986651910686,0.06445370904085992,15.515010926152563,3.185319188166997,24.17500354955843,0.6361955272354294,51
2025-08-02,secondary_pinned_archive,tokens,top50_plus_other_bucket,456016334999,0.05071088908920491,0.0538652086976225,0.05643680296984014,0.13372427384894825,0.308546353128575,0.428481075818103,0.6325001148119671,0.05643680296984014,17.71893423045952,3.2483987735459747,25.749076787283244,0.6193568465349629,51
2025-08-03,secondary_pinned_archive,tokens,top50_plus_other_bucket,449623336077,0.051099309672097075,0.05990138973551032,0.0625125291844752,0.13880849897281966,0.32053598217446333,0.4573853809575874,0.6958329847083845,0.0625125291844752,15.996793171637457,3.159468754034715,23.558077470566147,0.6480427553394943,51
2025-08-04,secondary_pinned_archive,tokens,top50_plus_other_bucket,537927259052,0.05104701563254588,0.059897009714577794,0.06250280751956717,0.15851792369710915,0.3266480334342274,0.45538071093794524,0.6544252198492323,0.06250280751956717,15.999281307274705,3.200196722821442,24.537356780400806,0.63322793977661,51
2025-08-05,secondary_pinned_archive,tokens,top50_plus_other_bucket,539539996362,0.05122507473469404,0.05818784362919742,0.06081185191077241,0.1544979495441738,0.31944282106263294,0.4458455945471815,0.6489761386829063,0.060811851910772416,16.444162915269757,3.219226949589058,25.00877965930894,0.6263478645594007,51
2025-08-06,secondary_pinned_archive,tokens,top50_plus_other_bucket,552586703600,0.05082011709302373,0.05876398852252216,0.0613466728238708,0.15232701310332433,0.32136981207848236,0.44144368245345533,0.6638256452575274,0.06134667282387081,16.30080253693704,3.203533754761991,24.619375497140528,0.6316793196812295,51
2025-08-07,secondary_pinned_archive,tokens,top50_plus_other_bucket,548248080187,0.0562589455679983,0.05639244812852847,0.05955751708495147,0.15526502874933085,0.3014974121671707,0.4314094778705407,0.6491345314417003,0.05955751708495147,16.790491762334938,3.235413458596557,25.416878433551318,0.6177873496192139,51
2025-08-08,secondary_pinned_archive,tokens,top50_plus_other_bucket,486043209609,0.060179495809704206,0.05605591632075737,0.05967748803666757,0.15626044398829855,0.31985503307836216,0.4305326312311579,0.6270220990993077,0.05967748803666757,16.75673747168398,3.2539111838612613,25.891408197928097,0.6096630275962539,51
2025-08-09,secondary_pinned_archive,tokens,top50_plus_other_bucket,378181043372,0.06283211867556897,0.05442241067813904,0.058370285815399825,0.1429142904125839,0.3163570422918189,0.4391296065933262,0.6270645283844436,0.05837028581539983,17.132004512751074,3.2582784086255265,26.00472906573114,0.6093106653414309,51
2025-08-10,secondary_pinned_archive,tokens,top50_plus_other_bucket,388699957625,0.06456668374328074,0.053915487108259795,0.05808434375786463,0.13430696320621963,0.3177310499558869,0.4420827067462174,0.6342311010433314,0.05808434375786463,17.216343257120812,3.2653454052787847,26.189155301244718,0.6043707462140131,51
2025-08-11,secondary_pinned_archive,tokens,top50_plus_other_bucket,478600254157,0.06258632941965372,0.054756773040113144,0.058673821670338556,0.15285254347567093,0.3148681930861777,0.4237992993469316,0.6261272058470283,0.058673821670338556,17.043375930385853,3.2640508340306447,26.15527350970715,0.6053091062597256,51
2025-08-12,secondary_pinned_archive,tokens,top50_plus_other_bucket,519093889487,0.058202132159285665,0.057158293373231285,0.06054578156111824,0.15700918219543233,0.3293645301044942,0.4342350424289574,0.6311684791412001,0.06054578156111825,16.516427308656425,3.2455491442167346,25.675805909872288,0.6121067363512512,51
2025-08-13,secondary_pinned_archive,tokens,top50_plus_other_bucket,486377558919,0.061480196903944524,0.05712154837381514,0.06090136298516293,0.16451583353442872,0.33103073105355485,0.4346169083927739,0.6170829383865215,0.060901362985162924,16.419993756849493,3.267675910397158,26.250260436979485,0.5997798842644324,51
2025-08-14,secondary_pinned_archive,tokens,top50_plus_other_bucket,477464329038,0.060024309143142454,0.059998199524808185,0.06360111721291972,0.17325938260073906,0.3317108168145374,0.44396548426789245,0.6377510982810308,0.06360111721291974,15.722994246347344,3.239426329355327,25.519078001480988,0.60858930062953,51
2025-08-15,secondary_pinned_archive,tokens,top50_plus_other_bucket,445390829459,0.06391931137554033,0.05856474199848458,0.06265042036520786,0.16635016195550195,0.33413936899143026,0.43845383210113126,0.6347953815179003,0.06265042036520788,15.961584841262093,3.2390752990711245,25.510121604352825,0.6103779110122903,51
2025-08-16,secondary_pinned_archive,tokens,top50_plus_other_bucket,389454674939,0.06201157734152943,0.053892280538125156,0.05773771626250964,0.14585422032460416,0.3138995539908408,0.4279116859159608,0.6252730745449175,0.05773771626250964,17.319701310204433,3.267862829309676,26.255167565716974,0.6052666003914916,51
2025-08-17,secondary_pinned_archive,tokens,top50_plus_other_bucket,407273603704,0.06176708330767013,0.0542810814518895,0.05809625403222616,0.1479982108705662,0.32114115254829473,0.4243913500459014,0.6201656826366999,0.05809625403222615,17.212813746051463,3.2706339816212435,26.328025537651214,0.6030020271832156,51
2025-08-18,secondary_pinned_archive,tokens,top50_plus_other_bucket,485260347251,0.06028881299643366,0.05889875848282665,0.0625334994553456,0.15868611043376638,0.35208691517220997,0.4469397489278433,0.6229956590407912,0.06253349945534561,15.991428733555642,3.2448806095806293,25.658646480787063,0.6078609929916198,51
2025-08-19,secondary_pinned_archive,tokens,top50_plus_other_bucket,493722773971,0.062194670630696176,0.0567223904164202,0.060590567471280984,0.16966548361190303,0.3286099840890258,0.4231157481896315,0.6077130093549699,0.060590567471280964,16.504219084496697,3.2895152468398168,26.829854646247014,0.5878665455838977,51
2025-08-20,secondary_pinned_archive,tokens,top50_plus_other_bucket,493617116586,0.06302840317041469,0.05726159477648889,0.061234174382701234,0.17223799142343463,0.31719612097106265,0.42205819888480905,0.6134417625735715,0.06123417438270124,16.330750109411156,3.282388803711527,26.639332890520887,0.5895670771237925,51
2025-08-21,secondary_pinned_archive,tokens,top50_plus_other_bucket,469360617547,0.06705894035911146,0.05435818010791356,0.05885508159000043,0.1703360881721062,0.3087482603405447,0.40811492272638017,0.5844882110002103,0.058855081590000434,16.990886308955545,3.3287916498087147,27.904602791010937,0.5672539134828747,51
2025-08-22,secondary_pinned_archive,tokens,top50_plus_other_bucket,459620039867,0.0630418542594108,0.055039796841772286,0.05901407223023708,0.16829180381774217,0.30529556282098647,0.41250692162566155,0.6002345778065535,0.059014072230237094,16.94511092368964,3.304744572590902,27.24158245323619,0.5827829731424232,51
2025-08-23,secondary_pinned_archive,tokens,top50_plus_other_bucket,397945064237,0.06292181560791399,0.04914942101976218,0.0531085758991585,0.14305348308855095,0.28108804035418855,0.3949350782207476,0.6000492541095782,0.0531085758991585,18.829350685259946,3.3436071679621104,28.32110164497465,0.5716891272804564,51
2025-08-24,secondary_pinned_archive,tokens,top50_plus_other_bucket,407889643724,0.06600326918380135,0.04778660806441912,0.052143039607368456,0.1422257689931797,0.27178907772665534,0.3887753461578495,0.5842242145947836,0.05214303960736845,19.17801508178069,3.35587787424643,28.670762470186165,0.5683101712857517,51
2025-08-25,secondary_pinned_archive,tokens,top50_plus_other_bucket,493622049699,0.06415676507423278,0.05563477678627509,0.059750867291065386,0.17402753870574114,0.3082679871954437,0.411221509500594,0.5866823319877856,0.05975086729106538,16.73615874274567,3.310290204636903,27.39307391557916,0.5782540077228682,51
2025-08-26,secondary_pinned_archive,tokens,top50_plus_other_bucket,503923094951,0.06653579691413082,0.060364343523143744,0.0647913557941422,0.18482788411405626,0.3318840395304016,0.4307617105763079,0.5966902542187272,0.06479135579414219,15.434157654876707,3.2666181756039823,26.222509302442976,0.5918258268784237,51
2025-08-27,secondary_pinned_archive,tokens,top50_plus_other_bucket,521637394678,0.06490195399794609,0.05969760087803934,0.06390986451079085,0.18056829812046546,0.32554032611834505,0.43247079730596305,0.6103612393193865,0.06390986451079084,15.647036770531024,3.2690875495022347,26.287342498216773,0.5910638921478356,51
2025-08-28,secondary_pinned_archive,tokens,top50_plus_other_bucket,535672761499,0.062140640421684275,0.05988373242968729,0.06374519162170435,0.15680393627996111,0.3603837277273252,0.45540065405482716,0.6254850964465654,0.06374519162170438,15.687457744805235,3.2379493838778783,25.48141553418972,0.6084163677242486,51
2025-08-29,secondary_pinned_archive,tokens,top50_plus_other_bucket,610251515109,0.05543766436197589,0.0685625292770938,0.0716358639070049,0.15815903115416383,0.37736354767897196,0.509192137632789,0.6797324239693353,0.07163586390700484,13.959488243181722,3.131889282406939,22.917235798342126,0.6420794891481296,51
2025-08-30,secondary_pinned_archive,tokens,top50_plus_other_bucket,521523584511,0.056628461743856356,0.07039141012308821,0.0735981928025636,0.18821064796146278,0.3767390793481093,0.5010482659303176,0.6625961901780714,0.07359819280256362,13.587290148314176,3.1487898232331952,23.307840899024796,0.6345990737414099,51
2025-08-31,secondary_pinned_archive,tokens,top50_plus_other_bucket,538615331454,0.05345676229689539,0.0896079883984448,0.09246561383371157,0.21598176463889826,0.4736182462470184,0.5551594453778324,0.6759406849414817,0.09246561383371155,10.814831141427142,3.0258114523132016,20.610722545902508,0.6533413018659886,51
2025-09-01,secondary_pinned_archive,tokens,top50_plus_other_bucket,713177483965,0.047847363290670936,0.10928612926809285,0.1115754994419623,0.23190507055059617,0.530290755685944,0.6017115675542835,0.7107286436609873,0.11157549944196228,8.962541104466805,2.8797548156452004,17.809905933948464,0.6895628436848913,51
2025-09-02,secondary_pinned_archive,tokens,top50_plus_other_bucket,640458972964,0.05954764092928668,0.09462040501426223,0.0981663265545055,0.24971980346505335,0.4528062071156289,0.5329231325301226,0.6780061951328272,0.09816632655450547,10.186792509188617,3.0136041130679563,20.36064992978479,0.657373543741693,51
2025-09-03,secondary_pinned_archive,tokens,top50_plus_other_bucket,697991366083,0.05305974732729866,0.09575558852575705,0.09857092531219383,0.24544193244308457,0.4698920549011475,0.548246782657904,0.6927408100840354,0.09857092531219386,10.14497933171267,2.9930082555759205,19.945593775847367,0.6652905388881394,51
2025-09-04,secondary_pinned_archive,tokens,top50_plus_other_bucket,668785563468,0.04993259245584455,0.09699480149591212,0.09948806528527358,0.2502646678138238,0.45426325106602927,0.5319491508013425,0.6937100873383292,0.09948806528527361,10.05145689719249,2.996999061430583,20.025351811825495,0.6646126856305554,51
2025-09-05,secondary_pinned_archive,tokens,top50_plus_other_bucket,656252833815,0.0549794749490883,0.0930244628208885,0.09604720548656592,0.24708806374116365,0.4510678003753162,0.5290527608218676,0.6712510393138834,0.09604720548656595,10.411547060990435,3.0369334973630187,20.841235441776874,0.6488102092159628,51
2025-09-06,secondary_pinned_archive,tokens,top50_plus_other_bucket,603488321805,0.05877384174214542,0.07993675614370585,0.08339112061683661,0.23145273118662482,0.39214181239693924,0.4704027998983028,0.6436831770715162,0.08339112061683662,11.9916843976084,3.136917866650068,23.032767285631685,0.6241623114520988,51
2025-09-07,secondary_pinned_archive,tokens,top50_plus_other_bucket,619571722342,0.05418957220818281,0.09019698696656309,0.09313349670266895,0.2572738075770546,0.40851522478665964,0.48995720820911615,0.6587291403233453,0.09313349670266896,10.73727536712731,3.0885281394348363,21.944754574958235,0.6340093274377977,51
2025-09-08,secondary_pinned_archive,tokens,top50_plus_other_bucket,762151554820,0.051097981458815805,0.0911669236946039,0.09377792740376939,0.24894643844662936,0.4349594390780882,0.5033034364085167,0.6461463841798581,0.0937779274037694,10.663490095002942,3.072776122648035,21.60178872595033,0.6381574997271074,51
2025-09-09,secondary_pinned_archive,tokens,top50_plus_other_bucket,748493026824,0.05525754799145955,0.09103493984932892,0.09408833645935738,0.25274089684536555,0.4299879081380913,0.5007097275351436,0.6480545427473404,0.09408833645935734,10.628309922685931,3.0691338906701744,21.52325310956054,0.6413069610373109,51
2025-09-10,secondary_pinned_archive,tokens,top50_plus_other_bucket,749592748652,0.052607187518708645,0.08688334941501766,0.08965086559364624,0.23979195109509738,0.42506745600059626,0.5071255789328343,0.6479054889183182,0.08965086559364627,11.154381983690206,3.0957090385805675,22.10290479514113,0.6340747507236919,51
2025-09-11,secondary_pinned_archive,tokens,top50_plus_other_bucket,731589502627,0.05465993891165516,0.07938098376386643,0.0823686926856923,0.2204669485850102,0.4126828332239353,0.48757622797912936,0.6385796296016432,0.08236869268569229,12.140535043039517,3.1236512770189435,22.72921899139973,0.6337175055513743,51
2025-09-12,secondary_pinned_archive,tokens,top50_plus_other_bucket,682942968401,0.06235483825934307,0.07888904431021912,0.08277717016456795,0.2248677002437897,0.4083353258324457,0.4852816090748621,0.6370463233725608,0.08277717016456797,12.0806255880929,3.1281992808803225,22.832826993346682,0.6303452356619388,51
2025-09-13,secondary_pinned_archive,tokens,top50_plus_other_bucket,613463442764,0.05926772044179849,0.08218706050045939,0.08569972318682657,0.23218941113789676,0.40874924988556294,0.48407268582138013,0.6378640907450713,0.08569972318682659,11.668649125271806,3.1179267158133106,22.599475901569658,0.6290598609715258,51
2025-09-14,secondary_pinned_archive,tokens,top50_plus_other_bucket,609240434697,0.06111710072152135,0.08704539031808728,0.09078069031869186,0.2449818565756055,0.4133534438324766,0.4967658253124976,0.6494789147798308,0.09078069031869188,11.015558446288864,3.08192872322371,21.800408828578387,0.6412993433359616,51
2025-09-15,secondary_pinned_archive,tokens,top50_plus_other_bucket,725965796379,0.05354054296479298,0.08692669975757532,0.08979328949854017,0.23427304691667666,0.42829852874456203,0.5114091269737672,0.6586554700730964,0.0897932894985402,11.136689674524703,3.0777166859486167,21.70877780609204,0.6425904823981319,51
2025-09-16,secondary_pinned_archive,tokens,top50_plus_other_bucket,803652511533,0.05112416157528912,0.09103099261761421,0.09364467251439049,0.2408634256013913,0.44235033947306024,0.5262015833862486,0.6608026807394523,0.0936446725143905,10.67866407292234,3.0572658463897677,21.269323990110827,0.6445201105718426,51
2025-09-17,secondary_pinned_archive,tokens,top50_plus_other_bucket,750120281892,0.05467216819355992,0.09346089034664876,0.09644993632163366,0.24374638384904332,0.44189014698275303,0.543549684028812,0.6923027717277063,0.09644993632163366,10.368073200849803,3.007245149301946,20.231588079343776,0.6641491974640494,51
2025-09-18,secondary_pinned_archive,tokens,top50_plus_other_bucket,748597258835,0.05837181343811379,0.09353034030404027,0.09693760890809423,0.24753134241684777,0.4371364156599557,0.543335894455433,0.6922570655514815,0.09693760890809422,10.3159136197396,2.9957059203281045,19.999472942427133,0.670368899016515,51
2025-09-19,secondary_pinned_archive,tokens,top50_plus_other_bucket,710109208550,0.056126475492950426,0.09114158292376182,0.09429176417502258,0.24376501936858314,0.4326498403426457,0.5413079945814203,0.6928143955034478,0.09429176417502264,10.605380106621173,3.0109825583022034,20.30734327461487,0.6680468221301401,51
2025-09-20,secondary_pinned_archive,tokens,top50_plus_other_bucket,571331950922,0.0628931242791735,0.08405571116444799,0.08801125624604356,0.2192449909774101,0.4251188707966365,0.5452081741294498,0.7010221631376603,0.08801125624604357,11.362183005369312,3.0020835948778024,20.127430674685403,0.6818880426890547,51
2025-09-21,secondary_pinned_archive,tokens,top50_plus_other_bucket,607595765850,0.058125610662531906,0.08347203021922199,0.08685061683411423,0.19017109426915538,0.443127910029691,0.5530732433115094,0.7090423555886931,0.08685061683411423,11.514023002392863,2.992085624239877,19.927199832732747,0.6861218792819939,51
2025-09-22,secondary_pinned_archive,tokens,top50_plus_other_bucket,708182416131,0.05718686816351074,0.08544328386536157,0.08871362175571233,0.19339460350518686,0.45492608607554674,0.5693192484638296,0.7190960870112856,0.08871362175571232,11.272226070914634,2.9705021592031877,19.50171010083437,0.6900622970779471,51
2025-09-23,secondary_pinned_archive,tokens,top50_plus_other_bucket,742472408316,0.059490903782111824,0.08722781845352684,0.09076698608633933,0.19268728176914396,0.4622885712446796,0.5782171617416971,0.7240661137608162,0.09076698608633928,11.017221603555075,2.954408786575272,19.190373758742936,0.6912727072607624,51
2025-09-24,secondary_pinned_archive,tokens,top50_plus_other_bucket,776032293626,0.05767253371619291,0.08695411489977811,0.09028023604502353,0.19977214165614965,0.4608548226581402,0.5681613770373484,0.7108292265835141,0.09028023604502357,11.076621460108843,2.9702667847172517,19.497120436010704,0.6890496974240846,51
2025-09-25,secondary_pinned_archive,tokens,top50_plus_other_bucket,788701352249,0.053417111010225754,0.0983233224694116,0.10117671021809038,0.22476250329038885,0.49179261771893557,0.5992949483491891,0.7296757106044757,0.10117671021809044,9.883697521341226,2.899515093633484,18.165334746983536,0.7020114899307848,51
2025-09-26,secondary_pinned_archive,tokens,top50_plus_other_bucket,774854727313,0.05599074661962396,0.10643909296668688,0.10957405667370981,0.2300590419744468,0.5182673163350042,0.6239741860111232,0.7401857862129579,0.1095740566737098,9.126247857901303,2.8367923919172506,17.060952825111745,0.7121012857472243,51
2025-09-27,secondary_pinned_archive,tokens,top50_plus_other_bucket,717589473264,0.047487734093979994,0.11462497156668128,0.11688005645606182,0.2494024638474006,0.5189548110929381,0.6168808073528463,0.7502681935788784,0.11688005645606178,8.555779577125081,2.815516325571245,16.70179711936936,0.7157247752676039,51
2025-09-28,secondary_pinned_archive,tokens,top50_plus_other_bucket,750147399913,0.04953046059788936,0.0998307278635644,0.10228399439060347,0.20840540506323327,0.4993522153718638,0.597425937477056,0.7347805272309494,0.10228399439060344,9.776700704327082,2.8953596266785455,18.09000592033954,0.6989685065265983,51
2025-09-29,secondary_pinned_archive,tokens,top50_plus_other_bucket,838856679073,0.057763430961230114,0.09589175705402243,0.09922837101043523,0.20969457441929992,0.4912247026135207,0.5897372310985071,0.719316312418,0.09922837101043519,10.07776294034734,2.915102096023869,18.450696049293125,0.6957524774460617,51
2025-09-30,secondary_pinned_archive,tokens,top50_plus_other_bucket,908756341363,0.05851561996061916,0.08575832642861672,0.08918240420799234,0.1875847251027949,0.44825043032550904,0.5683767434825295,0.7163312413673398,0.08918240420799234,11.212974228276996,2.9769622780518317,19.628101277290188,0.6849822104427634,51
2025-10-01,secondary_pinned_archive,tokens,top50_plus_other_bucket,775173608351,0.05842549137649776,0.07992488487286477,0.08333842291544999,0.19028776172576942,0.4143283038031021,0.5324636675131814,0.689362565897669,0.08333842291544998,11.999267144934317,3.051137686277979,21.1393807304412,0.6635059505485231,51
2025-10-02,secondary_pinned_archive,tokens,top50_plus_other_bucket,756705726947,0.06038209012814866,0.07456234300318737,0.07820833981143124,0.18512603020356377,0.3987718659530311,0.5101586964255108,0.6637719504892552,0.07820833981143124,12.786360155593483,3.1090438323879797,22.399616370289596,0.6448287100306501,51
2025-10-03,secondary_pinned_archive,tokens,top50_plus_other_bucket,788794649883,0.06146681977266405,0.0691199481150944,0.07289811804805957,0.18720000708283505,0.3768251612901895,0.48593817311242515,0.6409213862606546,0.07289811804805957,13.71777525643021,3.1625039010568163,23.6296883190001,0.6302038915106649,51
2025-10-04,secondary_pinned_archive,tokens,top50_plus_other_bucket,659066896093,0.06446347032578753,0.06784773124163862,0.07200327024808231,0.210671961332143,0.34374504796555844,0.43676962906414957,0.6092840548015276,0.07200327024808233,13.888258082647756,3.219221508038247,25.008643573133966,0.6038482491271919,51
2025-10-05,secondary_pinned_archive,tokens,top50_plus_other_bucket,652969757580,0.06515920242873922,0.07553268574885008,0.0797784074099995,0.2304313545479409,0.3528474403116169,0.46302455893289673,0.6138910426106352,0.07977840740999949,12.534720013408782,3.171824535162118,23.850961599576937,0.614495849334527,51
2025-10-06,secondary_pinned_archive,tokens,top50_plus_other_bucket,754198039772,0.06311226122172049,0.07634643240901415,0.08032958992553284,0.23039088454476642,0.3712975957636483,0.4680280308189483,0.622213419798684,0.08032958992553285,12.448712870649784,3.1619952462374443,23.617672020489536,0.6202988562407256,51
2025-10-07,secondary_pinned_archive,tokens,top50_plus_other_bucket,794072114739,0.0625658016329281,0.07397729165593289,0.0778917711899038,0.21642384396722786,0.38781044937740766,0.4762828779314456,0.6327663856212254,0.07789177118990381,12.838326625824863,3.157061373332901,23.501432419949634,0.626331242697663,51
2025-10-08,secondary_pinned_archive,tokens,top50_plus_other_bucket,762229990867,0.06027571940030981,0.08374448352385042,0.0873776458730753,0.23346059293939572,0.41542679577042746,0.5069796983499016,0.6441109619585498,0.08737764587307535,11.444574753737342,3.089459145187939,21.965194781216347,0.6430517961634395,51
2025-10-09,secondary_pinned_archive,tokens,top50_plus_other_bucket,793301227322,0.05486279083914008,0.08104822777765774,0.08405815359631698,0.23195127648820804,0.3979967682854032,0.4908359439156027,0.6403349872996126,0.08405815359631695,11.896525883764065,3.1219618089508323,22.69085112147232,0.6335770989533241,51
2025-10-10,secondary_pinned_archive,tokens,top50_plus_other_bucket,718543585964,0.05924746867914135,0.08578153594880276,0.0892917984936886,0.24479961064576644,0.4071569323933227,0.511664849651055,0.6330504688755091,0.08929179849368858,11.199236848955204,3.1041346262246647,22.2899215131895,0.6301555341457092,51
2025-10-11,secondary_pinned_archive,tokens,top50_plus_other_bucket,606528651400,0.06295722753221943,0.08581444639253537,0.08977805889107901,0.2441554317857572,0.4094208736698765,0.5010975352614644,0.6458406113459325,0.08977805889107905,11.138578984128234,3.0958824284353628,22.10673754686464,0.6346731873357794,51
2025-10-12,secondary_pinned_archive,tokens,top50_plus_other_bucket,590837662180,0.06607217678196521,0.0893143976000891,0.09367993014479635,0.2582521459295779,0.4081908139473439,0.4916552103553989,0.6333516163141895,0.09367993014479635,10.674645022197929,3.093825198697867,22.06130565692477,0.630053723612046,51
2025-10-13,secondary_pinned_archive,tokens,top50_plus_other_bucket,729734457606,0.06625228278462822,0.08723248663373281,0.09162185160790716,0.24899445866801018,0.407151369458036,0.5085326312826547,0.658579202316468,0.09162185160790712,10.914426880166852,3.062745125894066,21.386184424240824,0.6505955604045773,51
2025-10-14,secondary_pinned_archive,tokens,top50_plus_other_bucket,717584744786,0.07139233200153657,0.09197654521830438,0.097073410286922,0.2621374662070017,0.4268910380631833,0.49996673358070465,0.6275781736933409,0.09707341028692194,10.30148211589846,3.0593092682787986,21.31283062838683,0.6402478882885762,51
2025-10-15,secondary_pinned_archive,tokens,top50_plus_other_bucket,685403678592,0.07363355411175505,0.09628880750745582,0.10171070779858457,0.2653465386480095,0.45098843398242583,0.5218755470277031,0.6442733851445573,0.10171070779858458,9.831806519135403,3.01420134031567,20.37281349654923,0.652418932501921,51
2025-10-16,secondary_pinned_archive,tokens,top50_plus_other_bucket,707939948219,0.07342581876297755,0.0914484210754822,0.09683977193649583,0.2582392816056279,0.4272936957393209,0.5044317261886306,0.6221462835485446,0.09683977193649586,10.32633576063939,3.0601857622504682,21.331519385046647,0.6372956038909908,51
2025-10-17,secondary_pinned_archive,tokens,top50_plus_other_bucket,685830324309,0.06528113974416233,0.08995440425159673,0.09421603145789358,0.2364858321180413,0.4416168864086861,0.5142577438338733,0.6352866516087389,0.09421603145789358,10.61390492176391,3.056906814681201,21.26168899906255,0.6400124108051406,51
2025-10-18,secondary_pinned_archive,tokens,top50_plus_other_bucket,561448579540,0.06684272705035188,0.08672224385947296,0.0911901940190008,0.2442779782564734,0.4207646811121185,0.49005018349217855,0.615725139739838,0.09119019401900079,10.966091373724192,3.1035127978894894,22.27606531693797,0.6244295435042895,51
2025-10-19,secondary_pinned_archive,tokens,top50_plus_other_bucket,556555665134,0.06955737074687635,0.0895895969604851,0.09442782478570351,0.25129434199780637,0.4341591999388285,0.4984726344384701,0.6324228481409049,0.0944278247857035,10.590098864073394,3.0639174494258303,21.411270653211197,0.6408969250477997,51
2025-10-20,secondary_pinned_archive,tokens,top50_plus_other_bucket,689957530774,0.067142580577433,0.08863346976652112,0.0931415958931182,0.2496681483884332,0.4202512780427594,0.4943154008166269,0.6240958860887419,0.09314159589311821,10.736341700087674,3.080349970751851,21.766018533277624,0.6361980837501044,51
2025-10-21,secondary_pinned_archive,tokens,top50_plus_other_bucket,747952422691,0.06750829623137683,0.08963039561458838,0.0941877656746517,0.2520605114529948,0.42799313655709603,0.5026558581311269,0.6335383760027785,0.0941877656746517,10.617090158548322,3.0705110476352475,21.552914426948444,0.6387027304239116,51
2025-10-22,secondary_pinned_archive,tokens,top50_plus_other_bucket,728888793419,0.07104656381680914,0.09160272612491002,0.09665034035508596,0.25975369888443767,0.4261871378483763,0.49590069893997896,0.6293381786558863,0.09665034035508596,10.346575049048731,3.0677115111741124,21.492660637858986,0.6356415644862832,51
2025-10-23,secondary_pinned_archive,tokens,top50_plus_other_bucket,754399295557,0.06685703529025784,0.09948616323296565,0.10395602640076843,0.27178665779322453,0.4457984006966633,0.5146358066139867,0.6421398483124617,0.10395602640076847,9.61945194158179,3.020553350616149,20.502633690835854,0.6466553096965808,51
2025-10-24,secondary_pinned_archive,tokens,top50_plus_other_bucket,746130090866,0.0658760458795481,0.09349458116392467,0.097834234584649,0.262977030548737,0.43295860434613737,0.5061434495996265,0.6246789845883686,0.09783423458464896,10.221370916279533,3.0742369771709095,21.63336885808599,0.6282343733209407,51
2025-10-25,secondary_pinned_archive,tokens,top50_plus_other_bucket,612859382202,0.06983703068266468,0.09071071066692554,0.09558792152149699,0.26257747120196545,0.4152788124619322,0.48454036770399456,0.61694520937982,0.09558792152149699,10.461572802115041,3.098468731117471,22.163986260814777,0.6213417463520153,51
2025-10-26,secondary_pinned_archive,tokens,top50_plus_other_bucket,606124678848,0.06687561495770261,0.08974861586142431,0.0942209637373952,0.25995992354984426,0.4130023347799972,0.4872419627960088,0.6173144009465943,0.09422096373739518,10.613349305013656,3.104432167950014,22.296554681667693,0.6213021110194606,51
2025-10-27,secondary_pinned_archive,tokens,top50_plus_other_bucket,808198435444,0.06152611762689494,0.09193679712687597,0.09572226027711447,0.25589150653005677,0.4316551955725392,0.5007317546496797,0.6255501710124638,0.09572226027711445,10.44689079744895,3.0839397682094574,21.844294544724455,0.6265988897739269,51
2025-10-28,secondary_pinned_archive,tokens,top50_plus_other_bucket,836836800480,0.061683538726298726,0.10882812580510268,0.11263298475490147,0.2828860840730411,0.47288756911385105,0.5362765004796481,0.6535890256395,0.11263298475490148,8.8783938575017,2.9651881614307314,19.39835291993547,0.6578198875179883,51
2025-10-29,secondary_pinned_archive,tokens,top50_plus_other_bucket,882670634720,0.06176169600713326,0.09626098442659141,0.10007549152026896,0.2637409499964247,0.4393101389081634,0.5114216287915798,0.636204981943392,0.10007549152026891,9.992456542643747,3.0491335362918104,21.097056666894986,0.6378161364394274,51
2025-10-30,secondary_pinned_archive,tokens,top50_plus_other_bucket,839936886983,0.06581352257615379,0.09683318223538359,0.1011646019892655,0.2646949079705078,0.44261398112466094,0.5207255329481111,0.6443568302149754,0.10116460198926548,9.884880485232467,3.033957438491578,20.779302901302838,0.6435858368424591,51
2025-10-31,secondary_pinned_archive,tokens,top50_plus_other_bucket,795584528430,0.062411237046031603,0.1002411216564275,0.10413628416604345,0.2655772953955708,0.45646462602490456,0.5436426975955893,0.6701208596465416,0.10413628416604348,9.602800868192277,2.9841791309311945,19.770266773211066,0.6643658649703829,51
2025-11-01,secondary_pinned_archive,tokens,top50_plus_other_bucket,667615679989,0.062377633635995716,0.09777237350772695,0.10166334268575346,0.26490646603434176,0.4448283309611498,0.542162485057217,0.6675354076215568,0.10166334268575346,9.836387173408715,3.0068284615267062,20.223159580065683,0.6574064478591907,51
2025-11-02,secondary_pinned_archive,tokens,top50_plus_other_bucket,680316040142,0.06502448298406506,0.09455610093046347,0.09878428431780845,0.2627689013766114,0.4348147865472293,0.5256441915265713,0.6563035122438168,0.09878428431780846,10.12306772181295,3.038015601925389,20.863800044161618,0.6470896768833961,51
2025-11-03,secondary_pinned_archive,tokens,top50_plus_other_bucket,855212355442,0.06593876755423518,0.09646294436756661,0.10081086543413807,0.2603565034510317,0.4432862578441906,0.5358330926032538,0.661218167605567,0.1008108654341381,9.919565670759185,3.013260772184086,20.353660486191252,0.6537509167648834,51
2025-11-04,secondary_pinned_archive,tokens,top50_plus_other_bucket,843660094744,0.06710750757054537,0.09685097343180003,0.10135439100413084,0.2686002648220095,0.43221553332286883,0.5174718931318812,0.6473878683046297,0.10135439100413088,9.866370761965737,3.0331971907333775,20.76351148630966,0.6450106216695601,51
2025-11-05,secondary_pinned_archive,tokens,top50_plus_other_bucket,870220639953,0.06292648946243971,0.09777106185526095,0.1017308049313275,0.2623156127132641,0.4448168516388055,0.5409081120581358,0.669168288007339,0.1017308049313275,9.829864225246634,3.0008814451075723,20.103249026418165,0.6592001986680768,51
2025-11-06,secondary_pinned_archive,tokens,top50_plus_other_bucket,815410486832,0.07019999960804232,0.0608400026844677,0.06576804262943685,0.15904090851816438,0.35869324722979734,0.47770086514996435,0.6229599603587846,0.06576804262943686,15.204953044359174,3.222427494516427,25.08894960751278,0.6082456984627012,51
2025-11-07,secondary_pinned_archive,tokens,top50_plus_other_bucket,902186629114,0.061817883568913726,0.07904219308299286,0.08286364381193263,0.21490106556932942,0.41197773575630603,0.5028589542404691,0.6323947478109955,0.08286364381193259,12.068018662920508,3.1270113043952157,22.80571823726065,0.6262513657573553,51
2025-11-08,secondary_pinned_archive,tokens,top50_plus_other_bucket,797042525948,0.05933828127394747,0.08095073147702872,0.08447176310157482,0.22840358844400854,0.4158692591361495,0.4834318829584489,0.617037161944463,0.0844717631015748,11.838275457770777,3.138386229032745,23.066612577178205,0.6188721814080629,51
2025-11-09,secondary_pinned_archive,tokens,top50_plus_other_bucket,744474553464,0.06168237970435959,0.08317720726731713,0.08698192323330992,0.24176415815091187,0.4054976202844761,0.4934334386215708,0.6327779742961758,0.08698192323330987,11.49664163343135,3.1287256344062704,22.844848295791913,0.6216598998666854,51
2025-11-10,secondary_pinned_archive,tokens,top50_plus_other_bucket,910825672740,0.06879017395668584,0.07966963730262244,0.08440172533561355,0.2366525073284025,0.38577813229502844,0.47526325599582486,0.6264188777108273,0.08440172533561355,11.84809902906152,3.13428934203876,22.97230458861057,0.6265851220333939,51
2025-11-11,secondary_pinned_archive,tokens,top50_plus_other_bucket,949647793603,0.0628509689740319,0.08255906115248403,0.08650930545345875,0.23914100075710698,0.39505645102971454,0.48764257938727346,0.6452356913284827,0.08650930545345871,11.559450104913763,3.1122147597472662,22.47075665740874,0.6336928863640009,51
2025-11-12,secondary_pinned_archive,tokens,top50_plus_other_bucket,881916356487,0.06487825268817703,0.08185669276253991,0.08606588043441087,0.2336482770971687,0.40617891257613875,0.4990442050549354,0.6400624460482163,0.08606588043441087,11.619006218870677,3.1105380299282577,22.433110839418227,0.6335625245403972,51
2025-11-13,secondary_pinned_archive,tokens,top50_plus_other_bucket,901368356290,0.069274578038227,0.09577023488807665,0.10056920205045106,0.2651710024321071,0.44111001779507564,0.5073772059342857,0.6419081056123149,0.10056920205045106,9.943401952203468,3.035641230770426,20.81432040391481,0.6450056789463295,51
2025-11-14,secondary_pinned_archive,tokens,top50_plus_other_bucket,812896999546,0.0728904012944964,0.09578094533422625,0.10109395593509897,0.270312697351229,0.43656075747997425,0.5050172511490113,0.6259351375625382,0.10109395593509898,9.891788195943061,3.0565420539532218,21.253934984171217,0.6306311224278939,51
2025-11-15,secondary_pinned_archive,tokens,top50_plus_other_bucket,693672882394,0.08247281965464769,0.08895749458337932,0.09575926056516736,0.2599895564168301,0.40812679905252236,0.49562221368879295,0.6185557403803614,0.09575926056516738,10.442854237783786,3.084929891821846,21.865933807553873,0.6242828198218863,51
2025-11-16,secondary_pinned_archive,tokens,top50_plus_other_bucket,777386360554,0.06872739462514499,0.07746497362656027,0.08218842839852068,0.21371976192455866,0.3996487368618027,0.4990557383930986,0.6453319899727674,0.08218842839852068,12.167162938694167,3.107734080523614,22.37029763531267,0.6405153633963456,51
2025-11-17,secondary_pinned_archive,tokens,top50_plus_other_bucket,895158521563,0.07675358950952524,0.07427796332470124,0.08016907682729794,0.2249737576427983,0.3786405901931032,0.46364447919942015,0.6050362462609733,0.08016907682729793,12.47363746191344,3.1637109449351377,23.658227610255555,0.6167973107234253,51
2025-11-18,secondary_pinned_archive,tokens,top50_plus_other_bucket,946644725789,0.07551009864912366,0.08169227241363379,0.08739404741163417,0.24293056667835738,0.39085091713854814,0.4838801187617864,0.6096840337666904,0.08739404741163416,11.442426911410868,3.1318912707263267,22.91728136517168,0.6166250581816352,51
2025-11-19,secondary_pinned_archive,tokens,top50_plus_other_bucket,974905831481,0.07115531903078164,0.06642699836198626,0.07149007778835857,0.20717783326946523,0.349363992889028,0.4416720681041405,0.5843324918844761,0.07149007778835857,13.98795512519137,3.233911828268049,25.37874031988002,0.5955896510502551,51
2025-11-20,secondary_pinned_archive,tokens,top50_plus_other_bucket,950497881430,0.07362284125948744,0.07157323094940207,0.07699355370452175,0.208924902876414,0.38411618960024807,0.48501290578726125,0.6233119758990562,0.07699355370452177,12.988100326394868,3.153966265067377,23.428805394447178,0.626929366908958,51
2025-11-21,secondary_pinned_archive,tokens,top50_plus_other_bucket,914059968966,0.0707220401557751,0.06538581235846702,0.07038741932226208,0.1895052390839831,0.3749837984030011,0.46997504323918066,0.5967299797605388,0.07038741932226208,14.207084300414474,3.2172321424299364,24.95894169169745,0.6026228926892379,51
2025-11-22,secondary_pinned_archive,tokens,top50_plus_other_bucket,766516913255,0.06508965800654438,0.05902478888081682,0.06326145246022573,0.16556562306770753,0.3542507018063228,0.44017985571279117,0.5802503796782317,0.0632614524602257,15.807414485602095,3.2785970117968057,26.538513347612806,0.5842141413695012,51
2025-11-23,secondary_pinned_archive,tokens,top50_plus_other_bucket,824048259184,0.06153512522095813,0.06266612165175517,0.06645269328771417,0.140968014102754,0.3753329005758372,0.4873099701061743,0.6356172374026536,0.06645269328771415,15.048299030866836,3.1968420917169547,24.455180912049553,0.6230956313652461,51
2025-11-24,secondary_pinned_archive,tokens,top50_plus_other_bucket,1015013853257,0.06496336510917,0.058517253261646744,0.06273749206795406,0.14468653428498138,0.3484089783181106,0.48183768045791164,0.6204003458626266,0.06273749206795402,15.939432180630547,3.2264020987273625,25.188866686155045,0.6150549031070074,51
2025-11-25,secondary_pinned_archive,tokens,top50_plus_other_bucket,1043852595370,0.06907193023210656,0.055226170147306124,0.05999710169329512,0.13511860461007535,0.3399036643255513,0.46820080948092646,0.6034339035682805,0.05999710169329513,16.667471790754075,3.268448646502643,26.27055280030868,0.5958955648151483,51
2025-11-26,secondary_pinned_archive,tokens,top50_plus_other_bucket,1084308770070,0.06397690305458067,0.0800200136396718,0.08411305776412702,0.21548766516931875,0.41857869439412493,0.5125200301765738,0.6245233633158601,0.08411305776412697,11.888760515688752,3.1211286407713255,22.671953699810352,0.6246162245292325,51
2025-11-27,secondary_pinned_archive,tokens,top50_plus_other_bucket,1088012755787,0.06580391005454005,0.08708590566653036,0.09141606024499636,0.23284261477959683,0.433367554192818,0.5233749416789731,0.632507245912955,0.09141606024499631,10.938996904044936,3.0734307281670277,21.61593400535432,0.6365933906061403,51
2025-11-28,secondary_pinned_archive,tokens,top50_plus_other_bucket,1103763003384,0.06171788695231374,0.11840199878623035,0.12221109635608893,0.3022583294431484,0.4809020493526486,0.5550869002381724,0.6515773835597516,0.12221109635608893,8.182563039008176,2.930041065130132,18.728399565047166,0.6556776741901902,51
2025-11-29,secondary_pinned_archive,tokens,top50_plus_other_bucket,927904867275,0.06283074426391767,0.11968517643224878,0.1236328788570066,0.30359824206042285,0.48463999629794374,0.5500455007924184,0.6441192169809657,0.1236328788570066,8.088463273241391,2.914715096551082,18.44355702113866,0.6612457942809656,51
2025-11-30,secondary_pinned_archive,tokens,top50_plus_other_bucket,922030064198,0.06310777077384394,0.10763387696358204,0.11161646769562607,0.28170945555656146,0.4636638829199766,0.5339285046081558,0.6330864242542192,0.1116164676956261,8.959251449588624,2.981002437168527,19.707562339189753,0.6471848031983466,51
2025-12-01,secondary_pinned_archive,tokens,top50_plus_other_bucket,1015109519099,0.07449095163457471,0.07700476545420726,0.0825536673296318,0.20970031159489075,0.4106207724117978,0.4942501292799612,0.6042925222733283,0.08255366732963175,12.113332240069495,3.1340416221385814,22.966614596402255,0.6177166764822928,51
2025-12-02,secondary_pinned_archive,tokens,top50_plus_other_bucket,1026570896607,0.07947673451844832,0.07489249138285572,0.08120904271257164,0.21197840017405783,0.4027679643477053,0.488159514222861,0.5994306073675653,0.08120904271257165,12.313899617550767,3.150121627652674,23.338903064315872,0.6116383699753734,51
2025-12-03,secondary_pinned_archive,tokens,top50_plus_other_bucket,976117437403,0.08418365828872493,0.05936312530843681,0.06645001363130962,0.15831679546177221,0.36075464317068223,0.456396950619244,0.5815013699531473,0.0664500136313096,15.0489058670234,3.2366758159654925,25.448983877345565,0.5969662963935254,51
2025-12-04,secondary_pinned_archive,tokens,top50_plus_other_bucket,898751591697,0.09165954973103718,0.046052018719119084,0.054453491776015564,0.14996645342069095,0.2997720694294258,0.368830420483701,0.5163690573161843,0.05445349177601557,18.364295243238324,3.374070837754261,29.197142291463155,0.5470235529397983,51
2025-12-05,secondary_pinned_archive,tokens,top50_plus_other_bucket,843822919210,0.0901234472111726,0.04530754944628664,0.05342978518351166,0.1510099664290914,0.2930499179999868,0.3760109299413775,0.5121707598255507,0.05342978518351168,18.716152358939258,3.4047680265965434,30.10731081843347,0.5269692001241854,51
2025-12-06,secondary_pinned_archive,tokens,top50_plus_other_bucket,703381365260,0.09229137661758247,0.04576236328796138,0.05428006148592983,0.15478060074104613,0.2871764854764586,0.37352192115565114,0.5078102738220387,0.054280061485929836,18.42297102517495,3.385436146711659,29.530869699532275,0.5397473316838874,51
2025-12-07,secondary_pinned_archive,tokens,top50_plus_other_bucket,719935353270,0.08903390527616005,0.047578697906359275,0.05550573419508352,0.15833970904502626,0.2886289126560926,0.3838392905180243,0.5247794248524833,0.05550573419508351,18.016156609789988,3.3708295814842133,29.102660074200163,0.5475869019251804,51
2025-12-08,secondary_pinned_archive,tokens,top50_plus_other_bucket,926168784356,0.0774830680920639,0.05053353814634886,0.05653716398730827,0.15825228629241103,0.322009867353038,0.39766437322339243,0.5433336073919905,0.05653716398730825,17.68748075556965,3.3563622560982833,28.684653431198637,0.5522810917934005,51
2025-12-09,secondary_pinned_archive,tokens,top50_plus_other_bucket,933583522452,0.08504942125848453,0.04274616329935324,0.0499795673557564,0.13010007973362106,0.29040370760500367,0.36986011528577856,0.5140997823391605,0.04997956735575639,20.008176399006484,3.4105385858333683,30.281549081580614,0.5337674103392803,51
2025-12-10,secondary_pinned_archive,tokens,top50_plus_other_bucket,899477293159,0.08941501112000057,0.03639044523009617,0.044385489443686,0.09454898173395769,0.25932254828445983,0.3423611257950506,0.48734164309083083,0.04438548944368597,22.529885612025268,3.471615313183821,32.18869529727659,0.5082811313051573,51
2025-12-11,secondary_pinned_archive,tokens,top50_plus_other_bucket,850751596689,0.09403973024013772,0.032333888239904865,0.04117735910354274,0.07992703554085401,0.22208964479448384,0.31884728388016353,0.47221531846487846,0.04117735910354272,24.285190254320227,3.512806750170472,33.54228058875926,0.4922800638460808,51
2025-12-12,secondary_pinned_archive,tokens,top50_plus_other_bucket,838859646336,0.09890268830355525,0.03354722939525551,0.04332897114892571,0.0866918041958971,0.2349882778197724,0.32972895897082055,0.47756044598018443,0.043328971148925734,23.079246367584087,3.4916673264752305,32.840658182296124,0.49974003513500936,51
2025-12-13,secondary_pinned_archive,tokens,top50_plus_other_bucket,662233192347,0.09722832954024112,0.03731275548282032,0.04676610354800605,0.10327258013845433,0.26253074080119776,0.3515232635244013,0.48365065945708935,0.04676610354800606,21.383008720696306,3.4480748211065992,31.43980675606734,0.5169797889980522,51
2025-12-14,secondary_pinned_archive,tokens,top50_plus_other_bucket,661672600380,0.09498351100515008,0.04010307307522959,0.04912494043809505,0.10724553075682249,0.2771203404730591,0.3670585091531941,0.500938628316547,0.04912494043809507,20.35625877776183,3.4156648740142495,30.43717959134218,0.5324598542948291,51
2025-12-15,secondary_pinned_archive,tokens,top50_plus_other_bucket,862177267218,0.08639746500897402,0.03891977090664396,0.04638429286662085,0.08843774233926835,0.25794944234567374,0.3680561546988269,0.5088601398592297,0.04638429286662086,21.559022207701297,3.4337806726121527,30.99359817305061,0.5284750214788035,51
2025-12-16,secondary_pinned_archive,tokens,top50_plus_other_bucket,885696419175,0.10023582446872095,0.035732362474701136,0.04577958298162538,0.09498074837692029,0.25754676347057615,0.3334274728095634,0.4828282324538845,0.04577958298162538,21.843798804400894,3.455294847022586,31.667624410671216,0.5171983468037307,51
2025-12-17,secondary_pinned_archive,tokens,top50_plus_other_bucket,923604614263,0.09873959943646567,0.03481022760694199,0.04455973610381568,0.08895724235262888,0.2471485496476742,0.33035406671660145,0.48722797436551035,0.04455973610381568,22.441784611789235,3.467998713557935,32.072491931091676,0.5138858955698419,51
2025-12-18,secondary_pinned_archive,tokens,top50_plus_other_bucket,900483548874,0.09873044992012402,0.03342549259397547,0.04317319433540558,0.09090422244510536,0.23879609413063058,0.315924609877361,0.4708671698202554,0.04317319433540557,23.162520526768567,3.4916331166248815,32.839534727511065,0.5017154823824992,51
2025-12-19,secondary_pinned_archive,tokens,top50_plus_other_bucket,858310522853,0.09809899224598059,0.03283540407867131,0.04245881635834827,0.0892047634712654,0.22969884372927085,0.30670838311752374,0.4716280790971141,0.04245881635834826,23.55223451261801,3.4939399432864695,32.9153772859599,0.5029884353421,51
2025-12-20,secondary_pinned_archive,tokens,top50_plus_other_bucket,691575313543,0.10046271902196825,0.03336420680146039,0.04345696471474733,0.08585981728410556,0.2253220140633478,0.3221433440974724,0.48253145779219775,0.04345696471474734,23.011271186656185,3.4704329734253707,32.150659812917574,0.5178176353340425,51
2025-12-21,secondary_pinned_archive,tokens,top50_plus_other_bucket,718652924977,0.08741159145495785,0.035606332051457294,0.04324711837214575,0.08336883653526837,0.22805122516998755,0.3319693636057145,0.5109689069097607,0.043247118372145774,23.12292789995625,3.45391525803407,31.623966226841052,0.529957297287638,51
2025-12-22,secondary_pinned_archive,tokens,top50_plus_other_bucket,895710872569,0.08427897650442415,0.03577865862941502,0.0428816045100483,0.08444730410054628,0.2249911755866016,0.33493968764333515,0.5135604329370964,0.042881604510048285,23.320022919517243,3.455108742042174,31.661731456421645,0.5302028277937009,51
2025-12-23,secondary_pinned_archive,tokens,top50_plus_other_bucket,919893606912,0.08781919557869923,0.0352305963926227,0.04294280750471253,0.09557001488369965,0.2239044075144916,0.33302447765277937,0.497120860730959,0.04294280750471254,23.286786731171688,3.4657196349924067,31.999479434400005,0.5234102900691308,51
2025-12-24,secondary_pinned_archive,tokens,top50_plus_other_bucket,832020782412,0.08933078584231291,0.03560142359372755,0.04358141289293273,0.0915254242967834,0.22645433916661567,0.3445029110066926,0.5107887409434384,0.04358141289293273,22.945561734235618,3.463902669809683,31.941390283365987,0.5205132060770432,51
2025-12-25,secondary_pinned_archive,tokens,top50_plus_other_bucket,737262325637,0.09117567279586827,0.03567816687008491,0.04399117017986415,0.08303689457901636,0.23039689543099492,0.34844082333929544,0.5120648706887534,0.04399117017986416,22.73183450022715,3.458380375574464,31.7654866707179,0.5212870951857155,51
2025-12-26,secondary_pinned_archive,tokens,top50_plus_other_bucket,817227654508,0.09128244807979603,0.035242364216950664,0.04357484954439132,0.08505332457924009,0.22856718029623585,0.3439706116029976,0.5049739098775936,0.043574849544391336,22.949017849878345,3.4598856405002127,31.813338149193523,0.5227734939211782,51
2025-12-27,secondary_pinned_archive,tokens,top50_plus_other_bucket,733624354484,0.08518781895123549,0.03553705139401378,0.04279401589168226,0.08081540885007935,0.22570053906465726,0.34375254099542035,0.5073693588755005,0.042794015891682274,23.367753158085044,3.4621969601698748,31.886953985508068,0.5237839958180387,51
2025-12-28,secondary_pinned_archive,tokens,top50_plus_other_bucket,729209611978,0.08452415112276322,0.034249548577591424,0.041393880700615136,0.07162084832142292,0.20999825740039746,0.33791109776736467,0.49616287652131985,0.04139388070061515,24.15816016943633,3.486800235495708,32.681208054995686,0.5099806316091453,51
2025-12-29,secondary_pinned_archive,tokens,top50_plus_other_bucket,908489661987,0.0840679003489782,0.034663911013776375,0.041731322882862104,0.07622957649350884,0.21169800158028887,0.32838880549888866,0.5061913294634502,0.041731322882862104,23.96281572014752,3.4756615126752566,32.319201027878464,0.5189916424390489,51
2025-12-30,secondary_pinned_archive,tokens,top50_plus_other_bucket,875711094778,0.08862340316434428,0.03374867167162797,0.04160277926005788,0.07360825021103681,0.20732956818598622,0.3287035813289224,0.49413190428939036,0.04160277926005789,24.036855656902777,3.483591570260436,32.576513054291674,0.5123645260861505,51
2025-12-31,secondary_pinned_archive,tokens,top50_plus_other_bucket,768652128021,0.09112741575352319,0.03392810045716195,0.04223230635907742,0.06974383271405629,0.2059627137891366,0.3299906454237647,0.5034421221356818,0.04223230635907744,23.678555262825693,3.4758998940266563,32.326906241048725,0.5156806696858635,51
2026-01-01,secondary_pinned_archive,tokens,top50_plus_other_bucket,676146556672,0.09085276690065244,0.03476320910484951,0.0430174343583538,0.06973013249533042,0.20736516460589738,0.33637811332718515,0.5121611485422218,0.04301743435835379,23.24638870067351,3.4632346945195605,31.920061348318395,0.521108540244696,51
2026-01-02,secondary_pinned_archive,tokens,top50_plus_other_bucket,780433027499,0.09237483374329948,0.03447601202779359,0.04300912193689581,0.07987100539140096,0.21092567964931613,0.3299768597124498,0.505914844027415,0.04300912193689578,23.250881556410956,3.4633719928002606,31.924444218734767,0.5215423034244596,51
2026-01-03,secondary_pinned_archive,tokens,top50_plus_other_bucket,752494217391,0.0929897183178499,0.033195749916364564,0.04184283762919763,0.07175353474104422,0.20126940662230186,0.3215817570625417,0.4960873023560125,0.04184283762919763,23.898952763715222,3.4804682082505076,32.4749235439976,0.5145414436327831,51
2026-01-04,secondary_pinned_archive,tokens,top50_plus_other_bucket,804614702335,0.08767595519107052,0.033578096263786515,0.04126516938245312,0.07611130558052208,0.19856951213585855,0.31072092231407983,0.5002777992259542,0.041265169382453136,24.233512547393595,3.477812843414968,32.38880516244452,0.5181680848943262,51
2026-01-05,secondary_pinned_archive,tokens,top50_plus_other_bucket,920385666646,0.09183071630721959,0.03441610988774444,0.042848990345241485,0.07212928719318461,0.20639790401045527,0.3245185906636675,0.5154869310698234,0.04284899034524151,23.33777276763891,3.4571461280723175,31.726304383434286,0.5281816813565664,51
2026-01-06,secondary_pinned_archive,tokens,top50_plus_other_bucket,963414695887,0.08141973044617168,0.03566314250487547,0.042292315010802724,0.07005232844083158,0.20879077552974484,0.3279609652643908,0.5278548309166,0.042292315010802724,23.6449577126381,3.4561424980471642,31.694478884952257,0.5302451789607715,51
2026-01-07,secondary_pinned_archive,tokens,top50_plus_other_bucket,1017214808143,0.08382860671648078,0.03749336001155301,0.04452059531557942,0.0874961147001785,0.23311610232345772,0.34543092325648034,0.5400893222031892,0.044520595315579455,22.461514562229176,3.4345627219080854,31.017846175010856,0.5386755376326791,51
2026-01-08,secondary_pinned_archive,tokens,top50_plus_other_bucket,969015458231,0.09032354954458864,0.03827027153817342,0.046428615140507175,0.10277951600567546,0.22692986035066862,0.344301381246352,0.5430726963506811,0.04642861514050718,21.538441260280848,3.405272064700285,30.122489875377337,0.5529248132851748,51
2026-01-09,secondary_pinned_archive,tokens,top50_plus_other_bucket,957089207783,0.08888777308968324,0.03713986042968747,0.04504089663453049,0.09272420660511842,0.21345600294797173,0.3290247564053594,0.546093907864336,0.045040896634530495,22.202044690943218,3.4181086295804524,30.51165157699091,0.5471649714357391,51
2026-01-10,secondary_pinned_archive,tokens,top50_plus_other_bucket,802870338890,0.08504361286829752,0.03973538515633985,0.04696780124603271,0.08349409083374339,0.22524832096802283,0.34930491822468923,0.568231325427636,0.046967801246032705,21.291181904847384,3.369730058379917,29.07067861245215,0.5692731742750263,51
2026-01-11,secondary_pinned_archive,tokens,top50_plus_other_bucket,789693535502,0.08988288230051016,0.036569808054066094,0.04464874058471346,0.07332168301237582,0.21392967779786531,0.34461489600140044,0.5354118704938153,0.044648740584713464,22.39704831321431,3.4223414286850056,30.641074986875733,0.5450690712336026,51
2026-01-12,secondary_pinned_archive,tokens,top50_plus_other_bucket,1014313612337,0.07636249865220762,0.03995977867034275,0.04579100987075116,0.08590357949475147,0.23864242841352848,0.3628807985815625,0.5592954042122402,0.045791009870751145,21.838347807191443,3.4009469892401514,29.992489167706868,0.5551922418836382,51
2026-01-13,secondary_pinned_archive,tokens,top50_plus_other_bucket,1098350562760,0.0772777908891978,0.041156345089643026,0.04712820205435761,0.0892446005532923,0.24659704393776805,0.36508179211869685,0.5687694229319611,0.04712820205435762,21.218717379597912,3.3747278401095753,29.216331185601163,0.5679281901620223,51
2026-01-14,secondary_pinned_archive,tokens,top50_plus_other_bucket,1168753721245,0.06990605608508092,0.04714270618158086,0.05202956285895134,0.12750028470263364,0.28083861137858535,0.39281524925451794,0.5838423569185441,0.05202956285895135,19.219842432867114,3.3279778483865576,27.881903223297904,0.5860967666917011,51
2026-01-15,secondary_pinned_archive,tokens,top50_plus_other_bucket,1227040917358,0.06464309786081711,0.04904898257613264,0.05322771267717582,0.12856427705008144,0.2805373493926997,0.40228198808628896,0.6109994723601072,0.05322771267717582,18.787205944109687,3.302621538636159,27.183808997910766,0.5965651290452921,51
2026-01-16,secondary_pinned_archive,tokens,top50_plus_other_bucket,1111775956968,0.07130169698325438,0.03934820507935682,0.04443213707204864,0.0812571823961473,0.21779310386181464,0.33335968538278754,0.566493149411692,0.04443213707204864,22.506232333107377,3.39728314355625,29.88280237615998,0.5586136178084565,51
2026-01-17,secondary_pinned_archive,tokens,top50_plus_other_bucket,965416302518,0.06777663564033301,0.04264511020322873,0.04723878254195119,0.09673359883132779,0.24225337302571542,0.3674397137916428,0.5828131552186103,0.0472387825419512,21.169046833752184,3.3551622103644063,28.65025118148587,0.5785005029843973,51
2026-01-18,secondary_pinned_archive,tokens,top50_plus_other_bucket,1057621484506,0.06282635560966901,0.059323856885850096,0.06327100784504268,0.17509761631733325,0.316975829199977,0.4411747101676365,0.6218918247734108,0.06327100784504269,15.805027200595642,3.224962226396417,25.152624032624402,0.6181352577299449,51
2026-01-19,secondary_pinned_archive,tokens,top50_plus_other_bucket,1118470681107,0.07649421251822257,0.04274309063359301,0.048594455182376005,0.11160168877780233,0.2595769129376269,0.3730890508618343,0.5677042423048152,0.048594455182376005,20.57847950444097,3.367094316063285,28.99415668500196,0.5703929168906504,51
2026-01-20,secondary_pinned_archive,tokens,top50_plus_other_bucket,1167369854809,0.07563915534417075,0.04170568083073695,0.047426962651916545,0.09665526095365994,0.24176858898860107,0.3764810308511075,0.5722833996851033,0.04742696265191653,21.085052554163298,3.370936311593754,29.1057663700625,0.5704690073932108,51
2026-01-21,secondary_pinned_archive,tokens,top50_plus_other_bucket,1109751264958,0.08299110580467384,0.04161860777402792,0.048506131416710487,0.09405440544818869,0.24721508735327552,0.37608253150564824,0.5776787737216613,0.04850613141671052,20.615950412724455,3.36412058136915,28.908063827443254,0.5703551219470029,51
2026-01-22,secondary_pinned_archive,tokens,top50_plus_other_bucket,1165644748031,0.07457529502864295,0.0420413746333142,0.04760284926192334,0.0883336399772992,0.24681965083185756,0.3693647632250557,0.5880465660055207,0.04760284926192335,21.007145906282584,3.3638871799477377,28.90131743159547,0.5727295444055104,51
2026-01-23,secondary_pinned_archive,tokens,top50_plus_other_bucket,1098227750683,0.08124456936506108,0.043171776282454014,0.049772456333768235,0.11448761194916533,0.2588254053553302,0.3800625241534985,0.5767972787357153,0.04977245633376822,20.09143356908323,3.3565820123646897,28.69095775622193,0.5733380382530109,51
2026-01-24,secondary_pinned_archive,tokens,top50_plus_other_bucket,921779225469,0.08515849043252267,0.04042768296696232,0.04767965145970838,0.0804739317684858,0.23026059071683652,0.3692329184928525,0.5685669375260025,0.047679651459708365,20.97330767707161,3.3662794057366434,28.97053867189549,0.5698038815693183,51
2026-01-25,secondary_pinned_archive,tokens,top50_plus_other_bucket,912436067961,0.08305555468269714,0.040127426777671206,0.0470256519413217,0.08584016257492767,0.23809561565061424,0.3731852099708472,0.562780000121552,0.04702565194132169,21.26498961136772,3.3796193046680574,29.359591925898293,0.5630189223748346,51
2026-01-26,secondary_pinned_archive,tokens,top50_plus_other_bucket,1123037386403,0.08210588902506165,0.04169916524011497,0.04844054225271071,0.11167543174470489,0.2509906289663368,0.3692457602949239,0.5671018856752984,0.04844054225271073,20.643864694640985,3.374556552330985,29.211327213705676,0.5660203928025057,51
2026-01-27,secondary_pinned_archive,tokens,top50_plus_other_bucket,1171091999378,0.08944147347743182,0.03975034779770252,0.04775012497551666,0.10141588775355026,0.24167700810980103,0.35826042326549745,0.5571591864401371,0.047750124975516645,20.942353564786252,3.384543927702237,29.50453344682133,0.5614655626723722,51
2026-01-28,secondary_pinned_archive,tokens,top50_plus_other_bucket,1262244728033,0.08460477132070703,0.037485397373390204,0.044643364703619334,0.0980849446920908,0.22491046384752889,0.32785300530578315,0.5364673870947604,0.044643364703619334,22.399745329207406,3.424028529837276,30.692813211330026,0.5460234557701529,51
2026-01-29,secondary_pinned_archive,tokens,top50_plus_other_bucket,1299991615800,0.07812715223897677,0.038842801501170365,0.04494665341814262,0.09962397076330437,0.23175605536086105,0.33429691561476915,0.5484366678043924,0.044946653418142614,22.248597480593567,3.4243924757037365,30.7039857668077,0.5429384278772655,51
2026-01-30,secondary_pinned_archive,tokens,top50_plus_other_bucket,1226664854860,0.08121558621679936,0.037805327467973,0.04440129891251137,0.0952899202238419,0.23875457766369745,0.33399267952350276,0.528491280977467,0.044401298912511364,22.521863650214538,3.4322504884979304,30.946208528171265,0.5421879077233526,51
2026-01-31,secondary_pinned_archive,tokens,top50_plus_other_bucket,1039939632945,0.07695260256729959,0.04085033963749432,0.046772042679375084,0.10205263331146924,0.24974306618116543,0.3653650358252046,0.5551227266395874,0.046772042679375084,21.38029349829886,3.3965556627378284,29.86107111612646,0.5571009666510823,51
2026-02-01,secondary_pinned_archive,tokens,top50_plus_other_bucket,1126964134499,0.07259701229566734,0.04029332104392679,0.04556364723818407,0.10313125785468653,0.24687537868867904,0.3590196023992093,0.549075016587894,0.04556364723818406,21.947321178493414,3.4146639153380414,30.40672847504791,0.5488786661062641,51
2026-02-02,secondary_pinned_archive,tokens,top50_plus_other_bucket,1273715201835,0.08175430743700071,0.03957440010174319,0.04625816688624682,0.09619353962996191,0.2505806480068578,0.34936733735054026,0.550190643102477,0.04625816688624683,21.617804321107098,3.4032935193412976,30.062950083345935,0.5549978541907391,51
2026-02-03,secondary_pinned_archive,tokens,top50_plus_other_bucket,1347876943352,0.07845810202970639,0.03795636153949202,0.04411203531359584,0.08900872384065177,0.2359476089093887,0.3362184158562694,0.5353264215964595,0.04411203531359583,22.669550223446358,3.427442406678978,30.797773754804187,0.5458604795509886,51
2026-02-04,secondary_pinned_archive,tokens,top50_plus_other_bucket,1420287125277,0.07247861087308204,0.04018446521776127,0.045437614251852915,0.08231121878063902,0.23726725720567027,0.35620945109414404,0.560685816137135,0.04543761425185291,22.00819775565617,3.3953645937204344,29.8255256922226,0.5603495775638302,51
2026-02-05,secondary_pinned_archive,tokens,top50_plus_other_bucket,1547174716353,0.06612378407472522,0.04927596250587536,0.05364831732623625,0.14338915628219434,0.29093366506662877,0.39644568978404554,0.5815916008917628,0.053648317326236254,18.639913604726583,3.3310519868849053,27.967747937068545,0.5802356101902686,51
2026-02-06,secondary_pinned_archive,tokens,top50_plus_other_bucket,1535426387252,0.06722271376925339,0.05188926016743413,0.056408153413937095,0.15698057552168465,0.2954313878790669,0.40463544547839786,0.5832606879153617,0.056408153413937095,17.72793363153994,3.315258878487038,27.5295198626113,0.5819755002258685,51
2026-02-07,secondary_pinned_archive,tokens,top50_plus_other_bucket,1326326438380,0.0690377658812571,0.05782344692719064,0.0625896600450659,0.17728064181333417,0.3213834743184651,0.41976294364154876,0.6014957982134649,0.0625896600450659,15.977079908725795,3.265245950906933,26.186550804771333,0.5972916579171162,51
2026-02-08,secondary_pinned_archive,tokens,top50_plus_other_bucket,1353520117412,0.06987781607771282,0.05382305290320565,0.05870596208299631,0.16217912831300918,0.30478011527436394,0.4061000615247499,0.5988327418404235,0.0587059620829963,17.034045001872848,3.279071769486382,26.551115702190163,0.5979048767088113,51
2026-02-09,secondary_pinned_archive,tokens,top50_plus_other_bucket,1662970178669,0.06670119938818103,0.04476294123133221,0.04921199123115409,0.13031846287132695,0.2619856478501033,0.36576176320722054,0.5552803734292326,0.049211991231154086,20.32025071497089,3.3664280398952773,28.974845003562223,0.5688197459948134,51
2026-02-10,secondary_pinned_archive,tokens,top50_plus_other_bucket,1771510403773,0.06643406065431187,0.04057473548417665,0.04498821989919744,0.11431230404726932,0.234816532422862,0.3434011284547624,0.5400850906290242,0.044988219899197435,22.22804107921237,3.4198090881323084,30.563579513985804,0.5471005120172198,51
2026-02-11,secondary_pinned_archive,tokens,top50_plus_other_bucket,1809075488850,0.06591488122963964,0.04156591924572664,0.04591069081324414,0.10824362484314028,0.23994256666145752,0.3589310407365978,0.5558188966195058,0.045910690813244136,21.781419148490006,3.3961949082170504,29.8503005426094,0.5588489645630392,51
2026-02-12,secondary_pinned_archive,tokens,top50_plus_other_bucket,1817254332924,0.06548566979423287,0.04148212459356692,0.04577049754196622,0.11290385596432675,0.23690675930665392,0.34565620308374845,0.5453688814285788,0.04577049754196623,21.84813479650546,3.3951122444647854,29.81800019258188,0.5586660750871264,51
2026-02-13,secondary_pinned_archive,tokens,top50_plus_other_bucket,2083944013080,0.052396774871901634,0.07171522132159114,0.07446064333856788,0.20767128555213557,0.36018415877815874,0.4663289474167336,0.6491771172746309,0.07446064333856788,13.429913510860532,3.154351413444261,23.437830698746268,0.6341502517020426,51
2026-02-14,secondary_pinned_archive,tokens,top50_plus_other_bucket,1862446469657,0.04868571986162867,0.09171846667624817,0.09408876599469315,0.24778303356283285,0.42520411681890913,0.534180272925763,0.6974010564546365,0.09408876599469315,10.628261402178477,2.9974854021526145,20.035093324539744,0.6769542330180575,51
2026-02-15,secondary_pinned_archive,tokens,top50_plus_other_bucket,2007429240268,0.04735922012090834,0.09357896755584466,0.0958218632863053,0.2418099543419996,0.4405083300186181,0.5452286800041225,0.7059292056530028,0.09582186328630529,10.436031670685727,2.9737423564127017,19.565001971180227,0.6842255794195299,51
2026-02-16,secondary_pinned_archive,tokens,top50_plus_other_bucket,2160683192236,0.05099865603386631,0.0872273851490893,0.08982824806634991,0.2477086753505605,0.3919678870864728,0.49678315988249666,0.6735343290114538,0.08982824806634992,11.13235559555129,3.0549571870117926,21.220277003994752,0.6581347238573833,51
2026-02-17,secondary_pinned_archive,tokens,top50_plus_other_bucket,2144256740309,0.0560667112934785,0.07593259590387856,0.07907607201914484,0.22369146377867016,0.35541766046456547,0.4564704329622164,0.6481730656137354,0.07907607201914486,12.646050498789231,3.125098601116376,22.762139355233092,0.6398317150304043,51
2026-02-18,secondary_pinned_archive,tokens,top50_plus_other_bucket,2279287336434,0.05873059124367939,0.07216186214115812,0.07561114448899027,0.20827482812926432,0.3599249643445536,0.4616293780064476,0.6491313127430448,0.07561114448899027,13.225563595927449,3.132171120588057,22.923695660670948,0.6425311534486517,51
2026-02-19,secondary_pinned_archive,tokens,top50_plus_other_bucket,2104731463727,0.06180032949793518,0.06153972323056267,0.06535900395661602,0.17418085035410075,0.3370278492928961,0.4413521541038211,0.6260975220100213,0.06535900395661601,15.300110764597635,3.2049745666190623,24.65487295170634,0.6234677248918644,51
2026-02-20,secondary_pinned_archive,tokens,top50_plus_other_bucket,1966780747786,0.061242336036485275,0.047936221728843174,0.051686845452048956,0.13378851214870177,0.26823060964871787,0.3810443503113563,0.5843198795430982,0.05168684545204895,19.34728249043023,3.3212937273824727,27.696158669415464,0.5867873481134233,51
2026-02-21,secondary_pinned_archive,tokens,top50_plus_other_bucket,1629087927199,0.06176951522808005,0.05035515534367654,0.05417062835518855,0.13647383314678613,0.27438789741113634,0.4045547452709676,0.6110448202311194,0.054170628355188565,18.460188304317835,3.286102265404088,26.738440935800032,0.6007011370703382,51
2026-02-22,secondary_pinned_archive,tokens,top50_plus_other_bucket,1662900393801,0.06531497094287037,0.0502768821171229,0.054542927546390896,0.137573914573489,0.2820940255253417,0.3991063111946212,0.608793490580621,0.05454292754639091,18.334182725147283,3.284677247810204,26.70036532268605,0.6008464612838568,51
2026-02-23,secondary_pinned_archive,tokens,top50_plus_other_bucket,1983658606716,0.06333198071516057,0.045591768035688575,0.049602707816994045,0.12570731822439085,0.26318771199511415,0.3732339592490163,0.5778972260261127,0.04960270781699403,20.16018971563881,3.3572322179807226,28.70961884419905,0.5727943281594733,51
2026-02-24,secondary_pinned_archive,tokens,top50_plus_other_bucket,2006814297660,0.065186621337877,0.04904369615453954,0.0532929917559873,0.14347391565962478,0.27010504309693517,0.3794827333949083,0.5881181339539968,0.0532929917559873,18.764193321679173,3.315553735164779,27.537638322209986,0.5864906297226443,51
2026-02-25,secondary_pinned_archive,tokens,top50_plus_other_bucket,2037235418073,0.06907166498366747,0.042810743086024734,0.04758163798964073,0.11209786608069704,0.24750278515427437,0.3514406422848402,0.5582238122257355,0.04758163798964072,21.016510617346043,3.3617247282860547,28.838887255138083,0.5718613376449923,51
2026-02-26,secondary_pinned_archive,tokens,top50_plus_other_bucket,2076458858606,0.07507838627135588,0.04244162148420112,0.04807838556931204,0.11771066568450514,0.24421454081658767,0.34389022758167387,0.5579219275790241,0.04807838556931204,20.79936728653988,3.3681107869188405,29.023643383899863,0.5679706590607676,51
2026-02-27,secondary_pinned_archive,tokens,top50_plus_other_bucket,2038016175860,0.07486930183005658,0.04248878657826656,0.048094198934786676,0.1150024329733781,0.2555564166389511,0.36731718382171685,0.5592976269150582,0.04809419893478666,20.79252845766181,3.381608708809047,29.418058156851636,0.5635367489362373,51
2026-02-28,secondary_pinned_archive,tokens,top50_plus_other_bucket,1751323139404,0.0743210230336449,0.04358766059339247,0.04911127505816004,0.1068877999977235,0.2569051471261411,0.37037306967162115,0.5762034229682006,0.04911127505816002,20.361922976256473,3.3431309248050005,28.307617125324388,0.5818379327500984,51
2026-03-01,secondary_pinned_archive,tokens,top50_plus_other_bucket,1722164707664,0.07041918343019538,0.0434755328766158,0.048434394271591304,0.11252935827019042,0.2543314706751355,0.36451413966292745,0.5668149641552461,0.04843439427159129,20.646485107103736,3.3516857460191254,28.550822534981908,0.5764831582019488,51
2026-03-02,secondary_pinned_archive,tokens,top50_plus_other_bucket,2108128326245,0.07254985297807971,0.042125298663657544,0.047388779830798526,0.1095597067131092,0.253120254920376,0.3554439530076862,0.5603838133422557,0.04738877983079852,21.10204152903908,3.371761948291626,29.12980708197865,0.5693406262420725,51
2026-03-03,secondary_pinned_archive,tokens,top50_plus_other_bucket,2273547839296,0.07331886430224248,0.04375081175072088,0.04912646761329153,0.11985320985388927,0.25932874775952264,0.3667365223544989,0.5647651041385585,0.04912646761329152,20.35562597074337,3.3569741472227648,28.702210687058727,0.5751105931337728,51
2026-03-04,secondary_pinned_archive,tokens,top50_plus_other_bucket,2265259000221,0.07698003891519134,0.04298956398149475,0.04891549037287912,0.1228049359834174,0.2520961776385335,0.35354236966804553,0.5605834383896549,0.048915490372879115,20.443421754071665,3.3705623842494217,29.09488496269366,0.5661475648241979,51
2026-03-05,secondary_pinned_archive,tokens,top50_plus_other_bucket,2267474265772,0.0762113858488113,0.044704310656554246,0.05051248598955064,0.13282886402481667,0.26109026461891877,0.35965767224897005,0.5619553362618519,0.05051248598955064,19.797085421748335,3.3622787220753185,28.85486824584278,0.5670789268836139,51
2026-03-06,secondary_pinned_archive,tokens,top50_plus_other_bucket,2168373023832,0.07878301442576678,0.0444616529601821,0.050668416322192676,0.1306619334238458,0.2607262952348931,0.3734794556671004,0.5560502947081564,0.05066841632219269,19.73616056284754,3.3571472449108146,28.707179403394825,0.570294968585412,51
2026-03-07,secondary_pinned_archive,tokens,top50_plus_other_bucket,1844155625960,0.07424387496457946,0.048826357091862796,0.054338510061618904,0.13663856335271432,0.2797016753548044,0.3922252858602775,0.5984479343620959,0.05433851006161889,18.403154574279238,3.294449854692493,26.96257665388221,0.5964589875870046,51
2026-03-08,secondary_pinned_archive,tokens,top50_plus_other_bucket,1882578634982,0.07484118126749438,0.04762007881110172,0.05322128122461567,0.13145696169252777,0.27748715892762416,0.3839706314567367,0.5899670099249901,0.05322128122461567,18.78947625818306,3.301379542023629,27.150067756810582,0.5936567063050574,51
2026-03-09,secondary_pinned_archive,tokens,top50_plus_other_bucket,2248669017744,0.07181104407931306,0.047591159341018006,0.05274798539277905,0.1361570670881437,0.2764251995905628,0.39519938145435457,0.5782770915292784,0.05274798539277905,18.95807001070595,3.332142149356019,27.99825395150589,0.5801296952245284,51
2026-03-10,secondary_pinned_archive,tokens,top50_plus_other_bucket,2409534746507,0.07506301965107377,0.04574769029105791,0.05138214721019539,0.12824932234655462,0.27011354339982296,0.38653819310768517,0.5674180047550637,0.0513821472101954,19.462012669676387,3.3407967331355146,28.2416187776099,0.5793597516973656,51
2026-03-11,secondary_pinned_archive,tokens,top50_plus_other_bucket,2489009611997,0.07306298939966456,0.04604876845754012,0.05138696887755562,0.12603171857995144,0.27055283575409983,0.38722852210952485,0.579819068725131,0.05138696887755561,19.460186538396353,3.3335317320113003,28.037186883573867,0.5834992778780458,51
2026-03-12,secondary_pinned_archive,tokens,top50_plus_other_bucket,2662285537634,0.07924692572664396,0.038095380774628804,0.04437545601175303,0.09026355990220478,0.2316133721569164,0.3387703151922353,0.5348764821419261,0.04437545601175303,22.534979690916206,3.4205962934572702,30.58764879902082,0.5481192797475529,51
2026-03-13,secondary_pinned_archive,tokens,top50_plus_other_bucket,2519741216728,0.07516873480124761,0.03917216245835802,0.044822501149978315,0.08755151925540536,0.22705176461688928,0.34436627861085134,0.5463278761553081,0.044822501149978315,22.31022308759501,3.3978124370555975,29.898623335796163,0.5588592605792099,51
2026-03-14,secondary_pinned_archive,tokens,top50_plus_other_bucket,2228133352510,0.07633238649177156,0.04284982204630115,0.04867645527383034,0.09905751785070029,0.26347065944221365,0.38531798301966613,0.5602944476117917,0.048676455273830334,20.543813109941567,3.351419342767948,28.543217516080663,0.5790667674654149,51
2026-03-15,secondary_pinned_archive,tokens,top50_plus_other_bucket,2346007662989,0.07663235406611839,0.04172546188269138,0.04759797957240631,0.09847799133428631,0.255463173971231,0.3745449092308101,0.5541309907072949,0.0475979795724063,21.00929512099972,3.36946229335674,29.062895543583032,0.5707998540267866,51
2026-03-16,secondary_pinned_archive,tokens,top50_plus_other_bucket,2767779301505,0.07499800861258266,0.03919525777292462,0.04481995906877764,0.0869646791823749,0.23276578274708806,0.3467695856628134,0.5448859311770078,0.04481995906877766,22.311488470247554,3.4116059926024054,30.31388906893736,0.5515785631411141,51
2026-03-17,secondary_pinned_archive,tokens,top50_plus_other_bucket,3181345249208,0.06553915024560979,0.04121405681688581,0.04550943703180242,0.09748916150242147,0.2343588152790434,0.34213798192729106,0.5681611507861285,0.04550943703180243,21.973464521241834,3.3710395211034303,29.10877051696391,0.5731229607016182,51
2026-03-18,secondary_pinned_archive,tokens,top50_plus_other_bucket,3144660272850,0.0731834306338049,0.04269428803536696,0.048050102554699894,0.11356986448215783,0.25353657698560256,0.3546543248639177,0.5639558998707754,0.0480501025546999,20.811610107628947,3.3567910073126774,28.696954648084134,0.5764299182932335,51
2026-03-19,secondary_pinned_archive,tokens,top50_plus_other_bucket,2991713934782,0.08052742821534338,0.03889253546513356,0.04537720216011085,0.08182526813909362,0.2233851454412863,0.3474381235326035,0.5570427621136963,0.04537720216011083,22.037497959251827,3.399871202216225,29.9602409862427,0.5572871716457252,51
2026-03-20,secondary_pinned_archive,tokens,top50_plus_other_bucket,3031782102543,0.07103681826617862,0.04514439217834752,0.05019062172772961,0.12533734883594277,0.26242038393546324,0.3723843966810895,0.5715646374815365,0.05019062172772963,19.9240408980133,3.341431382142312,28.25954798169145,0.5817707876494032,51
2026-03-21,secondary_pinned_archive,tokens,top50_plus_other_bucket,2575113307121,0.06670058570938418,0.054744287536456465,0.05919325567043137,0.16127314713320534,0.3068050129150595,0.41605920907838984,0.6004652644359715,0.059193255670431384,16.893816511253778,3.2607385984593353,26.0687843976397,0.6081814168370929,51
2026-03-22,secondary_pinned_archive,tokens,top50_plus_other_bucket,2657915686295,0.06642466198771842,0.05885363189549325,0.0632658676156759,0.17665647090427922,0.3195851222805577,0.42026704088800093,0.6175984390826189,0.06326586761567594,15.806311328483561,3.2327401767056094,25.34902269188374,0.6144402951298263,51
2026-03-23,secondary_pinned_archive,tokens,top50_plus_other_bucket,3231945717913,0.06970076406866929,0.04965955746096705,0.05451775397272335,0.1502868954830865,0.2728857999863044,0.37553677152497017,0.5866835287689821,0.05451775397272334,18.34264853427979,3.312431887674975,27.451804065579193,0.5872506031625225,51
2026-03-24,secondary_pinned_archive,tokens,top50_plus_other_bucket,3357950081497,0.06913290326207233,0.05056165123459465,0.0553410095480377,0.15067813957717763,0.277547708027128,0.3809376284976626,0.5943415038383392,0.05534100954803768,18.069782394048477,3.292589347695214,26.91245922772075,0.5965933289362942,51
2026-03-25,secondary_pinned_archive,tokens,top50_plus_other_bucket,3419322225827,0.07058902104571993,0.04767043236771067,0.05265324225990377,0.14065149037151103,0.26808895368241886,0.3717660962179572,0.5815376833331547,0.05265324225990378,18.99218276177296,3.3194708428623603,27.645717758455834,0.5874733053449043,51
2026-03-26,secondary_pinned_archive,tokens,top50_plus_other_bucket,3403698300072,0.06922200271070324,0.05086865608764304,0.05566034174692364,0.15922225448434604,0.2750455827125444,0.37563964290018126,0.5781291523559461,0.055660341746923636,17.966113189653033,3.3074494581609306,27.315367561669422,0.5882341328280773,51
2026-03-27,secondary_pinned_archive,tokens,top50_plus_other_bucket,3335334474915,0.06876092690998994,0.05711270212439768,0.061840767193918664,0.1809876610705989,0.3039120813524504,0.3997187697239798,0.5802912626060764,0.06184076719391866,16.170562646226983,3.2661628074871216,26.210571126101293,0.5989337892320523,51
2026-03-28,secondary_pinned_archive,tokens,top50_plus_other_bucket,2977810574281,0.06099463501598155,0.07107192746719775,0.07479227296793055,0.2172312619308195,0.34557101117637934,0.4468189705103263,0.6141012054648703,0.07479227296793055,13.370365150271343,3.177212218908426,23.979809822785324,0.6232182758199977,51
2026-03-29,secondary_pinned_archive,tokens,top50_plus_other_bucket,3003775803833,0.060749603036666974,0.0768494577857404,0.08053997205485301,0.2308542538404949,0.35732614913748517,0.4559461747495796,0.6302116968627947,0.08053997205485308,12.416195020764762,3.129808699789323,22.86960416385409,0.6377922662938156,51
2026-03-30,secondary_pinned_archive,tokens,top50_plus_other_bucket,3465259816762,0.06896189361647884,0.0650173544194801,0.06977309719065064,0.20580860473960313,0.3159022040130577,0.4134094962338553,0.5978141825950363,0.06977309719065064,14.332171571337335,3.220225244089747,25.033758252433397,0.6080764629490295,51
2026-03-31,secondary_pinned_archive,tokens,top50_plus_other_bucket,4007376688543,0.05664510060034609,0.06288585437204428,0.0660945217940676,0.17604220247223465,0.33986398461837186,0.4308039922462796,0.6345929104911776,0.06609452179406758,15.129846965467516,3.1941105050666914,24.388470620291887,0.6278834621063422,51
2026-04-01,secondary_pinned_archive,tokens,top50_plus_other_bucket,4134447977166,0.051825363329852096,0.07365734481201418,0.07634321309628536,0.18131803521152426,0.3875617189086873,0.4760294787922492,0.6556975585698981,0.07634321309628538,13.098741321494849,3.1101784388652978,22.42504554343707,0.6504476007973254,51
2026-04-02,secondary_pinned_archive,tokens,top50_plus_other_bucket,4048754238813,0.05724168494873769,0.0641590292508353,0.06743563974660585,0.16728115748550912,0.35278224363446486,0.4407938209606475,0.6294573335533367,0.06743563974660584,14.828954003514616,3.1808418840253356,24.06700665392639,0.6317038466110924,51
2026-04-03,secondary_pinned_archive,tokens,top50_plus_other_bucket,4098408523329,0.05538911534265736,0.13545543054596215,0.13852338464440436,0.3450287420767902,0.4357638414548148,0.5181220706332056,0.6882099547235835,0.1385233846444043,7.218997735054225,2.8487078414835394,17.26545771229404,0.6878860233641466,51
2026-04-04,secondary_pinned_archive,tokens,top50_plus_other_bucket,3633537155114,0.054215687728069874,0.1989700655983185,0.2019094063941461,0.43262091131050545,0.523082660391667,0.5925208943329088,0.7133730743699181,0.20190940639414612,4.952716259528326,2.610716199960751,13.608793980114834,0.7190022395760312,51
2026-04-05,secondary_pinned_archive,tokens,top50_plus_other_bucket,3650719732717,0.0573166464540598,0.16948726343091278,0.17277246139165248,0.39504870128708913,0.48411265669103165,0.5543072962577018,0.7042386463903062,0.17277246139165245,5.787959446460229,2.7149347731862217,15.10362487843791,0.7068393318411376,51
2026-04-06,secondary_pinned_archive,tokens,top50_plus_other_bucket,3648627007976,0.0713183321597864,0.08504723341229113,0.09013353791434475,0.2553171942625514,0.3570061420623481,0.4477514287710787,0.627831633928438,0.09013353791434474,11.094649374024518,3.0950931900234497,22.089296943732844,0.6385569217114121,51
2026-04-07,secondary_pinned_archive,tokens,top50_plus_other_bucket,3743261110232,0.0803775804489237,0.06078317103567607,0.06724372647449928,0.19555705102325358,0.304997696728733,0.40020961946097083,0.5887779263136692,0.06724372647449929,14.87127576695542,3.2333647508244696,25.364859980661,0.6052368422195442,51
2026-04-08,secondary_pinned_archive,tokens,top50_plus_other_bucket,3004804586861,0.10261055332323442,0.03290523759864625,0.04343416325194658,0.06423883179093709,0.1889518168774229,0.30473381034956404,0.49915374883124886,0.04343416325194659,23.02335132368834,3.441165183337072,31.22331787104737,0.5366442088829375,51
2026-04-09,secondary_pinned_archive,tokens,top50_plus_other_bucket,2995509766123,0.10308283705769791,0.03269077776104623,0.04331684905691013,0.07067374847954581,0.19396613143845853,0.30924155945781795,0.49139690826184346,0.043316849056910134,23.085705026378754,3.4546741684924447,31.647975094684025,0.5286180075334798,51
2026-04-10,secondary_pinned_archive,tokens,top50_plus_other_bucket,2866156843428,0.09517740726803069,0.03450199553447295,0.04356073438873753,0.07062795835411692,0.202967476123961,0.3219421779470318,0.5113836857633293,0.04356073438873754,22.956454110161793,3.440701524533953,31.208844260521637,0.5378702344081623,51
2026-04-11,secondary_pinned_archive,tokens,top50_plus_other_bucket,2377531144134,0.09062766613746444,0.0352456807526978,0.04345905462222152,0.07441049972594134,0.19237458460868928,0.30783876446110164,0.5308042332718532,0.043459054622221535,23.010164594990496,3.429851415830613,30.8720553101795,0.5425578813184444,51
2026-04-12,secondary_pinned_archive,tokens,top50_plus_other_bucket,2399794998119,0.09158164384343874,0.035353539549072895,0.043740737038139355,0.07634982168252455,0.19450155258797414,0.3076282702433536,0.5367034320679638,0.04374073703813936,22.86198330695842,3.433105207460557,30.972670146434197,0.5393122965379004,51
2026-04-13,secondary_pinned_archive,tokens,top50_plus_other_bucket,2963660177665,0.0996091984181491,0.03474193154587926,0.04466392395538546,0.07466023768667421,0.21016218474539436,0.31861733320281393,0.5174186858107236,0.044663923955385446,22.389434501968402,3.4286031191941144,30.833541870473745,0.5415448778462981,51
2026-04-14,secondary_pinned_archive,tokens,top50_plus_other_bucket,3111294720337,0.09326830296185139,0.03440350887834931,0.043102485215733004,0.07700660182171645,0.20999822656248734,0.31625604101671917,0.5109449035560384,0.04310248521573304,23.200518369065765,3.4541963179614035,31.632855705670384,0.530244555843555,51
2026-04-15,secondary_pinned_archive,tokens,top50_plus_other_bucket,3170561839922,0.09578201209425741,0.034073209426642256,0.043247403267466726,0.07593161644906528,0.20606716449349344,0.31477762760733685,0.5061329041651742,0.04324740326746671,23.122775576036954,3.45595581077607,31.68856248145627,0.5281463337665406,51
2026-04-16,secondary_pinned_archive,tokens,top50_plus_other_bucket,3156078162501,0.09814189784056143,0.03285166971046499,0.04248350182221219,0.0703480946283217,0.19511914973455757,0.30503554674644245,0.49651055040735337,0.0424835018222122,23.538549251068495,3.4655509310662205,31.99408145192673,0.5243612349379762,51
2026-04-17,secondary_pinned_archive,tokens,top50_plus_other_bucket,3212677206506,0.09386344112017368,0.03082869525141279,0.0396390408303331,0.06937461172870053,0.18001044399569682,0.2786816177734562,0.4688551494973191,0.03963904083033312,25.227653824427723,3.498223682644404,33.056680620367274,0.5100306076900036,51
2026-04-18,secondary_pinned_archive,tokens,top50_plus_other_bucket,2492222660296,0.09511569944510727,0.03260591665557406,0.04165291293650604,0.06885051244844241,0.1905083408529034,0.2964715665943927,0.4896484374105098,0.04165291293650607,24.00792476445423,3.464372611581677,31.956404404520736,0.526622311323815,51
2026-04-19,secondary_pinned_archive,tokens,top50_plus_other_bucket,2451601678490,0.10072677964476572,0.032505273908383765,0.04265115804598896,0.07641051011532178,0.19914074952693886,0.3017704000205585,0.48801762990466974,0.042651158045988936,23.44602223746756,3.4623971256980024,31.893337293330738,0.5266682912511681,51
2026-04-20,secondary_pinned_archive,tokens,top50_plus_other_bucket,3141467469497,0.10202007820227917,0.029910974223132235,0.040319070579531394,0.06703613093969717,0.18392703464521798,0.2795218745622088,0.4592622025530663,0.04031907057953139,24.80215901870679,3.509586637899817,33.43444439495564,0.5002190383023923,51
2026-04-21,secondary_pinned_archive,tokens,top50_plus_other_bucket,3329800032475,0.09767471775932896,0.03115382988151763,0.0406941803708822,0.0735477083030627,0.18853819961145474,0.2867702889723512,0.4763555781017937,0.04069418037088221,24.57353830169601,3.4945962387410785,32.93698658872737,0.5108011485366157,51
2026-04-22,secondary_pinned_archive,tokens,top50_plus_other_bucket,3395112382696,0.09967912412644941,0.032132092077708126,0.042068019864324235,0.08307116623545761,0.2015426605527093,0.3049653859153886,0.4780133468899419,0.04206801986432425,23.771026143496933,3.482882504912249,32.55342236509136,0.5141664274941521,51
2026-04-23,secondary_pinned_archive,tokens,top50_plus_other_bucket,3385337038815,0.10857622881787357,0.03336030472655671,0.04514910219086795,0.08762760487234639,0.2134713764328658,0.3190166238818676,0.4968031670842771,0.04514910219086794,22.148834671672926,3.446739364210618,31.39784827243568,0.5291301957208128,51
2026-04-24,secondary_pinned_archive,tokens,top50_plus_other_bucket,3260797101902,0.11041392268779701,0.03316589837180285,0.045357132695109666,0.08871716928945378,0.22118986745581223,0.31735924887978545,0.48106255628816,0.045357132695109686,22.047249034060258,3.4463647565479247,31.386088600649842,0.5290534204315169,51
2026-04-25,secondary_pinned_archive,tokens,top50_plus_other_bucket,2718644023929,0.11259029624468184,0.033216507001088434,0.04589308180955365,0.10085087990621033,0.21403152810167111,0.3135404228476738,0.48204495915579465,0.045893081809553656,21.78977659747897,3.4553122225711146,31.668174657796353,0.5192313739316651,51
2026-04-26,secondary_pinned_archive,tokens,top50_plus_other_bucket,2721357671489,0.11307157261090066,0.030771312006239816,0.043556492538942,0.08350198551102823,0.19696694385663618,0.28578868198036633,0.465387460933071,0.04355649253894201,22.95868977755595,3.4760105861149935,32.3304847718639,0.5117154631907037,51
2026-04-27,secondary_pinned_archive,tokens,top50_plus_other_bucket,3439516558959,0.1124650553370431,0.032744008212573804,0.04539239688453797,0.0941316698492625,0.2160604077437321,0.3096681606052115,0.47971642387480895,0.04539239688453799,22.03012109150442,3.4512731921280637,31.54052390245978,0.5255997623315598,51
2026-04-28,secondary_pinned_archive,tokens,top50_plus_other_bucket,3642413263036,0.10648034717749892,0.03650505930560398,0.04784312364064468,0.10174597265635345,0.2524276522169342,0.3384294872354841,0.49739181222147166,0.04784312364064469,20.901645292040655,3.4250578909450557,30.724423465930318,0.5340547863239674,51
2026-04-29,secondary_pinned_archive,tokens,top50_plus_other_bucket,3719634565703,0.10426961804343231,0.03851426970613602,0.049386422953059284,0.12494334127663555,0.2602398895664234,0.3417233639422771,0.4889895342601324,0.04938642295305929,20.248480051905723,3.420829307846991,30.594776991792205,0.5321671249234887,51
2026-04-30,secondary_pinned_archive,tokens,top50_plus_other_bucket,3516853716298,0.10573525105486387,0.03845047921067936,0.04963042252631445,0.12830109036123646,0.2582295975602778,0.33576074010635454,0.4888635951349074,0.049630422526314444,20.148931826437547,3.42718388393335,30.789812858854535,0.5264679630205966,51
2026-05-01,secondary_pinned_archive,tokens,top50_plus_other_bucket,3331145752010,0.11163698681200294,0.040678626209739416,0.053141443034202734,0.13934220820506643,0.2655935685135233,0.3414518798328418,0.4982845403136288,0.053141443034202734,18.81770503214192,3.3981077777373763,29.90745491969521,0.533570402965369,51
2026-05-02,secondary_pinned_archive,tokens,top50_plus_other_bucket,3018675147045,0.10260890162003994,0.04911444584940516,0.05964303254107619,0.17030340697482688,0.2810198402800691,0.3606435394602502,0.5241146667874345,0.059643032541076176,16.766417759045027,3.3373507873658195,28.144467176564056,0.5574753462912192,51
2026-05-03,secondary_pinned_archive,tokens,top50_plus_other_bucket,3200328334396,0.10671170599983262,0.05048920063961469,0.0618765888370094,0.1745864452059261,0.28904523469014104,0.3645489561858307,0.5262238804062707,0.061876588837009416,16.161201171482215,3.3196150827717026,27.649705661879516,0.5614538432318416,51
2026-05-04,secondary_pinned_archive,tokens,top50_plus_other_bucket,3773704691742,0.11250766128602703,0.047208008735109976,0.059865982583161365,0.1605767251451982,0.2929533779673351,0.36698764230905084,0.521088599508899,0.05986598258316137,16.703977064284786,3.3291691748146537,27.915139465149178,0.5606343947718824,51
2026-05-05,secondary_pinned_archive,tokens,top50_plus_other_bucket,3945277788086,0.10711433654029641,0.046013820972399616,0.05748730206486749,0.1520732435013323,0.2929420093153164,0.37118461662225494,0.5297888444352142,0.057487302064867477,17.39514578143919,3.341353814906624,28.2573560516848,0.5598818511731852,51
2026-05-06,secondary_pinned_archive,tokens,top50_plus_other_bucket,3974219894403,0.11223369242808431,0.03927109686532377,0.0518674985813656,0.12943915540920897,0.2612286617414142,0.35158636917469743,0.5030680083391138,0.05186749858136556,19.279896415889045,3.3989371678010385,29.932270154967306,0.5384067486373058,51
2026-05-07,secondary_pinned_archive,tokens,top50_plus_other_bucket,3909997892498,0.10578766491859729,0.03826367411948565,0.04945470416841507,0.12404250466287127,0.2438403945611558,0.3459277828221212,0.5051485089868268,0.04945470416841508,20.220523341815145,3.4203963037292717,30.58153219510675,0.5319633629510477,51
2026-05-08,secondary_pinned_archive,tokens,top50_plus_other_bucket,3798161358885,0.10283092822276947,0.03848552783823753,0.04905972763739389,0.12442927842110917,0.2393105929956676,0.33334818010514516,0.5131073249028879,0.0490597276373939,20.38331740019258,3.40713483014562,30.17865330204978,0.5447809740887571,51
2026-05-09,secondary_pinned_archive,tokens,top50_plus_other_bucket,3176257362681,0.10616731775990766,0.04142831205657522,0.052699811416908424,0.13638063690291252,0.25171057902189764,0.35083439182315285,0.5267794597125166,0.052699811416908396,18.97539997039072,3.3690676054204887,29.051427032709764,0.5581957646376129,51
2026-05-10,secondary_pinned_archive,tokens,top50_plus_other_bucket,3165863287974,0.10101618607215941,0.03956008998695014,0.049764359835515276,0.13317624502819736,0.23893726235540855,0.3331696593582225,0.5053823064763181,0.04976435983551526,20.094702379479447,3.410155469758054,30.269949955389762,0.5402355714907429,51
2026-05-11,secondary_pinned_archive,tokens,top50_plus_other_bucket,3905714605697,0.10583961499952703,0.037026837642112016,0.048228861745360126,0.11244944712303749,0.22939278776415187,0.34061345455695236,0.5114504815270595,0.04822886174536012,20.73447234313394,3.4114248666982836,30.308398935589995,0.5432519568015912,51
2026-05-12,secondary_pinned_archive,tokens,top50_plus_other_bucket,4092127944516,0.10207602139927831,0.034529422972920096,0.04494893711762602,0.09691706848230228,0.22681393222683754,0.33246831788807,0.4941980060020318,0.044948937117626035,22.247467106577375,3.4569852736746225,31.721201478274974,0.5223842839550282,51
2026-05-13,secondary_pinned_archive,tokens,top50_plus_other_bucket,4160730489152,0.100070416129707,0.03271424328624,0.042728331470612724,0.07988137673674206,0.20683506405756075,0.3158602291161256,0.4843827517443353,0.0427283314706127,23.403675397148863,3.4700033362045377,32.13684965967797,0.521035490698304,51
2026-05-14,secondary_pinned_archive,tokens,top50_plus_other_bucket,4056061959143,0.10260456961607463,0.03392811973128847,0.04445581743738837,0.09302354916755788,0.21990794539155933,0.32034900954139744,0.4874668464664576,0.04445581743738837,22.494243895265253,3.4537125586095385,31.617556716709423,0.5266821960447339,51
2026-05-15,secondary_pinned_archive,tokens,top50_plus_other_bucket,4059875915291,0.10813170120509304,0.03612168799788983,0.047814152803397354,0.09390793339521876,0.2442873107236117,0.33960046398959365,0.501363775678869,0.04781415280339736,20.914309704739694,3.4163347876212944,30.457576703499154,0.5411670582401914,51
2026-05-16,secondary_pinned_archive,tokens,top50_plus_other_bucket,3259504872658,0.09993674918281933,0.04285513334038641,0.05284248717761615,0.11805928696194844,0.2703225892975833,0.36383652796411453,0.543949947134511,0.052842487177616124,18.92416601509999,3.3502205585865314,28.509020859736275,0.5684865602492392,51
2026-05-17,secondary_pinned_archive,tokens,top50_plus_other_bucket,3381324684149,0.1011762579996369,0.045190822626140645,0.05542745780894974,0.12161092337735407,0.28883947890700784,0.3795375884353994,0.5555074630452819,0.055427457808949726,18.04159958854423,3.3244992837431804,27.78508271638198,0.5763616559743141,51
2026-05-18,secondary_pinned_archive,tokens,top50_plus_other_bucket,4055754243715,0.10073570441604639,0.04330913641040066,0.05345681855459773,0.11379521695137296,0.2796945703033857,0.37225398264370085,0.5520067755721053,0.053456818554597725,18.706687510381066,3.340133909973762,28.222905780947624,0.5726296068425367,51
2026-05-19,secondary_pinned_archive,tokens,top50_plus_other_bucket,4210862992633,0.10157266284067798,0.04149217032955692,0.05180917616610296,0.10606638230367292,0.2717413357539579,0.36967755126453045,0.5441210657579075,0.05180917616610296,19.3016001025368,3.359628405237438,28.778494954091517,0.5643830722737567,51
2026-05-20,secondary_pinned_archive,tokens,top50_plus_other_bucket,4432249744178,0.09542007804761807,0.04188306928394865,0.05098806057856217,0.10952405747050899,0.2776745296303804,0.3746092944613456,0.5393571947973235,0.050988060578562165,19.612434531790136,3.377298760708351,29.291540690674196,0.555929428284576,51
2026-05-21,secondary_pinned_archive,tokens,top50_plus_other_bucket,4407039425757,0.09459004823366093,0.04707590089525852,0.05602317812010482,0.11447960481822532,0.3053594743586491,0.4200228326639131,0.5553097405920371,0.05602317812010483,17.849754932791537,3.3109035728210454,27.409881109556924,0.5797486713266412,51
2026-05-22,secondary_pinned_archive,tokens,top50_plus_other_bucket,4545432678861,0.09457965089227242,0.053207686079776696,0.062152996442680825,0.14300465529034792,0.33332920219283985,0.448621928810302,0.5750406492488129,0.06215299644268083,16.0893288696423,3.2555143121350807,25.932948734967244,0.5942310687673755,51
2026-05-23,secondary_pinned_archive,tokens,top50_plus_other_bucket,3553408596037,0.10028135959326913,0.04240358297186647,0.052459934053741025,0.11470634768109168,0.27618054349238175,0.38979771935199575,0.5517793470029597,0.05245993405374102,19.062166547437513,3.344903346588874,28.357834652740184,0.572863106985469,51
2026-05-24,secondary_pinned_archive,tokens,top50_plus_other_bucket,3726403480245,0.09757422562574848,0.05507716697517158,0.06459789648163605,0.1596955575808647,0.33034956436844687,0.43552961385284433,0.5893769229127069,0.0645978964816361,15.480380236286491,3.234198339057,25.386012644541644,0.6067026096374999,51
2026-05-25,secondary_pinned_archive,tokens,top50_plus_other_bucket,4240217312996,0.09932794706939524,0.05172138641081359,0.06158742747983417,0.14368380845285575,0.32081717751768524,0.43566128410427124,0.5874987637456378,0.06158742747983417,16.23708021133752,3.2474623219311067,25.724975309439653,0.604129194827385,51
2026-05-26,secondary_pinned_archive,tokens,top50_plus_other_bucket,4948039363637,0.0827281458818302,0.05528666982970373,0.06213061595074911,0.13790387746095933,0.34117843123445446,0.4571046466177485,0.6095734721691828,0.06213061595074911,16.095124516272286,3.234429179433001,25.391873437673496,0.6109094967383168,51
2026-05-27,secondary_pinned_archive,tokens,top50_plus_other_bucket,4709260992098,0.08376980354326273,0.04293452931485338,0.049951909300530214,0.10254989481732893,0.26979356109162533,0.39462087911718935,0.5681437010926921,0.04995190930053021,20.01925479932327,3.3677307112541377,29.012614299424705,0.5643056028506728,51
2026-05-28,secondary_pinned_archive,tokens,top50_plus_other_bucket,4989829635702,0.08135438627553247,0.0405224797534609,0.04714101591972945,0.10570693426245478,0.24823221966309497,0.37015386403651274,0.5541642938881572,0.04714101591972942,21.21294971034939,3.402543091431952,30.040398469304726,0.5519849180535134,51
2026-05-29,secondary_pinned_archive,tokens,top50_plus_other_bucket,4688344429291,0.08763300621348159,0.03886154101788133,0.04654108479589343,0.08937561114539687,0.2502093193960151,0.35610725561016005,0.5494734390023424,0.046541084795893466,21.486392171250692,3.4139451169792188,30.38488002177976,0.5444960057736219,51
2026-05-30,secondary_pinned_archive,tokens,top50_plus_other_bucket,4041270217792,0.07880544506400328,0.04228520907959637,0.048495507251332004,0.09413568881341758,0.26920826077435916,0.38560241412325313,0.5664017319741651,0.048495507251332,20.620466857216627,3.3816901124050958,29.42045299004707,0.5604149107778531,51
2026-05-31,secondary_pinned_archive,tokens,top50_plus_other_bucket,4204208986355,0.07028137632596033,0.04320592406783255,0.04814539592610381,0.09263137165920035,0.2640235883612356,0.3808807652219759,0.5837708309114873,0.04814539592610382,20.77041803820358,3.370645265366575,29.09729647919603,0.5679600974760339,51
2026-06-01,secondary_pinned_archive,tokens,top50_plus_other_bucket,4709419521534,0.08257905928209253,0.03559618692261438,0.042415487954529735,0.08029956451593008,0.2172303801899918,0.3280808530348819,0.5311704879133775,0.04241548795452975,23.576293665936838,3.4663561330480994,32.01985352418961,0.5232540688537028,51
2026-06-02,secondary_pinned_archive,tokens,top50_plus_other_bucket,4882908194498,0.08003607845655557,0.034842689414494143,0.04124846326919806,0.0871571567549721,0.21591366213027657,0.3277690241517105,0.5076964733757121,0.04124846326919809,24.24332740528399,3.487849202275702,32.7155075429421,0.5138629705051633,51
2026-06-03,secondary_pinned_archive,tokens,top50_plus_other_bucket,5563006861569,0.07525277440246197,0.04240717511724417,0.04807015517251201,0.09409989603560497,0.2608487120096286,0.38467554413449784,0.5749244480004008,0.048070155172512,20.802928478413378,3.3817611194744606,29.422542124364053,0.5608453487555591,51
2026-06-04,secondary_pinned_archive,tokens,top50_plus_other_bucket,5415123633763,0.07793036421584858,0.041539246326962376,0.04761238799377719,0.08974856285936285,0.25472964300215845,0.37217696412676327,0.5752926438100867,0.04761238799377719,21.002937305532697,3.3822800853706303,29.437815383112632,0.561049212633387,51
