period,period_end_date,universe,aggregation,rank_basis,n,selected_ranking_units,unique_model_permaslugs_selected,observed_exact_service_variants_attached,service_variants_minus_permaslugs,service_variant_to_permaslug_ratio,distinct_catalog_tokenizer_labels,distinct_catalog_modality_signatures,structured_model_size_records,hardware_compatible_weight_design_count
day,2026-08-11,current_catalog_text_output,exact_model_variant,total_tokens,1,1,1,1,0,1.0,1,1,0,not_identified
day,2026-08-11,current_catalog_text_output,exact_model_variant,total_tokens,2,2,2,2,0,1.0,2,1,0,not_identified
day,2026-08-11,current_catalog_text_output,exact_model_variant,total_tokens,3,3,3,3,0,1.0,3,2,0,not_identified
day,2026-08-11,current_catalog_text_output,exact_model_variant,total_tokens,4,4,4,4,0,1.0,3,2,0,not_identified
day,2026-08-11,current_catalog_text_output,exact_model_variant,total_tokens,5,5,5,5,0,1.0,3,3,0,not_identified
day,2026-08-11,current_catalog_text_output,exact_model_variant,total_tokens,6,6,6,6,0,1.0,3,3,0,not_identified
day,2026-08-11,current_catalog_text_output,exact_model_variant,total_tokens,7,7,7,7,0,1.0,3,3,0,not_identified
day,2026-08-11,current_catalog_text_output,exact_model_variant,total_tokens,8,8,8,8,0,1.0,4,3,0,not_identified
day,2026-08-11,current_catalog_text_output,exact_model_variant,total_tokens,9,9,9,9,0,1.0,4,4,0,not_identified
day,2026-08-11,current_catalog_text_output,exact_model_variant,total_tokens,10,10,10,10,0,1.0,4,4,0,not_identified
day,2026-08-11,current_catalog_text_output,exact_model_variant,total_tokens,11,11,11,11,0,1.0,4,4,0,not_identified
day,2026-08-11,current_catalog_text_output,exact_model_variant,total_tokens,12,12,12,12,0,1.0,4,4,0,not_identified
day,2026-08-11,current_catalog_text_output,exact_model_variant,total_tokens,13,13,13,13,0,1.0,5,5,0,not_identified
day,2026-08-11,current_catalog_text_output,exact_model_variant,total_tokens,14,14,14,14,0,1.0,5,5,0,not_identified
day,2026-08-11,current_catalog_text_output,exact_model_variant,total_tokens,15,15,15,15,0,1.0,5,5,0,not_identified
day,2026-08-11,current_catalog_text_output,exact_model_variant,total_tokens,16,16,16,16,0,1.0,5,5,0,not_identified
day,2026-08-11,current_catalog_text_output,exact_model_variant,total_tokens,17,17,17,17,0,1.0,5,5,0,not_identified
day,2026-08-11,current_catalog_text_output,exact_model_variant,total_tokens,18,18,18,18,0,1.0,5,5,0,not_identified
day,2026-08-11,current_catalog_text_output,exact_model_variant,total_tokens,19,19,19,19,0,1.0,5,5,0,not_identified
day,2026-08-11,current_catalog_text_output,exact_model_variant,total_tokens,20,20,20,20,0,1.0,5,5,0,not_identified
day,2026-08-11,current_catalog_text_output,exact_model_variant,total_tokens,21,21,21,21,0,1.0,5,5,0,not_identified
day,2026-08-11,current_catalog_text_output,exact_model_variant,total_tokens,22,22,22,22,0,1.0,5,5,0,not_identified
day,2026-08-11,current_catalog_text_output,exact_model_variant,total_tokens,23,23,23,23,0,1.0,6,5,0,not_identified
day,2026-08-11,current_catalog_text_output,exact_model_variant,total_tokens,24,24,24,24,0,1.0,6,5,0,not_identified
day,2026-08-11,current_catalog_text_output,exact_model_variant,total_tokens,25,25,25,25,0,1.0,6,5,0,not_identified
day,2026-08-11,current_catalog_text_output,exact_model_variant,total_tokens,26,26,26,26,0,1.0,6,5,0,not_identified
day,2026-08-11,current_catalog_text_output,exact_model_variant,total_tokens,27,27,27,27,0,1.0,6,5,0,not_identified
day,2026-08-11,current_catalog_text_output,exact_model_variant,total_tokens,28,28,28,28,0,1.0,6,5,0,not_identified
day,2026-08-11,current_catalog_text_output,exact_model_variant,total_tokens,29,29,29,29,0,1.0,6,5,0,not_identified
day,2026-08-11,current_catalog_text_output,exact_model_variant,total_tokens,30,30,30,30,0,1.0,7,5,0,not_identified
day,2026-08-11,current_catalog_text_output,exact_model_variant,total_tokens,31,31,31,31,0,1.0,8,5,0,not_identified
day,2026-08-11,current_catalog_text_output,exact_model_variant,total_tokens,32,32,32,32,0,1.0,8,5,0,not_identified
day,2026-08-11,current_catalog_text_output,exact_model_variant,total_tokens,33,33,33,33,0,1.0,8,5,0,not_identified
day,2026-08-11,current_catalog_text_output,exact_model_variant,total_tokens,34,34,34,34,0,1.0,8,5,0,not_identified
day,2026-08-11,current_catalog_text_output,exact_model_variant,total_tokens,35,35,35,35,0,1.0,8,5,0,not_identified
day,2026-08-11,current_catalog_text_output,exact_model_variant,total_tokens,36,36,36,36,0,1.0,8,5,0,not_identified
day,2026-08-11,current_catalog_text_output,exact_model_variant,total_tokens,37,37,37,37,0,1.0,8,5,0,not_identified
day,2026-08-11,current_catalog_text_output,exact_model_variant,total_tokens,38,38,38,38,0,1.0,9,5,0,not_identified
day,2026-08-11,current_catalog_text_output,exact_model_variant,total_tokens,39,39,39,39,0,1.0,9,5,0,not_identified
day,2026-08-11,current_catalog_text_output,exact_model_variant,total_tokens,40,40,40,40,0,1.0,9,5,0,not_identified
day,2026-08-11,current_catalog_text_output,exact_model_variant,total_tokens,41,41,41,41,0,1.0,9,5,0,not_identified
day,2026-08-11,current_catalog_text_output,exact_model_variant,total_tokens,42,42,42,42,0,1.0,9,5,0,not_identified
day,2026-08-11,current_catalog_text_output,exact_model_variant,total_tokens,43,43,43,43,0,1.0,9,5,0,not_identified
day,2026-08-11,current_catalog_text_output,exact_model_variant,total_tokens,44,44,44,44,0,1.0,9,5,0,not_identified
day,2026-08-11,current_catalog_text_output,exact_model_variant,total_tokens,45,45,45,45,0,1.0,9,5,0,not_identified
day,2026-08-11,current_catalog_text_output,exact_model_variant,total_tokens,46,46,46,46,0,1.0,9,5,0,not_identified
day,2026-08-11,current_catalog_text_output,exact_model_variant,total_tokens,47,47,47,47,0,1.0,9,5,0,not_identified
day,2026-08-11,current_catalog_text_output,exact_model_variant,total_tokens,48,48,48,48,0,1.0,9,5,0,not_identified
day,2026-08-11,current_catalog_text_output,exact_model_variant,total_tokens,49,49,49,49,0,1.0,9,5,0,not_identified
day,2026-08-11,current_catalog_text_output,exact_model_variant,total_tokens,50,50,50,50,0,1.0,9,5,0,not_identified
day,2026-08-11,current_catalog_text_output,exact_model_variant,total_tokens,51,51,51,51,0,1.0,9,6,0,not_identified
day,2026-08-11,current_catalog_text_output,exact_model_variant,total_tokens,52,52,52,52,0,1.0,9,6,0,not_identified
day,2026-08-11,current_catalog_text_output,exact_model_variant,total_tokens,53,53,52,53,1,1.0192307692307692,9,6,0,not_identified
day,2026-08-11,current_catalog_text_output,exact_model_variant,total_tokens,54,54,53,54,1,1.0188679245283019,10,6,0,not_identified
day,2026-08-11,current_catalog_text_output,exact_model_variant,total_tokens,55,55,54,55,1,1.0185185185185186,10,6,0,not_identified
day,2026-08-11,current_catalog_text_output,exact_model_variant,total_tokens,56,56,55,56,1,1.018181818181818,10,6,0,not_identified
day,2026-08-11,current_catalog_text_output,exact_model_variant,total_tokens,57,57,56,57,1,1.0178571428571428,10,6,0,not_identified
day,2026-08-11,current_catalog_text_output,exact_model_variant,total_tokens,58,58,57,58,1,1.0175438596491229,10,6,0,not_identified
day,2026-08-11,current_catalog_text_output,exact_model_variant,total_tokens,59,59,58,59,1,1.0172413793103448,10,6,0,not_identified
day,2026-08-11,current_catalog_text_output,exact_model_variant,total_tokens,60,60,59,60,1,1.0169491525423728,10,6,0,not_identified
day,2026-08-11,current_catalog_text_output,exact_model_variant,total_tokens,61,61,60,61,1,1.0166666666666666,10,6,0,not_identified
day,2026-08-11,current_catalog_text_output,exact_model_variant,total_tokens,62,62,61,62,1,1.0163934426229508,10,6,0,not_identified
day,2026-08-11,current_catalog_text_output,exact_model_variant,total_tokens,63,63,62,63,1,1.0161290322580645,10,6,0,not_identified
day,2026-08-11,current_catalog_text_output,exact_model_variant,total_tokens,64,64,63,64,1,1.0158730158730158,10,6,0,not_identified
day,2026-08-11,current_catalog_text_output,exact_model_variant,total_tokens,65,65,64,65,1,1.015625,10,6,0,not_identified
day,2026-08-11,current_catalog_text_output,exact_model_variant,total_tokens,66,66,65,66,1,1.0153846153846153,10,6,0,not_identified
day,2026-08-11,current_catalog_text_output,exact_model_variant,total_tokens,67,67,66,67,1,1.0151515151515151,11,6,0,not_identified
day,2026-08-11,current_catalog_text_output,exact_model_variant,total_tokens,68,68,67,68,1,1.0149253731343284,11,6,0,not_identified
day,2026-08-11,current_catalog_text_output,exact_model_variant,total_tokens,69,69,67,69,2,1.0298507462686568,11,6,0,not_identified
day,2026-08-11,current_catalog_text_output,exact_model_variant,total_tokens,70,70,68,70,2,1.0294117647058822,11,6,0,not_identified
day,2026-08-11,current_catalog_text_output,exact_model_variant,total_tokens,71,71,69,71,2,1.0289855072463767,11,6,0,not_identified
day,2026-08-11,current_catalog_text_output,exact_model_variant,total_tokens,72,72,70,72,2,1.0285714285714285,12,6,0,not_identified
day,2026-08-11,current_catalog_text_output,exact_model_variant,total_tokens,73,73,71,73,2,1.028169014084507,12,6,0,not_identified
day,2026-08-11,current_catalog_text_output,exact_model_variant,total_tokens,74,74,72,74,2,1.0277777777777777,12,6,0,not_identified
day,2026-08-11,current_catalog_text_output,exact_model_variant,total_tokens,75,75,73,75,2,1.0273972602739727,12,6,0,not_identified
day,2026-08-11,current_catalog_text_output,exact_model_variant,total_tokens,76,76,74,76,2,1.027027027027027,12,6,0,not_identified
day,2026-08-11,current_catalog_text_output,exact_model_variant,total_tokens,77,77,75,77,2,1.0266666666666666,12,6,0,not_identified
day,2026-08-11,current_catalog_text_output,exact_model_variant,total_tokens,78,78,76,78,2,1.0263157894736843,13,6,0,not_identified
day,2026-08-11,current_catalog_text_output,exact_model_variant,total_tokens,79,79,77,79,2,1.025974025974026,13,6,0,not_identified
day,2026-08-11,current_catalog_text_output,exact_model_variant,total_tokens,80,80,78,80,2,1.0256410256410255,13,6,0,not_identified
day,2026-08-11,current_catalog_text_output,exact_model_variant,total_tokens,81,81,79,81,2,1.0253164556962024,13,6,0,not_identified
day,2026-08-11,current_catalog_text_output,exact_model_variant,total_tokens,82,82,80,82,2,1.025,13,6,0,not_identified
day,2026-08-11,current_catalog_text_output,exact_model_variant,total_tokens,83,83,81,83,2,1.0246913580246915,13,6,0,not_identified
day,2026-08-11,current_catalog_text_output,exact_model_variant,total_tokens,84,84,82,84,2,1.024390243902439,13,6,0,not_identified
day,2026-08-11,current_catalog_text_output,exact_model_variant,total_tokens,85,85,83,85,2,1.0240963855421688,13,6,0,not_identified
day,2026-08-11,current_catalog_text_output,exact_model_variant,total_tokens,86,86,84,86,2,1.0238095238095237,13,6,0,not_identified
day,2026-08-11,current_catalog_text_output,exact_model_variant,total_tokens,87,87,85,87,2,1.0235294117647058,13,6,0,not_identified
day,2026-08-11,current_catalog_text_output,exact_model_variant,total_tokens,88,88,85,88,3,1.035294117647059,13,6,0,not_identified
day,2026-08-11,current_catalog_text_output,exact_model_variant,total_tokens,89,89,86,89,3,1.0348837209302326,13,6,0,not_identified
day,2026-08-11,current_catalog_text_output,exact_model_variant,total_tokens,90,90,87,90,3,1.0344827586206897,13,6,0,not_identified
day,2026-08-11,current_catalog_text_output,exact_model_variant,total_tokens,91,91,88,91,3,1.0340909090909092,13,6,0,not_identified
day,2026-08-11,current_catalog_text_output,exact_model_variant,total_tokens,92,92,89,92,3,1.0337078651685394,13,6,0,not_identified
day,2026-08-11,current_catalog_text_output,exact_model_variant,total_tokens,93,93,90,93,3,1.0333333333333334,13,6,0,not_identified
day,2026-08-11,current_catalog_text_output,exact_model_variant,total_tokens,94,94,91,94,3,1.032967032967033,13,6,0,not_identified
day,2026-08-11,current_catalog_text_output,exact_model_variant,total_tokens,95,95,92,95,3,1.0326086956521738,13,6,0,not_identified
day,2026-08-11,current_catalog_text_output,exact_model_variant,total_tokens,96,96,93,96,3,1.032258064516129,13,6,0,not_identified
day,2026-08-11,current_catalog_text_output,exact_model_variant,total_tokens,97,97,94,97,3,1.0319148936170213,13,6,0,not_identified
day,2026-08-11,current_catalog_text_output,exact_model_variant,total_tokens,98,98,95,98,3,1.0315789473684212,13,6,0,not_identified
day,2026-08-11,current_catalog_text_output,exact_model_variant,total_tokens,99,99,96,99,3,1.03125,13,6,0,not_identified
day,2026-08-11,current_catalog_text_output,exact_model_variant,total_tokens,100,100,97,100,3,1.0309278350515463,13,6,0,not_identified
day,2026-08-11,current_catalog_text_output,exact_model_variant,total_tokens,101,101,98,101,3,1.030612244897959,13,6,0,not_identified
day,2026-08-11,current_catalog_text_output,exact_model_variant,total_tokens,102,102,99,102,3,1.0303030303030303,13,6,0,not_identified
day,2026-08-11,current_catalog_text_output,exact_model_variant,total_tokens,103,103,100,103,3,1.03,13,6,0,not_identified
day,2026-08-11,current_catalog_text_output,exact_model_variant,total_tokens,104,104,101,104,3,1.0297029702970297,13,6,0,not_identified
day,2026-08-11,current_catalog_text_output,exact_model_variant,total_tokens,105,105,102,105,3,1.0294117647058822,13,6,0,not_identified
day,2026-08-11,current_catalog_text_output,exact_model_variant,total_tokens,106,106,103,106,3,1.029126213592233,13,6,0,not_identified
day,2026-08-11,current_catalog_text_output,exact_model_variant,total_tokens,107,107,104,107,3,1.0288461538461537,13,6,0,not_identified
day,2026-08-11,current_catalog_text_output,exact_model_variant,total_tokens,108,108,105,108,3,1.0285714285714285,13,6,0,not_identified
day,2026-08-11,current_catalog_text_output,exact_model_variant,total_tokens,109,109,106,109,3,1.028301886792453,13,6,0,not_identified
day,2026-08-11,current_catalog_text_output,exact_model_variant,total_tokens,110,110,107,110,3,1.02803738317757,14,6,0,not_identified
day,2026-08-11,current_catalog_text_output,exact_model_variant,total_tokens,111,111,108,111,3,1.0277777777777777,14,6,0,not_identified
day,2026-08-11,current_catalog_text_output,exact_model_variant,total_tokens,112,112,109,112,3,1.0275229357798166,14,6,0,not_identified
day,2026-08-11,current_catalog_text_output,exact_model_variant,total_tokens,113,113,110,113,3,1.0272727272727273,14,6,0,not_identified
day,2026-08-11,current_catalog_text_output,exact_model_variant,total_tokens,114,114,111,114,3,1.027027027027027,14,6,0,not_identified
day,2026-08-11,current_catalog_text_output,exact_model_variant,total_tokens,115,115,112,115,3,1.0267857142857142,14,6,0,not_identified
day,2026-08-11,current_catalog_text_output,exact_model_variant,total_tokens,116,116,113,116,3,1.0265486725663717,14,6,0,not_identified
day,2026-08-11,current_catalog_text_output,exact_model_variant,total_tokens,117,117,113,117,4,1.0353982300884956,14,6,0,not_identified
day,2026-08-11,current_catalog_text_output,exact_model_variant,total_tokens,118,118,114,118,4,1.0350877192982457,14,6,0,not_identified
day,2026-08-11,current_catalog_text_output,exact_model_variant,total_tokens,119,119,115,119,4,1.0347826086956522,14,6,0,not_identified
day,2026-08-11,current_catalog_text_output,exact_model_variant,total_tokens,120,120,116,120,4,1.0344827586206897,14,6,0,not_identified
day,2026-08-11,current_catalog_text_output,exact_model_variant,total_tokens,121,121,116,121,5,1.043103448275862,14,6,0,not_identified
day,2026-08-11,current_catalog_text_output,exact_model_variant,total_tokens,122,122,117,122,5,1.0427350427350428,14,6,0,not_identified
day,2026-08-11,current_catalog_text_output,exact_model_variant,total_tokens,123,123,118,123,5,1.0423728813559323,14,6,0,not_identified
day,2026-08-11,current_catalog_text_output,exact_model_variant,total_tokens,124,124,119,124,5,1.0420168067226891,14,6,0,not_identified
day,2026-08-11,current_catalog_text_output,exact_model_variant,total_tokens,125,125,120,125,5,1.0416666666666667,14,6,0,not_identified
day,2026-08-11,current_catalog_text_output,exact_model_variant,total_tokens,126,126,121,126,5,1.0413223140495869,14,6,0,not_identified
day,2026-08-11,current_catalog_text_output,exact_model_variant,total_tokens,127,127,122,127,5,1.040983606557377,14,6,0,not_identified
day,2026-08-11,current_catalog_text_output,exact_model_variant,total_tokens,128,128,123,128,5,1.0406504065040652,14,6,0,not_identified
day,2026-08-11,current_catalog_text_output,exact_model_variant,total_tokens,129,129,124,129,5,1.0403225806451613,14,6,0,not_identified
day,2026-08-11,current_catalog_text_output,exact_model_variant,total_tokens,130,130,124,130,6,1.0483870967741935,14,6,0,not_identified
day,2026-08-11,current_catalog_text_output,exact_model_variant,total_tokens,131,131,125,131,6,1.048,14,7,0,not_identified
day,2026-08-11,current_catalog_text_output,exact_model_variant,total_tokens,132,132,126,132,6,1.0476190476190477,14,7,0,not_identified
day,2026-08-11,current_catalog_text_output,exact_model_variant,total_tokens,133,133,127,133,6,1.047244094488189,14,7,0,not_identified
day,2026-08-11,current_catalog_text_output,exact_model_variant,total_tokens,134,134,128,134,6,1.046875,14,7,0,not_identified
day,2026-08-11,current_catalog_text_output,exact_model_variant,total_tokens,135,135,129,135,6,1.0465116279069768,14,7,0,not_identified
day,2026-08-11,current_catalog_text_output,exact_model_variant,total_tokens,136,136,130,136,6,1.0461538461538462,14,7,0,not_identified
day,2026-08-11,current_catalog_text_output,exact_model_variant,total_tokens,137,137,131,137,6,1.0458015267175573,14,7,0,not_identified
day,2026-08-11,current_catalog_text_output,exact_model_variant,total_tokens,138,138,132,138,6,1.0454545454545454,14,7,0,not_identified
day,2026-08-11,current_catalog_text_output,exact_model_variant,total_tokens,139,139,133,139,6,1.0451127819548873,14,7,0,not_identified
day,2026-08-11,current_catalog_text_output,exact_model_variant,total_tokens,140,140,133,140,7,1.0526315789473684,14,7,0,not_identified
day,2026-08-11,current_catalog_text_output,exact_model_variant,total_tokens,141,141,134,141,7,1.0522388059701493,14,7,0,not_identified
day,2026-08-11,current_catalog_text_output,exact_model_variant,total_tokens,142,142,135,142,7,1.0518518518518518,14,7,0,not_identified
day,2026-08-11,current_catalog_text_output,exact_model_variant,total_tokens,143,143,136,143,7,1.0514705882352942,14,7,0,not_identified
day,2026-08-11,current_catalog_text_output,exact_model_variant,total_tokens,144,144,137,144,7,1.051094890510949,14,7,0,not_identified
day,2026-08-11,current_catalog_text_output,exact_model_variant,total_tokens,145,145,138,145,7,1.0507246376811594,14,7,0,not_identified
day,2026-08-11,current_catalog_text_output,exact_model_variant,total_tokens,146,146,139,146,7,1.0503597122302157,14,7,0,not_identified
day,2026-08-11,current_catalog_text_output,exact_model_variant,total_tokens,147,147,140,147,7,1.05,14,7,0,not_identified
day,2026-08-11,current_catalog_text_output,exact_model_variant,total_tokens,148,148,141,148,7,1.049645390070922,14,7,0,not_identified
day,2026-08-11,current_catalog_text_output,exact_model_variant,total_tokens,149,149,141,149,8,1.0567375886524824,14,7,0,not_identified
day,2026-08-11,current_catalog_text_output,exact_model_variant,total_tokens,150,150,142,150,8,1.056338028169014,14,7,0,not_identified
day,2026-08-11,current_catalog_text_output,exact_model_variant,total_tokens,151,151,143,151,8,1.055944055944056,14,7,0,not_identified
day,2026-08-11,current_catalog_text_output,exact_model_variant,total_tokens,152,152,144,152,8,1.0555555555555556,14,7,0,not_identified
day,2026-08-11,current_catalog_text_output,exact_model_variant,total_tokens,153,153,145,153,8,1.0551724137931036,14,7,0,not_identified
day,2026-08-11,current_catalog_text_output,exact_model_variant,total_tokens,154,154,146,154,8,1.0547945205479452,14,7,0,not_identified
day,2026-08-11,current_catalog_text_output,exact_model_variant,total_tokens,155,155,147,155,8,1.054421768707483,14,7,0,not_identified
day,2026-08-11,current_catalog_text_output,exact_model_variant,total_tokens,156,156,148,156,8,1.054054054054054,14,7,0,not_identified
day,2026-08-11,current_catalog_text_output,exact_model_variant,total_tokens,157,157,149,157,8,1.0536912751677852,14,7,0,not_identified
day,2026-08-11,current_catalog_text_output,exact_model_variant,total_tokens,158,158,150,158,8,1.0533333333333332,14,7,0,not_identified
day,2026-08-11,current_catalog_text_output,exact_model_variant,total_tokens,159,159,151,159,8,1.0529801324503312,14,7,0,not_identified
day,2026-08-11,current_catalog_text_output,exact_model_variant,total_tokens,160,160,152,160,8,1.0526315789473684,14,8,0,not_identified
day,2026-08-11,current_catalog_text_output,exact_model_variant,total_tokens,161,161,153,161,8,1.0522875816993464,14,8,0,not_identified
day,2026-08-11,current_catalog_text_output,exact_model_variant,total_tokens,162,162,154,162,8,1.051948051948052,14,8,0,not_identified
day,2026-08-11,current_catalog_text_output,exact_model_variant,total_tokens,163,163,155,163,8,1.0516129032258064,14,8,0,not_identified
day,2026-08-11,current_catalog_text_output,exact_model_variant,total_tokens,164,164,156,164,8,1.0512820512820513,14,8,0,not_identified
day,2026-08-11,current_catalog_text_output,exact_model_variant,total_tokens,165,165,157,165,8,1.0509554140127388,14,8,0,not_identified
day,2026-08-11,current_catalog_text_output,exact_model_variant,total_tokens,166,166,158,166,8,1.0506329113924051,14,8,0,not_identified
day,2026-08-11,current_catalog_text_output,exact_model_variant,total_tokens,167,167,159,167,8,1.050314465408805,14,8,0,not_identified
day,2026-08-11,current_catalog_text_output,exact_model_variant,total_tokens,168,168,160,168,8,1.05,14,8,0,not_identified
day,2026-08-11,current_catalog_text_output,exact_model_variant,total_tokens,169,169,161,169,8,1.049689440993789,14,8,0,not_identified
day,2026-08-11,current_catalog_text_output,exact_model_variant,total_tokens,170,170,162,170,8,1.0493827160493827,14,8,0,not_identified
day,2026-08-11,current_catalog_text_output,exact_model_variant,total_tokens,171,171,163,171,8,1.049079754601227,14,8,0,not_identified
day,2026-08-11,current_catalog_text_output,exact_model_variant,total_tokens,172,172,164,172,8,1.048780487804878,14,8,0,not_identified
day,2026-08-11,current_catalog_text_output,exact_model_variant,total_tokens,173,173,165,173,8,1.0484848484848486,14,8,0,not_identified
day,2026-08-11,current_catalog_text_output,exact_model_variant,total_tokens,174,174,166,174,8,1.0481927710843373,14,8,0,not_identified
day,2026-08-11,current_catalog_text_output,exact_model_variant,total_tokens,175,175,167,175,8,1.0479041916167664,14,8,0,not_identified
day,2026-08-11,current_catalog_text_output,exact_model_variant,total_tokens,176,176,168,176,8,1.0476190476190477,14,8,0,not_identified
day,2026-08-11,current_catalog_text_output,exact_model_variant,total_tokens,177,177,169,177,8,1.047337278106509,14,8,0,not_identified
day,2026-08-11,current_catalog_text_output,exact_model_variant,total_tokens,178,178,170,178,8,1.0470588235294118,14,8,0,not_identified
day,2026-08-11,current_catalog_text_output,exact_model_variant,total_tokens,179,179,171,179,8,1.0467836257309941,14,8,0,not_identified
day,2026-08-11,current_catalog_text_output,exact_model_variant,total_tokens,180,180,172,180,8,1.0465116279069768,14,8,0,not_identified
day,2026-08-11,current_catalog_text_output,exact_model_variant,total_tokens,181,181,173,181,8,1.046242774566474,14,8,0,not_identified
day,2026-08-11,current_catalog_text_output,exact_model_variant,total_tokens,182,182,174,182,8,1.0459770114942528,14,8,0,not_identified
day,2026-08-11,current_catalog_text_output,exact_model_variant,total_tokens,183,183,175,183,8,1.0457142857142858,14,8,0,not_identified
day,2026-08-11,current_catalog_text_output,exact_model_variant,total_tokens,184,184,176,184,8,1.0454545454545454,14,8,0,not_identified
day,2026-08-11,current_catalog_text_output,exact_model_variant,total_tokens,185,185,177,185,8,1.0451977401129944,14,8,0,not_identified
day,2026-08-11,current_catalog_text_output,exact_model_variant,total_tokens,186,186,178,186,8,1.0449438202247192,14,8,0,not_identified
day,2026-08-11,current_catalog_text_output,exact_model_variant,total_tokens,187,187,179,187,8,1.0446927374301676,14,8,0,not_identified
day,2026-08-11,current_catalog_text_output,exact_model_variant,total_tokens,188,188,180,188,8,1.0444444444444445,14,8,0,not_identified
day,2026-08-11,current_catalog_text_output,exact_model_variant,total_tokens,189,189,181,189,8,1.0441988950276244,14,8,0,not_identified
day,2026-08-11,current_catalog_text_output,exact_model_variant,total_tokens,190,190,182,190,8,1.043956043956044,14,8,0,not_identified
day,2026-08-11,current_catalog_text_output,exact_model_variant,total_tokens,191,191,183,191,8,1.0437158469945356,14,8,0,not_identified
day,2026-08-11,current_catalog_text_output,exact_model_variant,total_tokens,192,192,184,192,8,1.0434782608695652,14,8,0,not_identified
day,2026-08-11,current_catalog_text_output,exact_model_variant,total_tokens,193,193,185,193,8,1.0432432432432432,14,8,0,not_identified
day,2026-08-11,current_catalog_text_output,exact_model_variant,total_tokens,194,194,186,194,8,1.043010752688172,14,8,0,not_identified
day,2026-08-11,current_catalog_text_output,exact_model_variant,total_tokens,195,195,187,195,8,1.0427807486631016,14,8,0,not_identified
day,2026-08-11,current_catalog_text_output,exact_model_variant,total_tokens,196,196,188,196,8,1.0425531914893618,14,8,0,not_identified
day,2026-08-11,current_catalog_text_output,exact_model_variant,total_tokens,197,197,189,197,8,1.0423280423280423,14,8,0,not_identified
day,2026-08-11,current_catalog_text_output,exact_model_variant,total_tokens,198,198,189,198,9,1.0476190476190477,14,8,0,not_identified
day,2026-08-11,current_catalog_text_output,exact_model_variant,total_tokens,199,199,190,199,9,1.0473684210526315,14,8,0,not_identified
day,2026-08-11,current_catalog_text_output,exact_model_variant,total_tokens,200,200,191,200,9,1.0471204188481675,14,8,0,not_identified
day,2026-08-11,current_catalog_text_output,exact_model_variant,total_tokens,201,201,192,201,9,1.046875,14,8,0,not_identified
day,2026-08-11,current_catalog_text_output,exact_model_variant,total_tokens,202,202,193,202,9,1.0466321243523315,14,9,0,not_identified
day,2026-08-11,current_catalog_text_output,exact_model_variant,total_tokens,203,203,194,203,9,1.0463917525773196,14,9,0,not_identified
day,2026-08-11,current_catalog_text_output,exact_model_variant,total_tokens,204,204,195,204,9,1.0461538461538462,14,9,0,not_identified
day,2026-08-11,current_catalog_text_output,exact_model_variant,total_tokens,205,205,196,205,9,1.0459183673469388,14,9,0,not_identified
day,2026-08-11,current_catalog_text_output,exact_model_variant,total_tokens,206,206,197,206,9,1.0456852791878173,14,9,0,not_identified
day,2026-08-11,current_catalog_text_output,exact_model_variant,total_tokens,207,207,198,207,9,1.0454545454545454,14,9,0,not_identified
day,2026-08-11,current_catalog_text_output,exact_model_variant,total_tokens,208,208,199,208,9,1.0452261306532664,14,9,0,not_identified
day,2026-08-11,current_catalog_text_output,exact_model_variant,total_tokens,209,209,200,209,9,1.045,14,9,0,not_identified
day,2026-08-11,current_catalog_text_output,exact_model_variant,total_tokens,210,210,201,210,9,1.044776119402985,14,9,0,not_identified
day,2026-08-11,current_catalog_text_output,exact_model_variant,total_tokens,211,211,202,211,9,1.0445544554455446,14,9,0,not_identified
day,2026-08-11,current_catalog_text_output,exact_model_variant,total_tokens,212,212,203,212,9,1.0443349753694582,14,9,0,not_identified
day,2026-08-11,current_catalog_text_output,exact_model_variant,total_tokens,213,213,204,213,9,1.0441176470588236,14,9,0,not_identified
day,2026-08-11,current_catalog_text_output,exact_model_variant,total_tokens,214,214,205,214,9,1.0439024390243903,14,9,0,not_identified
day,2026-08-11,current_catalog_text_output,exact_model_variant,total_tokens,215,215,206,215,9,1.0436893203883495,14,9,0,not_identified
day,2026-08-11,current_catalog_text_output,exact_model_variant,total_tokens,216,216,207,216,9,1.0434782608695652,14,9,0,not_identified
day,2026-08-11,current_catalog_text_output,exact_model_variant,total_tokens,217,217,208,217,9,1.0432692307692308,14,9,0,not_identified
day,2026-08-11,current_catalog_text_output,exact_model_variant,total_tokens,218,218,209,218,9,1.0430622009569377,14,9,0,not_identified
day,2026-08-11,current_catalog_text_output,exact_model_variant,total_tokens,219,219,210,219,9,1.042857142857143,14,9,0,not_identified
day,2026-08-11,current_catalog_text_output,exact_model_variant,total_tokens,220,220,211,220,9,1.042654028436019,14,9,0,not_identified
day,2026-08-11,current_catalog_text_output,exact_model_variant,total_tokens,221,221,212,221,9,1.0424528301886793,14,9,0,not_identified
day,2026-08-11,current_catalog_text_output,exact_model_variant,total_tokens,222,222,213,222,9,1.0422535211267605,14,9,0,not_identified
day,2026-08-11,current_catalog_text_output,exact_model_variant,total_tokens,223,223,213,223,10,1.0469483568075117,14,9,0,not_identified
day,2026-08-11,current_catalog_text_output,exact_model_variant,total_tokens,224,224,214,224,10,1.0467289719626167,14,9,0,not_identified
day,2026-08-11,current_catalog_text_output,exact_model_variant,total_tokens,225,225,215,225,10,1.0465116279069768,14,9,0,not_identified
day,2026-08-11,current_catalog_text_output,exact_model_variant,total_tokens,226,226,215,226,11,1.0511627906976744,14,9,0,not_identified
day,2026-08-11,current_catalog_text_output,exact_model_variant,total_tokens,227,227,216,227,11,1.0509259259259258,14,9,0,not_identified
day,2026-08-11,current_catalog_text_output,exact_model_variant,total_tokens,228,228,217,228,11,1.0506912442396312,14,9,0,not_identified
day,2026-08-11,current_catalog_text_output,exact_model_variant,total_tokens,229,229,218,229,11,1.0504587155963303,14,9,0,not_identified
day,2026-08-11,current_catalog_text_output,exact_model_variant,total_tokens,230,230,219,230,11,1.0502283105022832,14,9,0,not_identified
day,2026-08-11,current_catalog_text_output,exact_model_variant,total_tokens,231,231,220,231,11,1.05,14,9,0,not_identified
day,2026-08-11,current_catalog_text_output,exact_model_variant,total_tokens,232,232,221,232,11,1.0497737556561086,14,9,0,not_identified
day,2026-08-11,current_catalog_text_output,exact_model_variant,total_tokens,233,233,222,233,11,1.0495495495495495,14,9,0,not_identified
day,2026-08-11,current_catalog_text_output,exact_model_variant,total_tokens,234,234,222,234,12,1.054054054054054,14,9,0,not_identified
day,2026-08-11,current_catalog_text_output,exact_model_variant,total_tokens,235,235,223,235,12,1.053811659192825,14,9,0,not_identified
day,2026-08-11,current_catalog_text_output,exact_model_variant,total_tokens,236,236,223,236,13,1.0582959641255605,14,9,0,not_identified
day,2026-08-11,current_catalog_text_output,exact_model_variant,total_tokens,237,237,224,237,13,1.0580357142857142,14,9,0,not_identified
day,2026-08-11,current_catalog_text_output,exact_model_variant,total_tokens,238,238,225,238,13,1.0577777777777777,14,9,0,not_identified
day,2026-08-11,current_catalog_text_output,exact_model_variant,total_tokens,239,239,226,239,13,1.0575221238938053,14,9,0,not_identified
day,2026-08-11,current_catalog_text_output,exact_model_variant,total_tokens,240,240,227,240,13,1.0572687224669604,15,9,0,not_identified
day,2026-08-11,current_catalog_text_output,exact_model_variant,total_tokens,241,241,228,241,13,1.0570175438596492,15,9,0,not_identified
day,2026-08-11,current_catalog_text_output,exact_model_variant,total_tokens,242,242,229,242,13,1.056768558951965,15,9,0,not_identified
day,2026-08-11,current_catalog_text_output,exact_model_variant,total_tokens,243,243,230,243,13,1.0565217391304347,15,9,0,not_identified
day,2026-08-11,current_catalog_text_output,exact_model_variant,total_tokens,244,244,231,244,13,1.0562770562770563,15,10,0,not_identified
day,2026-08-11,current_catalog_text_output,exact_model_variant,total_tokens,245,245,232,245,13,1.0560344827586208,15,10,0,not_identified
day,2026-08-11,current_catalog_text_output,exact_model_variant,total_tokens,246,246,233,246,13,1.055793991416309,15,10,0,not_identified
day,2026-08-11,current_catalog_text_output,exact_model_variant,total_tokens,247,247,234,247,13,1.0555555555555556,15,11,0,not_identified
day,2026-08-11,current_catalog_text_output,exact_model_variant,total_tokens,248,248,235,248,13,1.0553191489361702,15,11,0,not_identified
day,2026-08-11,current_catalog_text_output,exact_model_variant,total_tokens,249,249,236,249,13,1.055084745762712,15,11,0,not_identified
day,2026-08-11,current_catalog_text_output,exact_model_variant,total_tokens,250,250,237,250,13,1.0548523206751055,15,11,0,not_identified
day,2026-08-11,current_catalog_text_output,exact_model_variant,total_tokens,251,251,238,251,13,1.0546218487394958,15,11,0,not_identified
day,2026-08-11,current_catalog_text_output,exact_model_variant,total_tokens,252,252,239,252,13,1.0543933054393306,15,11,0,not_identified
day,2026-08-11,current_catalog_text_output,exact_model_variant,total_tokens,253,253,240,253,13,1.0541666666666667,15,11,0,not_identified
day,2026-08-11,current_catalog_text_output,exact_model_variant,total_tokens,254,254,241,254,13,1.053941908713693,15,11,0,not_identified
day,2026-08-11,current_catalog_text_output,exact_model_variant,total_tokens,255,255,242,255,13,1.0537190082644627,15,11,0,not_identified
day,2026-08-11,current_catalog_text_output,exact_model_variant,total_tokens,256,256,243,256,13,1.0534979423868314,15,11,0,not_identified
day,2026-08-11,current_catalog_text_output,exact_model_variant,total_tokens,257,257,244,257,13,1.0532786885245902,15,11,0,not_identified
day,2026-08-11,current_catalog_text_output,exact_model_variant,total_tokens,258,258,245,258,13,1.0530612244897959,15,11,0,not_identified
day,2026-08-11,current_catalog_text_output,exact_model_variant,total_tokens,259,259,246,259,13,1.0528455284552845,15,11,0,not_identified
day,2026-08-11,current_catalog_text_output,exact_model_variant,total_tokens,260,260,247,260,13,1.0526315789473684,15,11,0,not_identified
day,2026-08-11,current_catalog_text_output,exact_model_variant,total_tokens,261,261,248,261,13,1.0524193548387097,15,11,0,not_identified
day,2026-08-11,current_catalog_text_output,exact_model_variant,total_tokens,262,262,249,262,13,1.0522088353413654,15,11,0,not_identified
day,2026-08-11,current_catalog_text_output,exact_model_variant,total_tokens,263,263,250,263,13,1.052,15,11,0,not_identified
day,2026-08-11,current_catalog_text_output,exact_model_variant,total_tokens,264,264,250,264,14,1.056,15,11,0,not_identified
day,2026-08-11,current_catalog_text_output,exact_model_variant,total_tokens,265,265,251,265,14,1.0557768924302788,15,11,0,not_identified
day,2026-08-11,current_catalog_text_output,exact_model_variant,total_tokens,266,266,252,266,14,1.0555555555555556,15,11,0,not_identified
day,2026-08-11,current_catalog_text_output,exact_model_variant,total_tokens,267,267,253,267,14,1.0553359683794465,15,11,0,not_identified
day,2026-08-11,current_catalog_text_output,exact_model_variant,total_tokens,268,268,254,268,14,1.0551181102362204,15,11,0,not_identified
day,2026-08-11,current_catalog_text_output,exact_model_variant,total_tokens,269,269,255,269,14,1.0549019607843138,15,11,0,not_identified
day,2026-08-11,current_catalog_text_output,exact_model_variant,total_tokens,270,270,256,270,14,1.0546875,15,11,0,not_identified
day,2026-08-11,current_catalog_text_output,exact_model_variant,total_tokens,271,271,257,271,14,1.0544747081712063,15,11,0,not_identified
day,2026-08-11,current_catalog_text_output,exact_model_variant,total_tokens,272,272,258,272,14,1.054263565891473,15,11,0,not_identified
day,2026-08-11,current_catalog_text_output,exact_model_variant,total_tokens,273,273,258,273,15,1.058139534883721,15,11,0,not_identified
day,2026-08-11,current_catalog_text_output,exact_model_variant,total_tokens,274,274,259,274,15,1.057915057915058,15,11,0,not_identified
day,2026-08-11,current_catalog_text_output,exact_model_variant,total_tokens,275,275,260,275,15,1.0576923076923077,15,12,0,not_identified
day,2026-08-11,current_catalog_text_output,exact_model_variant,total_tokens,276,276,260,276,16,1.0615384615384615,15,12,0,not_identified
day,2026-08-11,current_catalog_text_output,exact_model_variant,total_tokens,277,277,261,277,16,1.0613026819923372,15,12,0,not_identified
day,2026-08-11,current_catalog_text_output,exact_model_variant,total_tokens,278,278,261,278,17,1.0651340996168583,15,12,0,not_identified
day,2026-08-11,current_catalog_text_output,exact_model_variant,total_tokens,279,279,262,279,17,1.0648854961832062,15,12,0,not_identified
day,2026-08-11,current_catalog_text_output,exact_model_variant,total_tokens,280,280,263,280,17,1.064638783269962,15,12,0,not_identified
day,2026-08-11,current_catalog_text_output,exact_model_variant,total_tokens,281,281,264,281,17,1.0643939393939394,15,12,0,not_identified
day,2026-08-11,current_catalog_text_output,exact_model_variant,total_tokens,282,282,265,282,17,1.0641509433962264,15,12,0,not_identified
day,2026-08-11,current_catalog_text_output,exact_model_variant,total_tokens,283,283,266,283,17,1.0639097744360901,15,12,0,not_identified
day,2026-08-11,current_catalog_text_output,exact_model_variant,total_tokens,284,284,267,284,17,1.0636704119850187,15,12,0,not_identified
day,2026-08-11,current_catalog_text_output,exact_model_variant,total_tokens,285,285,268,285,17,1.0634328358208955,15,12,0,not_identified
day,2026-08-11,current_catalog_text_output,exact_model_variant,total_tokens,286,286,269,286,17,1.063197026022305,15,12,0,not_identified
day,2026-08-11,current_catalog_text_output,exact_model_variant,total_tokens,287,287,269,287,18,1.066914498141264,15,12,0,not_identified
day,2026-08-11,current_catalog_text_output,exact_model_variant,total_tokens,288,288,270,288,18,1.0666666666666667,15,12,0,not_identified
day,2026-08-11,current_catalog_text_output,exact_model_variant,total_tokens,289,289,271,289,18,1.066420664206642,15,12,0,not_identified
day,2026-08-11,current_catalog_text_output,exact_model_variant,total_tokens,290,290,271,290,19,1.070110701107011,15,12,0,not_identified
day,2026-08-11,current_catalog_text_output,exact_model_variant,total_tokens,291,291,272,291,19,1.0698529411764706,15,12,0,not_identified
day,2026-08-11,current_catalog_text_output,exact_model_variant,total_tokens,292,292,272,292,20,1.0735294117647058,15,12,0,not_identified
day,2026-08-11,current_catalog_text_output,exact_model_variant,total_tokens,293,293,272,293,21,1.0772058823529411,15,12,0,not_identified
day,2026-08-11,current_catalog_text_output,exact_model_variant,total_tokens,294,294,273,294,21,1.0769230769230769,15,12,0,not_identified
day,2026-08-11,current_catalog_text_output,exact_model_variant,total_tokens,295,295,274,295,21,1.0766423357664234,15,12,0,not_identified
day,2026-08-11,current_catalog_text_output,exact_model_variant,total_tokens,296,296,275,296,21,1.0763636363636364,15,12,0,not_identified
day,2026-08-11,current_catalog_text_output,exact_model_variant,total_tokens,297,297,276,297,21,1.076086956521739,15,12,0,not_identified
day,2026-08-11,current_catalog_text_output,exact_model_variant,total_tokens,298,298,277,298,21,1.075812274368231,15,12,0,not_identified
day,2026-08-11,current_catalog_text_output,exact_model_variant,total_tokens,299,299,278,299,21,1.0755395683453237,15,13,0,not_identified
day,2026-08-11,current_catalog_text_output,exact_model_variant,total_tokens,300,300,279,300,21,1.075268817204301,15,13,0,not_identified
day,2026-08-11,current_catalog_text_output,exact_model_variant,total_tokens,301,301,279,301,22,1.0788530465949822,15,13,0,not_identified
day,2026-08-11,current_catalog_text_output,exact_model_variant,total_tokens,302,302,280,302,22,1.0785714285714285,15,13,0,not_identified
day,2026-08-11,current_catalog_text_output,exact_model_variant,total_tokens,303,303,281,303,22,1.0782918149466192,15,13,0,not_identified
day,2026-08-11,current_catalog_text_output,exact_model_variant,total_tokens,304,304,282,304,22,1.0780141843971631,15,13,0,not_identified
day,2026-08-11,current_catalog_text_output,exact_model_variant,total_tokens,305,305,283,305,22,1.0777385159010602,15,13,0,not_identified
day,2026-08-11,current_catalog_text_output,exact_model_variant,total_tokens,306,306,284,306,22,1.0774647887323943,15,13,0,not_identified
day,2026-08-11,current_catalog_text_output,exact_model_variant,total_tokens,307,307,285,307,22,1.0771929824561404,15,13,0,not_identified
day,2026-08-11,current_catalog_text_output,exact_model_variant,total_tokens,308,308,285,308,23,1.080701754385965,15,13,0,not_identified
day,2026-08-11,current_catalog_text_output,exact_model_variant,total_tokens,309,309,285,309,24,1.0842105263157895,15,13,0,not_identified
day,2026-08-11,current_catalog_text_output,exact_model_variant,total_tokens,310,310,285,310,25,1.087719298245614,15,13,0,not_identified
day,2026-08-11,current_catalog_text_output,exact_model_variant,total_tokens,311,311,286,311,25,1.0874125874125875,15,13,0,not_identified
day,2026-08-11,current_catalog_text_output,exact_model_variant,total_tokens,312,312,287,312,25,1.0871080139372822,15,13,0,not_identified
day,2026-08-11,current_catalog_text_output,exact_model_variant,total_tokens,313,313,287,313,26,1.0905923344947734,15,13,0,not_identified
day,2026-08-11,current_catalog_text_output,exact_model_variant,total_tokens,314,314,288,314,26,1.0902777777777777,15,13,0,not_identified
day,2026-08-11,current_catalog_text_output,exact_model_variant,total_tokens,315,315,289,315,26,1.0899653979238755,15,13,0,not_identified
day,2026-08-11,current_catalog_text_output,exact_model_variant,total_tokens,316,316,290,316,26,1.089655172413793,15,13,0,not_identified
day,2026-08-11,current_catalog_text_output,exact_model_variant,total_tokens,317,317,291,317,26,1.0893470790378006,15,13,0,not_identified
day,2026-08-11,current_catalog_text_output,exact_model_variant,total_tokens,318,318,292,318,26,1.0890410958904109,15,13,0,not_identified
day,2026-08-11,current_catalog_text_output,exact_model_variant,total_tokens,319,319,293,319,26,1.0887372013651877,15,13,0,not_identified
day,2026-08-11,current_catalog_text_output,exact_model_variant,total_tokens,320,320,293,320,27,1.0921501706484642,15,13,0,not_identified
day,2026-08-11,current_catalog_text_output,exact_model_variant,total_tokens,321,321,294,321,27,1.0918367346938775,15,13,0,not_identified
day,2026-08-11,current_catalog_text_output,exact_model_variant,total_tokens,322,322,295,322,27,1.0915254237288134,15,13,0,not_identified
day,2026-08-11,current_catalog_text_output,exact_model_variant,total_tokens,323,323,296,323,27,1.0912162162162162,15,13,0,not_identified
day,2026-08-11,current_catalog_text_output,exact_model_variant,total_tokens,324,324,297,324,27,1.0909090909090908,15,13,0,not_identified
day,2026-08-11,current_catalog_text_output,exact_model_variant,total_tokens,325,325,298,325,27,1.0906040268456376,15,13,0,not_identified
day,2026-08-11,current_catalog_text_output,exact_model_variant,total_tokens,326,326,298,326,28,1.0939597315436242,15,13,0,not_identified
day,2026-08-11,current_catalog_text_output,exact_model_variant,total_tokens,327,327,299,327,28,1.0936454849498327,15,13,0,not_identified
day,2026-08-11,current_catalog_text_output,exact_model_variant,total_tokens,328,328,299,328,29,1.0969899665551839,15,13,0,not_identified
day,2026-08-11,current_catalog_text_output,exact_model_variant,total_tokens,329,329,299,329,30,1.100334448160535,15,13,0,not_identified
day,2026-08-11,current_catalog_text_output,exact_model_variant,total_tokens,330,330,300,330,30,1.1,15,13,0,not_identified
day,2026-08-11,current_catalog_text_output,exact_model_variant,total_tokens,331,331,300,331,31,1.1033333333333333,15,13,0,not_identified
day,2026-08-11,current_catalog_text_output,exact_model_variant,total_tokens,332,332,300,332,32,1.1066666666666667,15,13,0,not_identified
day,2026-08-11,current_catalog_text_output,exact_model_variant,total_tokens,333,333,301,333,32,1.106312292358804,15,13,0,not_identified
day,2026-08-11,current_catalog_text_output,exact_model_variant,total_tokens,334,334,301,334,33,1.1096345514950166,15,13,0,not_identified
day,2026-08-11,current_catalog_text_output,exact_model_variant,total_tokens,335,335,302,335,33,1.109271523178808,15,13,0,not_identified
day,2026-08-11,current_catalog_text_output,exact_model_variant,total_tokens,336,336,302,336,34,1.1125827814569536,15,13,0,not_identified
day,2026-08-11,current_catalog_text_output,exact_model_variant,total_tokens,337,337,303,337,34,1.1122112211221122,15,13,0,not_identified
day,2026-08-11,current_catalog_text_output,exact_model_variant,total_tokens,338,338,303,338,35,1.1155115511551155,15,13,0,not_identified
day,2026-08-11,current_catalog_text_output,exact_model_variant,total_tokens,339,339,303,339,36,1.118811881188119,15,13,0,not_identified
day,2026-08-11,current_catalog_text_output,exact_model_variant,total_tokens,340,340,304,340,36,1.118421052631579,15,14,0,not_identified
day,2026-08-11,current_catalog_text_output,exact_model_variant,total_tokens,341,341,304,341,37,1.1217105263157894,15,14,0,not_identified
day,2026-08-11,current_catalog_text_output,exact_model_variant,total_tokens,342,342,305,342,37,1.1213114754098361,15,14,0,not_identified
day,2026-08-11,current_catalog_text_output,exact_model_variant,total_tokens,343,343,305,343,38,1.1245901639344262,15,14,0,not_identified
day,2026-08-11,current_catalog_text_output,exact_model_variant,total_tokens,344,344,306,344,38,1.1241830065359477,15,14,0,not_identified
day,2026-08-11,current_catalog_text_output,exact_model_variant,total_tokens,345,345,306,345,39,1.1274509803921569,15,14,0,not_identified
day,2026-08-11,current_catalog_text_output,exact_model_variant,total_tokens,346,346,307,346,39,1.1270358306188926,15,14,0,not_identified
day,2026-08-11,current_catalog_text_output,exact_model_variant,total_tokens,347,347,308,347,39,1.1266233766233766,15,14,0,not_identified
day,2026-08-11,current_catalog_text_output,exact_model_variant,total_tokens,348,348,309,348,39,1.1262135922330097,15,14,0,not_identified
day,2026-08-11,current_catalog_text_output,exact_model_variant,total_tokens,349,349,310,349,39,1.1258064516129032,15,14,0,not_identified
day,2026-08-11,current_catalog_text_output,exact_model_variant,total_tokens,350,350,310,350,40,1.1290322580645162,15,14,0,not_identified
day,2026-08-11,current_catalog_text_output,exact_model_variant,total_tokens,351,351,310,351,41,1.132258064516129,15,14,0,not_identified
day,2026-08-11,current_catalog_text_output,exact_model_variant,total_tokens,352,352,310,352,42,1.135483870967742,15,14,0,not_identified
day,2026-08-11,current_catalog_text_output,exact_model_variant,total_tokens,353,353,310,353,43,1.1387096774193548,15,14,0,not_identified
day,2026-08-11,current_catalog_text_output,exact_model_variant,total_tokens,354,354,310,354,44,1.1419354838709677,15,14,0,not_identified
day,2026-08-11,current_catalog_text_output,exact_model_variant,total_tokens,355,355,310,355,45,1.1451612903225807,15,14,0,not_identified
day,2026-08-11,current_catalog_text_output,exact_model_variant,total_tokens,356,356,311,356,45,1.144694533762058,15,14,0,not_identified
day,2026-08-11,current_catalog_text_output,exact_model_variant,total_tokens,357,357,311,357,46,1.1479099678456592,15,14,0,not_identified
day,2026-08-11,current_catalog_text_output,exact_model_variant,total_tokens,358,358,311,358,47,1.1511254019292605,15,14,0,not_identified
day,2026-08-11,current_catalog_text_output,exact_model_variant,total_tokens,359,359,311,359,48,1.1543408360128617,15,14,0,not_identified
day,2026-08-11,current_catalog_text_output,exact_model_variant,total_tokens,360,360,311,360,49,1.157556270096463,15,14,0,not_identified
day,2026-08-11,current_catalog_text_output,exact_model_variant,total_tokens,361,361,311,361,50,1.1607717041800643,15,14,0,not_identified
day,2026-08-11,current_catalog_text_output,exact_model_variant,total_tokens,362,362,312,362,50,1.1602564102564104,15,14,0,not_identified
day,2026-08-11,current_catalog_text_output,exact_model_variant,total_tokens,363,363,312,363,51,1.1634615384615385,15,14,0,not_identified
day,2026-08-11,current_catalog_text_output,exact_model_variant,total_tokens,364,364,313,364,51,1.1629392971246006,16,14,0,not_identified
day,2026-08-11,current_catalog_text_output,exact_model_variant,requests,1,1,1,1,0,1.0,1,1,0,not_identified
day,2026-08-11,current_catalog_text_output,exact_model_variant,requests,2,2,2,2,0,1.0,1,1,0,not_identified
day,2026-08-11,current_catalog_text_output,exact_model_variant,requests,3,3,3,3,0,1.0,2,2,0,not_identified
day,2026-08-11,current_catalog_text_output,exact_model_variant,requests,4,4,4,4,0,1.0,3,3,0,not_identified
day,2026-08-11,current_catalog_text_output,exact_model_variant,requests,5,5,5,5,0,1.0,4,4,0,not_identified
day,2026-08-11,current_catalog_text_output,exact_model_variant,requests,6,6,6,6,0,1.0,4,4,0,not_identified
day,2026-08-11,current_catalog_text_output,exact_model_variant,requests,7,7,7,7,0,1.0,5,4,0,not_identified
day,2026-08-11,current_catalog_text_output,exact_model_variant,requests,8,8,8,8,0,1.0,5,4,0,not_identified
day,2026-08-11,current_catalog_text_output,exact_model_variant,requests,9,9,9,9,0,1.0,5,4,0,not_identified
day,2026-08-11,current_catalog_text_output,exact_model_variant,requests,10,10,10,10,0,1.0,5,4,0,not_identified
day,2026-08-11,current_catalog_text_output,exact_model_variant,requests,11,11,11,11,0,1.0,5,4,0,not_identified
day,2026-08-11,current_catalog_text_output,exact_model_variant,requests,12,12,12,12,0,1.0,5,4,0,not_identified
day,2026-08-11,current_catalog_text_output,exact_model_variant,requests,13,13,13,13,0,1.0,5,4,0,not_identified
day,2026-08-11,current_catalog_text_output,exact_model_variant,requests,14,14,14,14,0,1.0,5,4,0,not_identified
day,2026-08-11,current_catalog_text_output,exact_model_variant,requests,15,15,15,15,0,1.0,5,4,0,not_identified
day,2026-08-11,current_catalog_text_output,exact_model_variant,requests,16,16,16,16,0,1.0,6,4,0,not_identified
day,2026-08-11,current_catalog_text_output,exact_model_variant,requests,17,17,17,17,0,1.0,6,5,0,not_identified
day,2026-08-11,current_catalog_text_output,exact_model_variant,requests,18,18,18,18,0,1.0,7,5,0,not_identified
day,2026-08-11,current_catalog_text_output,exact_model_variant,requests,19,19,19,19,0,1.0,7,5,0,not_identified
day,2026-08-11,current_catalog_text_output,exact_model_variant,requests,20,20,20,20,0,1.0,8,5,0,not_identified
day,2026-08-11,current_catalog_text_output,exact_model_variant,requests,21,21,21,21,0,1.0,8,5,0,not_identified
day,2026-08-11,current_catalog_text_output,exact_model_variant,requests,22,22,22,22,0,1.0,8,5,0,not_identified
day,2026-08-11,current_catalog_text_output,exact_model_variant,requests,23,23,23,23,0,1.0,8,5,0,not_identified
day,2026-08-11,current_catalog_text_output,exact_model_variant,requests,24,24,24,24,0,1.0,8,5,0,not_identified
day,2026-08-11,current_catalog_text_output,exact_model_variant,requests,25,25,25,25,0,1.0,8,5,0,not_identified
day,2026-08-11,current_catalog_text_output,exact_model_variant,requests,26,26,26,26,0,1.0,8,5,0,not_identified
day,2026-08-11,current_catalog_text_output,exact_model_variant,requests,27,27,27,27,0,1.0,8,6,0,not_identified
day,2026-08-11,current_catalog_text_output,exact_model_variant,requests,28,28,28,28,0,1.0,9,6,0,not_identified
day,2026-08-11,current_catalog_text_output,exact_model_variant,requests,29,29,29,29,0,1.0,9,6,0,not_identified
day,2026-08-11,current_catalog_text_output,exact_model_variant,requests,30,30,30,30,0,1.0,9,6,0,not_identified
day,2026-08-11,current_catalog_text_output,exact_model_variant,requests,31,31,31,31,0,1.0,9,6,0,not_identified
day,2026-08-11,current_catalog_text_output,exact_model_variant,requests,32,32,32,32,0,1.0,9,6,0,not_identified
day,2026-08-11,current_catalog_text_output,exact_model_variant,requests,33,33,33,33,0,1.0,9,6,0,not_identified
day,2026-08-11,current_catalog_text_output,exact_model_variant,requests,34,34,34,34,0,1.0,9,6,0,not_identified
day,2026-08-11,current_catalog_text_output,exact_model_variant,requests,35,35,35,35,0,1.0,9,6,0,not_identified
day,2026-08-11,current_catalog_text_output,exact_model_variant,requests,36,36,36,36,0,1.0,9,6,0,not_identified
day,2026-08-11,current_catalog_text_output,exact_model_variant,requests,37,37,37,37,0,1.0,9,6,0,not_identified
day,2026-08-11,current_catalog_text_output,exact_model_variant,requests,38,38,38,38,0,1.0,10,6,0,not_identified
day,2026-08-11,current_catalog_text_output,exact_model_variant,requests,39,39,39,39,0,1.0,10,6,0,not_identified
day,2026-08-11,current_catalog_text_output,exact_model_variant,requests,40,40,40,40,0,1.0,10,6,0,not_identified
day,2026-08-11,current_catalog_text_output,exact_model_variant,requests,41,41,41,41,0,1.0,10,6,0,not_identified
day,2026-08-11,current_catalog_text_output,exact_model_variant,requests,42,42,42,42,0,1.0,10,6,0,not_identified
day,2026-08-11,current_catalog_text_output,exact_model_variant,requests,43,43,43,43,0,1.0,11,6,0,not_identified
day,2026-08-11,current_catalog_text_output,exact_model_variant,requests,44,44,44,44,0,1.0,11,6,0,not_identified
day,2026-08-11,current_catalog_text_output,exact_model_variant,requests,45,45,45,45,0,1.0,11,6,0,not_identified
day,2026-08-11,current_catalog_text_output,exact_model_variant,requests,46,46,46,46,0,1.0,11,6,0,not_identified
day,2026-08-11,current_catalog_text_output,exact_model_variant,requests,47,47,47,47,0,1.0,11,6,0,not_identified
day,2026-08-11,current_catalog_text_output,exact_model_variant,requests,48,48,48,48,0,1.0,11,6,0,not_identified
day,2026-08-11,current_catalog_text_output,exact_model_variant,requests,49,49,49,49,0,1.0,11,6,0,not_identified
day,2026-08-11,current_catalog_text_output,exact_model_variant,requests,50,50,50,50,0,1.0,11,6,0,not_identified
day,2026-08-11,current_catalog_text_output,exact_model_variant,requests,51,51,51,51,0,1.0,11,6,0,not_identified
day,2026-08-11,current_catalog_text_output,exact_model_variant,requests,52,52,52,52,0,1.0,11,6,0,not_identified
day,2026-08-11,current_catalog_text_output,exact_model_variant,requests,53,53,53,53,0,1.0,11,6,0,not_identified
day,2026-08-11,current_catalog_text_output,exact_model_variant,requests,54,54,54,54,0,1.0,11,6,0,not_identified
day,2026-08-11,current_catalog_text_output,exact_model_variant,requests,55,55,55,55,0,1.0,11,6,0,not_identified
day,2026-08-11,current_catalog_text_output,exact_model_variant,requests,56,56,56,56,0,1.0,12,6,0,not_identified
day,2026-08-11,current_catalog_text_output,exact_model_variant,requests,57,57,57,57,0,1.0,12,6,0,not_identified
day,2026-08-11,current_catalog_text_output,exact_model_variant,requests,58,58,58,58,0,1.0,13,6,0,not_identified
day,2026-08-11,current_catalog_text_output,exact_model_variant,requests,59,59,59,59,0,1.0,13,6,0,not_identified
day,2026-08-11,current_catalog_text_output,exact_model_variant,requests,60,60,60,60,0,1.0,13,6,0,not_identified
day,2026-08-11,current_catalog_text_output,exact_model_variant,requests,61,61,61,61,0,1.0,13,6,0,not_identified
day,2026-08-11,current_catalog_text_output,exact_model_variant,requests,62,62,62,62,0,1.0,13,6,0,not_identified
day,2026-08-11,current_catalog_text_output,exact_model_variant,requests,63,63,63,63,0,1.0,13,6,0,not_identified
day,2026-08-11,current_catalog_text_output,exact_model_variant,requests,64,64,64,64,0,1.0,13,6,0,not_identified
day,2026-08-11,current_catalog_text_output,exact_model_variant,requests,65,65,65,65,0,1.0,13,6,0,not_identified
day,2026-08-11,current_catalog_text_output,exact_model_variant,requests,66,66,66,66,0,1.0,13,6,0,not_identified
day,2026-08-11,current_catalog_text_output,exact_model_variant,requests,67,67,67,67,0,1.0,13,6,0,not_identified
day,2026-08-11,current_catalog_text_output,exact_model_variant,requests,68,68,68,68,0,1.0,13,6,0,not_identified
day,2026-08-11,current_catalog_text_output,exact_model_variant,requests,69,69,69,69,0,1.0,13,6,0,not_identified
day,2026-08-11,current_catalog_text_output,exact_model_variant,requests,70,70,70,70,0,1.0,13,6,0,not_identified
day,2026-08-11,current_catalog_text_output,exact_model_variant,requests,71,71,71,71,0,1.0,13,6,0,not_identified
day,2026-08-11,current_catalog_text_output,exact_model_variant,requests,72,72,72,72,0,1.0,13,6,0,not_identified
day,2026-08-11,current_catalog_text_output,exact_model_variant,requests,73,73,73,73,0,1.0,13,6,0,not_identified
day,2026-08-11,current_catalog_text_output,exact_model_variant,requests,74,74,74,74,0,1.0,13,6,0,not_identified
day,2026-08-11,current_catalog_text_output,exact_model_variant,requests,75,75,75,75,0,1.0,13,6,0,not_identified
day,2026-08-11,current_catalog_text_output,exact_model_variant,requests,76,76,76,76,0,1.0,13,6,0,not_identified
day,2026-08-11,current_catalog_text_output,exact_model_variant,requests,77,77,77,77,0,1.0,13,6,0,not_identified
day,2026-08-11,current_catalog_text_output,exact_model_variant,requests,78,78,78,78,0,1.0,13,6,0,not_identified
day,2026-08-11,current_catalog_text_output,exact_model_variant,requests,79,79,79,79,0,1.0,13,6,0,not_identified
day,2026-08-11,current_catalog_text_output,exact_model_variant,requests,80,80,79,80,1,1.0126582278481013,13,6,0,not_identified
day,2026-08-11,current_catalog_text_output,exact_model_variant,requests,81,81,80,81,1,1.0125,13,6,0,not_identified
day,2026-08-11,current_catalog_text_output,exact_model_variant,requests,82,82,81,82,1,1.0123456790123457,13,6,0,not_identified
day,2026-08-11,current_catalog_text_output,exact_model_variant,requests,83,83,82,83,1,1.0121951219512195,13,6,0,not_identified
day,2026-08-11,current_catalog_text_output,exact_model_variant,requests,84,84,83,84,1,1.0120481927710843,13,6,0,not_identified
day,2026-08-11,current_catalog_text_output,exact_model_variant,requests,85,85,84,85,1,1.0119047619047619,13,6,0,not_identified
day,2026-08-11,current_catalog_text_output,exact_model_variant,requests,86,86,85,86,1,1.011764705882353,13,6,0,not_identified
day,2026-08-11,current_catalog_text_output,exact_model_variant,requests,87,87,86,87,1,1.0116279069767442,14,6,0,not_identified
day,2026-08-11,current_catalog_text_output,exact_model_variant,requests,88,88,87,88,1,1.0114942528735633,14,6,0,not_identified
day,2026-08-11,current_catalog_text_output,exact_model_variant,requests,89,89,88,89,1,1.0113636363636365,14,6,0,not_identified
day,2026-08-11,current_catalog_text_output,exact_model_variant,requests,90,90,89,90,1,1.0112359550561798,14,6,0,not_identified
day,2026-08-11,current_catalog_text_output,exact_model_variant,requests,91,91,90,91,1,1.011111111111111,14,6,0,not_identified
day,2026-08-11,current_catalog_text_output,exact_model_variant,requests,92,92,91,92,1,1.010989010989011,14,6,0,not_identified
day,2026-08-11,current_catalog_text_output,exact_model_variant,requests,93,93,92,93,1,1.0108695652173914,14,6,0,not_identified
day,2026-08-11,current_catalog_text_output,exact_model_variant,requests,94,94,93,94,1,1.010752688172043,14,6,0,not_identified
day,2026-08-11,current_catalog_text_output,exact_model_variant,requests,95,95,94,95,1,1.0106382978723405,14,6,0,not_identified
day,2026-08-11,current_catalog_text_output,exact_model_variant,requests,96,96,95,96,1,1.0105263157894737,14,6,0,not_identified
day,2026-08-11,current_catalog_text_output,exact_model_variant,requests,97,97,96,97,1,1.0104166666666667,14,6,0,not_identified
day,2026-08-11,current_catalog_text_output,exact_model_variant,requests,98,98,97,98,1,1.0103092783505154,14,6,0,not_identified
day,2026-08-11,current_catalog_text_output,exact_model_variant,requests,99,99,98,99,1,1.010204081632653,14,6,0,not_identified
day,2026-08-11,current_catalog_text_output,exact_model_variant,requests,100,100,98,100,2,1.0204081632653061,14,6,0,not_identified
day,2026-08-11,current_catalog_text_output,exact_model_variant,requests,101,101,99,101,2,1.02020202020202,14,6,0,not_identified
day,2026-08-11,current_catalog_text_output,exact_model_variant,requests,102,102,100,102,2,1.02,14,6,0,not_identified
day,2026-08-11,current_catalog_text_output,exact_model_variant,requests,103,103,101,103,2,1.0198019801980198,14,6,0,not_identified
day,2026-08-11,current_catalog_text_output,exact_model_variant,requests,104,104,102,104,2,1.0196078431372548,14,6,0,not_identified
day,2026-08-11,current_catalog_text_output,exact_model_variant,requests,105,105,103,105,2,1.0194174757281553,14,6,0,not_identified
day,2026-08-11,current_catalog_text_output,exact_model_variant,requests,106,106,104,106,2,1.0192307692307692,14,6,0,not_identified
day,2026-08-11,current_catalog_text_output,exact_model_variant,requests,107,107,105,107,2,1.019047619047619,14,6,0,not_identified
day,2026-08-11,current_catalog_text_output,exact_model_variant,requests,108,108,106,108,2,1.0188679245283019,14,6,0,not_identified
day,2026-08-11,current_catalog_text_output,exact_model_variant,requests,109,109,107,109,2,1.0186915887850467,14,6,0,not_identified
day,2026-08-11,current_catalog_text_output,exact_model_variant,requests,110,110,108,110,2,1.0185185185185186,14,6,0,not_identified
day,2026-08-11,current_catalog_text_output,exact_model_variant,requests,111,111,109,111,2,1.018348623853211,14,6,0,not_identified
day,2026-08-11,current_catalog_text_output,exact_model_variant,requests,112,112,110,112,2,1.018181818181818,14,6,0,not_identified
day,2026-08-11,current_catalog_text_output,exact_model_variant,requests,113,113,111,113,2,1.018018018018018,14,6,0,not_identified
day,2026-08-11,current_catalog_text_output,exact_model_variant,requests,114,114,111,114,3,1.027027027027027,14,6,0,not_identified
day,2026-08-11,current_catalog_text_output,exact_model_variant,requests,115,115,112,115,3,1.0267857142857142,14,6,0,not_identified
day,2026-08-11,current_catalog_text_output,exact_model_variant,requests,116,116,113,116,3,1.0265486725663717,14,6,0,not_identified
day,2026-08-11,current_catalog_text_output,exact_model_variant,requests,117,117,114,117,3,1.0263157894736843,14,6,0,not_identified
day,2026-08-11,current_catalog_text_output,exact_model_variant,requests,118,118,115,118,3,1.0260869565217392,14,6,0,not_identified
day,2026-08-11,current_catalog_text_output,exact_model_variant,requests,119,119,116,119,3,1.0258620689655173,14,6,0,not_identified
day,2026-08-11,current_catalog_text_output,exact_model_variant,requests,120,120,117,120,3,1.0256410256410255,14,6,0,not_identified
day,2026-08-11,current_catalog_text_output,exact_model_variant,requests,121,121,118,121,3,1.0254237288135593,14,6,0,not_identified
day,2026-08-11,current_catalog_text_output,exact_model_variant,requests,122,122,119,122,3,1.0252100840336134,14,6,0,not_identified
day,2026-08-11,current_catalog_text_output,exact_model_variant,requests,123,123,120,123,3,1.025,14,6,0,not_identified
day,2026-08-11,current_catalog_text_output,exact_model_variant,requests,124,124,121,124,3,1.024793388429752,14,6,0,not_identified
day,2026-08-11,current_catalog_text_output,exact_model_variant,requests,125,125,122,125,3,1.0245901639344261,14,6,0,not_identified
day,2026-08-11,current_catalog_text_output,exact_model_variant,requests,126,126,122,126,4,1.0327868852459017,14,6,0,not_identified
day,2026-08-11,current_catalog_text_output,exact_model_variant,requests,127,127,123,127,4,1.032520325203252,14,6,0,not_identified
day,2026-08-11,current_catalog_text_output,exact_model_variant,requests,128,128,124,128,4,1.032258064516129,14,6,0,not_identified
day,2026-08-11,current_catalog_text_output,exact_model_variant,requests,129,129,125,129,4,1.032,14,6,0,not_identified
day,2026-08-11,current_catalog_text_output,exact_model_variant,requests,130,130,126,130,4,1.0317460317460319,14,7,0,not_identified
day,2026-08-11,current_catalog_text_output,exact_model_variant,requests,131,131,127,131,4,1.031496062992126,14,7,0,not_identified
day,2026-08-11,current_catalog_text_output,exact_model_variant,requests,132,132,128,132,4,1.03125,14,7,0,not_identified
day,2026-08-11,current_catalog_text_output,exact_model_variant,requests,133,133,129,133,4,1.0310077519379846,14,7,0,not_identified
day,2026-08-11,current_catalog_text_output,exact_model_variant,requests,134,134,130,134,4,1.0307692307692307,14,7,0,not_identified
day,2026-08-11,current_catalog_text_output,exact_model_variant,requests,135,135,131,135,4,1.0305343511450382,14,7,0,not_identified
day,2026-08-11,current_catalog_text_output,exact_model_variant,requests,136,136,132,136,4,1.0303030303030303,14,7,0,not_identified
day,2026-08-11,current_catalog_text_output,exact_model_variant,requests,137,137,133,137,4,1.0300751879699248,14,7,0,not_identified
day,2026-08-11,current_catalog_text_output,exact_model_variant,requests,138,138,134,138,4,1.0298507462686568,14,7,0,not_identified
day,2026-08-11,current_catalog_text_output,exact_model_variant,requests,139,139,135,139,4,1.0296296296296297,14,7,0,not_identified
day,2026-08-11,current_catalog_text_output,exact_model_variant,requests,140,140,136,140,4,1.0294117647058822,14,7,0,not_identified
day,2026-08-11,current_catalog_text_output,exact_model_variant,requests,141,141,137,141,4,1.0291970802919708,14,7,0,not_identified
day,2026-08-11,current_catalog_text_output,exact_model_variant,requests,142,142,138,142,4,1.0289855072463767,14,7,0,not_identified
day,2026-08-11,current_catalog_text_output,exact_model_variant,requests,143,143,139,143,4,1.0287769784172662,14,7,0,not_identified
day,2026-08-11,current_catalog_text_output,exact_model_variant,requests,144,144,140,144,4,1.0285714285714285,14,7,0,not_identified
day,2026-08-11,current_catalog_text_output,exact_model_variant,requests,145,145,141,145,4,1.0283687943262412,14,7,0,not_identified
day,2026-08-11,current_catalog_text_output,exact_model_variant,requests,146,146,142,146,4,1.028169014084507,14,7,0,not_identified
day,2026-08-11,current_catalog_text_output,exact_model_variant,requests,147,147,143,147,4,1.027972027972028,14,7,0,not_identified
day,2026-08-11,current_catalog_text_output,exact_model_variant,requests,148,148,144,148,4,1.0277777777777777,14,7,0,not_identified
day,2026-08-11,current_catalog_text_output,exact_model_variant,requests,149,149,145,149,4,1.0275862068965518,14,7,0,not_identified
day,2026-08-11,current_catalog_text_output,exact_model_variant,requests,150,150,146,150,4,1.0273972602739727,14,7,0,not_identified
day,2026-08-11,current_catalog_text_output,exact_model_variant,requests,151,151,147,151,4,1.0272108843537415,14,7,0,not_identified
day,2026-08-11,current_catalog_text_output,exact_model_variant,requests,152,152,148,152,4,1.027027027027027,14,7,0,not_identified
day,2026-08-11,current_catalog_text_output,exact_model_variant,requests,153,153,149,153,4,1.0268456375838926,14,7,0,not_identified
day,2026-08-11,current_catalog_text_output,exact_model_variant,requests,154,154,150,154,4,1.0266666666666666,14,7,0,not_identified
day,2026-08-11,current_catalog_text_output,exact_model_variant,requests,155,155,151,155,4,1.0264900662251655,14,7,0,not_identified
day,2026-08-11,current_catalog_text_output,exact_model_variant,requests,156,156,152,156,4,1.0263157894736843,14,7,0,not_identified
day,2026-08-11,current_catalog_text_output,exact_model_variant,requests,157,157,152,157,5,1.0328947368421053,14,7,0,not_identified
day,2026-08-11,current_catalog_text_output,exact_model_variant,requests,158,158,153,158,5,1.0326797385620916,14,7,0,not_identified
day,2026-08-11,current_catalog_text_output,exact_model_variant,requests,159,159,154,159,5,1.0324675324675325,14,7,0,not_identified
day,2026-08-11,current_catalog_text_output,exact_model_variant,requests,160,160,155,160,5,1.032258064516129,14,7,0,not_identified
day,2026-08-11,current_catalog_text_output,exact_model_variant,requests,161,161,156,161,5,1.0320512820512822,14,7,0,not_identified
day,2026-08-11,current_catalog_text_output,exact_model_variant,requests,162,162,157,162,5,1.0318471337579618,14,7,0,not_identified
day,2026-08-11,current_catalog_text_output,exact_model_variant,requests,163,163,157,163,6,1.0382165605095541,14,7,0,not_identified
day,2026-08-11,current_catalog_text_output,exact_model_variant,requests,164,164,158,164,6,1.0379746835443038,14,7,0,not_identified
day,2026-08-11,current_catalog_text_output,exact_model_variant,requests,165,165,159,165,6,1.0377358490566038,14,7,0,not_identified
day,2026-08-11,current_catalog_text_output,exact_model_variant,requests,166,166,160,166,6,1.0375,14,8,0,not_identified
day,2026-08-11,current_catalog_text_output,exact_model_variant,requests,167,167,161,167,6,1.0372670807453417,14,8,0,not_identified
day,2026-08-11,current_catalog_text_output,exact_model_variant,requests,168,168,162,168,6,1.037037037037037,14,8,0,not_identified
day,2026-08-11,current_catalog_text_output,exact_model_variant,requests,169,169,163,169,6,1.0368098159509203,14,8,0,not_identified
day,2026-08-11,current_catalog_text_output,exact_model_variant,requests,170,170,164,170,6,1.0365853658536586,14,8,0,not_identified
day,2026-08-11,current_catalog_text_output,exact_model_variant,requests,171,171,165,171,6,1.0363636363636364,14,8,0,not_identified
day,2026-08-11,current_catalog_text_output,exact_model_variant,requests,172,172,166,172,6,1.036144578313253,14,8,0,not_identified
day,2026-08-11,current_catalog_text_output,exact_model_variant,requests,173,173,167,173,6,1.035928143712575,14,8,0,not_identified
day,2026-08-11,current_catalog_text_output,exact_model_variant,requests,174,174,168,174,6,1.0357142857142858,14,8,0,not_identified
day,2026-08-11,current_catalog_text_output,exact_model_variant,requests,175,175,169,175,6,1.0355029585798816,14,8,0,not_identified
day,2026-08-11,current_catalog_text_output,exact_model_variant,requests,176,176,169,176,7,1.0414201183431953,14,8,0,not_identified
day,2026-08-11,current_catalog_text_output,exact_model_variant,requests,177,177,170,177,7,1.0411764705882354,14,8,0,not_identified
day,2026-08-11,current_catalog_text_output,exact_model_variant,requests,178,178,171,178,7,1.04093567251462,15,8,0,not_identified
day,2026-08-11,current_catalog_text_output,exact_model_variant,requests,179,179,171,179,8,1.0467836257309941,15,8,0,not_identified
day,2026-08-11,current_catalog_text_output,exact_model_variant,requests,180,180,172,180,8,1.0465116279069768,15,8,0,not_identified
day,2026-08-11,current_catalog_text_output,exact_model_variant,requests,181,181,173,181,8,1.046242774566474,15,8,0,not_identified
day,2026-08-11,current_catalog_text_output,exact_model_variant,requests,182,182,174,182,8,1.0459770114942528,15,8,0,not_identified
day,2026-08-11,current_catalog_text_output,exact_model_variant,requests,183,183,175,183,8,1.0457142857142858,15,8,0,not_identified
day,2026-08-11,current_catalog_text_output,exact_model_variant,requests,184,184,176,184,8,1.0454545454545454,15,8,0,not_identified
day,2026-08-11,current_catalog_text_output,exact_model_variant,requests,185,185,177,185,8,1.0451977401129944,15,8,0,not_identified
day,2026-08-11,current_catalog_text_output,exact_model_variant,requests,186,186,177,186,9,1.0508474576271187,15,8,0,not_identified
day,2026-08-11,current_catalog_text_output,exact_model_variant,requests,187,187,178,187,9,1.050561797752809,15,8,0,not_identified
day,2026-08-11,current_catalog_text_output,exact_model_variant,requests,188,188,179,188,9,1.0502793296089385,15,8,0,not_identified
day,2026-08-11,current_catalog_text_output,exact_model_variant,requests,189,189,180,189,9,1.05,15,8,0,not_identified
day,2026-08-11,current_catalog_text_output,exact_model_variant,requests,190,190,181,190,9,1.0497237569060773,15,8,0,not_identified
day,2026-08-11,current_catalog_text_output,exact_model_variant,requests,191,191,182,191,9,1.0494505494505495,15,8,0,not_identified
day,2026-08-11,current_catalog_text_output,exact_model_variant,requests,192,192,183,192,9,1.0491803278688525,15,8,0,not_identified
day,2026-08-11,current_catalog_text_output,exact_model_variant,requests,193,193,184,193,9,1.048913043478261,15,8,0,not_identified
day,2026-08-11,current_catalog_text_output,exact_model_variant,requests,194,194,185,194,9,1.0486486486486486,15,8,0,not_identified
day,2026-08-11,current_catalog_text_output,exact_model_variant,requests,195,195,186,195,9,1.0483870967741935,15,8,0,not_identified
day,2026-08-11,current_catalog_text_output,exact_model_variant,requests,196,196,187,196,9,1.0481283422459893,15,8,0,not_identified
day,2026-08-11,current_catalog_text_output,exact_model_variant,requests,197,197,188,197,9,1.047872340425532,15,8,0,not_identified
day,2026-08-11,current_catalog_text_output,exact_model_variant,requests,198,198,189,198,9,1.0476190476190477,15,8,0,not_identified
day,2026-08-11,current_catalog_text_output,exact_model_variant,requests,199,199,190,199,9,1.0473684210526315,15,8,0,not_identified
day,2026-08-11,current_catalog_text_output,exact_model_variant,requests,200,200,191,200,9,1.0471204188481675,15,8,0,not_identified
day,2026-08-11,current_catalog_text_output,exact_model_variant,requests,201,201,192,201,9,1.046875,15,8,0,not_identified
day,2026-08-11,current_catalog_text_output,exact_model_variant,requests,202,202,193,202,9,1.0466321243523315,15,8,0,not_identified
day,2026-08-11,current_catalog_text_output,exact_model_variant,requests,203,203,194,203,9,1.0463917525773196,15,8,0,not_identified
day,2026-08-11,current_catalog_text_output,exact_model_variant,requests,204,204,195,204,9,1.0461538461538462,15,8,0,not_identified
day,2026-08-11,current_catalog_text_output,exact_model_variant,requests,205,205,196,205,9,1.0459183673469388,15,8,0,not_identified
day,2026-08-11,current_catalog_text_output,exact_model_variant,requests,206,206,197,206,9,1.0456852791878173,15,8,0,not_identified
day,2026-08-11,current_catalog_text_output,exact_model_variant,requests,207,207,198,207,9,1.0454545454545454,15,8,0,not_identified
day,2026-08-11,current_catalog_text_output,exact_model_variant,requests,208,208,199,208,9,1.0452261306532664,15,9,0,not_identified
day,2026-08-11,current_catalog_text_output,exact_model_variant,requests,209,209,200,209,9,1.045,15,9,0,not_identified
day,2026-08-11,current_catalog_text_output,exact_model_variant,requests,210,210,201,210,9,1.044776119402985,15,10,0,not_identified
day,2026-08-11,current_catalog_text_output,exact_model_variant,requests,211,211,202,211,9,1.0445544554455446,15,10,0,not_identified
day,2026-08-11,current_catalog_text_output,exact_model_variant,requests,212,212,203,212,9,1.0443349753694582,15,10,0,not_identified
day,2026-08-11,current_catalog_text_output,exact_model_variant,requests,213,213,203,213,10,1.0492610837438423,15,10,0,not_identified
day,2026-08-11,current_catalog_text_output,exact_model_variant,requests,214,214,204,214,10,1.0490196078431373,15,10,0,not_identified
day,2026-08-11,current_catalog_text_output,exact_model_variant,requests,215,215,205,215,10,1.048780487804878,15,10,0,not_identified
day,2026-08-11,current_catalog_text_output,exact_model_variant,requests,216,216,206,216,10,1.0485436893203883,15,10,0,not_identified
day,2026-08-11,current_catalog_text_output,exact_model_variant,requests,217,217,207,217,10,1.0483091787439613,15,11,0,not_identified
day,2026-08-11,current_catalog_text_output,exact_model_variant,requests,218,218,208,218,10,1.0480769230769231,15,11,0,not_identified
day,2026-08-11,current_catalog_text_output,exact_model_variant,requests,219,219,209,219,10,1.0478468899521531,15,11,0,not_identified
day,2026-08-11,current_catalog_text_output,exact_model_variant,requests,220,220,210,220,10,1.0476190476190477,15,11,0,not_identified
day,2026-08-11,current_catalog_text_output,exact_model_variant,requests,221,221,211,221,10,1.04739336492891,15,11,0,not_identified
day,2026-08-11,current_catalog_text_output,exact_model_variant,requests,222,222,212,222,10,1.0471698113207548,15,11,0,not_identified
day,2026-08-11,current_catalog_text_output,exact_model_variant,requests,223,223,213,223,10,1.0469483568075117,15,12,0,not_identified
day,2026-08-11,current_catalog_text_output,exact_model_variant,requests,224,224,214,224,10,1.0467289719626167,15,12,0,not_identified
day,2026-08-11,current_catalog_text_output,exact_model_variant,requests,225,225,215,225,10,1.0465116279069768,15,12,0,not_identified
day,2026-08-11,current_catalog_text_output,exact_model_variant,requests,226,226,216,226,10,1.0462962962962963,15,12,0,not_identified
day,2026-08-11,current_catalog_text_output,exact_model_variant,requests,227,227,217,227,10,1.0460829493087558,15,12,0,not_identified
day,2026-08-11,current_catalog_text_output,exact_model_variant,requests,228,228,218,228,10,1.0458715596330275,15,12,0,not_identified
day,2026-08-11,current_catalog_text_output,exact_model_variant,requests,229,229,219,229,10,1.0456621004566211,15,12,0,not_identified
day,2026-08-11,current_catalog_text_output,exact_model_variant,requests,230,230,220,230,10,1.0454545454545454,15,13,0,not_identified
day,2026-08-11,current_catalog_text_output,exact_model_variant,requests,231,231,221,231,10,1.0452488687782806,15,13,0,not_identified
day,2026-08-11,current_catalog_text_output,exact_model_variant,requests,232,232,222,232,10,1.045045045045045,15,13,0,not_identified
day,2026-08-11,current_catalog_text_output,exact_model_variant,requests,233,233,223,233,10,1.0448430493273542,15,13,0,not_identified
day,2026-08-11,current_catalog_text_output,exact_model_variant,requests,234,234,223,234,11,1.0493273542600896,15,13,0,not_identified
day,2026-08-11,current_catalog_text_output,exact_model_variant,requests,235,235,224,235,11,1.0491071428571428,15,13,0,not_identified
day,2026-08-11,current_catalog_text_output,exact_model_variant,requests,236,236,225,236,11,1.048888888888889,15,13,0,not_identified
day,2026-08-11,current_catalog_text_output,exact_model_variant,requests,237,237,225,237,12,1.0533333333333332,15,13,0,not_identified
day,2026-08-11,current_catalog_text_output,exact_model_variant,requests,238,238,225,238,13,1.0577777777777777,15,13,0,not_identified
day,2026-08-11,current_catalog_text_output,exact_model_variant,requests,239,239,226,239,13,1.0575221238938053,15,13,0,not_identified
day,2026-08-11,current_catalog_text_output,exact_model_variant,requests,240,240,227,240,13,1.0572687224669604,15,13,0,not_identified
day,2026-08-11,current_catalog_text_output,exact_model_variant,requests,241,241,228,241,13,1.0570175438596492,15,13,0,not_identified
day,2026-08-11,current_catalog_text_output,exact_model_variant,requests,242,242,229,242,13,1.056768558951965,15,13,0,not_identified
day,2026-08-11,current_catalog_text_output,exact_model_variant,requests,243,243,229,243,14,1.0611353711790392,15,13,0,not_identified
day,2026-08-11,current_catalog_text_output,exact_model_variant,requests,244,244,230,244,14,1.0608695652173914,15,13,0,not_identified
day,2026-08-11,current_catalog_text_output,exact_model_variant,requests,245,245,231,245,14,1.0606060606060606,15,13,0,not_identified
day,2026-08-11,current_catalog_text_output,exact_model_variant,requests,246,246,232,246,14,1.0603448275862069,15,13,0,not_identified
day,2026-08-11,current_catalog_text_output,exact_model_variant,requests,247,247,233,247,14,1.0600858369098713,15,13,0,not_identified
day,2026-08-11,current_catalog_text_output,exact_model_variant,requests,248,248,234,248,14,1.0598290598290598,15,13,0,not_identified
day,2026-08-11,current_catalog_text_output,exact_model_variant,requests,249,249,235,249,14,1.0595744680851065,15,13,0,not_identified
day,2026-08-11,current_catalog_text_output,exact_model_variant,requests,250,250,236,250,14,1.0593220338983051,15,13,0,not_identified
day,2026-08-11,current_catalog_text_output,exact_model_variant,requests,251,251,236,251,15,1.0635593220338984,15,13,0,not_identified
day,2026-08-11,current_catalog_text_output,exact_model_variant,requests,252,252,237,252,15,1.0632911392405062,15,13,0,not_identified
day,2026-08-11,current_catalog_text_output,exact_model_variant,requests,253,253,238,253,15,1.0630252100840336,15,13,0,not_identified
day,2026-08-11,current_catalog_text_output,exact_model_variant,requests,254,254,239,254,15,1.0627615062761506,15,13,0,not_identified
day,2026-08-11,current_catalog_text_output,exact_model_variant,requests,255,255,240,255,15,1.0625,15,13,0,not_identified
day,2026-08-11,current_catalog_text_output,exact_model_variant,requests,256,256,241,256,15,1.062240663900415,15,13,0,not_identified
day,2026-08-11,current_catalog_text_output,exact_model_variant,requests,257,257,242,257,15,1.06198347107438,15,13,0,not_identified
day,2026-08-11,current_catalog_text_output,exact_model_variant,requests,258,258,243,258,15,1.0617283950617284,15,13,0,not_identified
day,2026-08-11,current_catalog_text_output,exact_model_variant,requests,259,259,244,259,15,1.0614754098360655,15,13,0,not_identified
day,2026-08-11,current_catalog_text_output,exact_model_variant,requests,260,260,245,260,15,1.0612244897959184,15,13,0,not_identified
day,2026-08-11,current_catalog_text_output,exact_model_variant,requests,261,261,246,261,15,1.0609756097560976,15,13,0,not_identified
day,2026-08-11,current_catalog_text_output,exact_model_variant,requests,262,262,247,262,15,1.0607287449392713,15,13,0,not_identified
day,2026-08-11,current_catalog_text_output,exact_model_variant,requests,263,263,248,263,15,1.060483870967742,15,13,0,not_identified
day,2026-08-11,current_catalog_text_output,exact_model_variant,requests,264,264,249,264,15,1.0602409638554218,15,13,0,not_identified
day,2026-08-11,current_catalog_text_output,exact_model_variant,requests,265,265,250,265,15,1.06,15,13,0,not_identified
day,2026-08-11,current_catalog_text_output,exact_model_variant,requests,266,266,251,266,15,1.0597609561752988,15,13,0,not_identified
day,2026-08-11,current_catalog_text_output,exact_model_variant,requests,267,267,252,267,15,1.0595238095238095,15,13,0,not_identified
day,2026-08-11,current_catalog_text_output,exact_model_variant,requests,268,268,253,268,15,1.0592885375494072,15,13,0,not_identified
day,2026-08-11,current_catalog_text_output,exact_model_variant,requests,269,269,254,269,15,1.0590551181102361,15,13,0,not_identified
day,2026-08-11,current_catalog_text_output,exact_model_variant,requests,270,270,255,270,15,1.0588235294117647,15,13,0,not_identified
day,2026-08-11,current_catalog_text_output,exact_model_variant,requests,271,271,256,271,15,1.05859375,15,13,0,not_identified
day,2026-08-11,current_catalog_text_output,exact_model_variant,requests,272,272,257,272,15,1.0583657587548638,15,13,0,not_identified
day,2026-08-11,current_catalog_text_output,exact_model_variant,requests,273,273,258,273,15,1.058139534883721,15,13,0,not_identified
day,2026-08-11,current_catalog_text_output,exact_model_variant,requests,274,274,259,274,15,1.057915057915058,15,13,0,not_identified
day,2026-08-11,current_catalog_text_output,exact_model_variant,requests,275,275,260,275,15,1.0576923076923077,15,13,0,not_identified
day,2026-08-11,current_catalog_text_output,exact_model_variant,requests,276,276,260,276,16,1.0615384615384615,15,13,0,not_identified
day,2026-08-11,current_catalog_text_output,exact_model_variant,requests,277,277,261,277,16,1.0613026819923372,15,13,0,not_identified
day,2026-08-11,current_catalog_text_output,exact_model_variant,requests,278,278,262,278,16,1.0610687022900764,15,13,0,not_identified
day,2026-08-11,current_catalog_text_output,exact_model_variant,requests,279,279,263,279,16,1.0608365019011408,15,13,0,not_identified
day,2026-08-11,current_catalog_text_output,exact_model_variant,requests,280,280,264,280,16,1.0606060606060606,15,13,0,not_identified
day,2026-08-11,current_catalog_text_output,exact_model_variant,requests,281,281,265,281,16,1.060377358490566,15,13,0,not_identified
day,2026-08-11,current_catalog_text_output,exact_model_variant,requests,282,282,266,282,16,1.0601503759398496,15,13,0,not_identified
day,2026-08-11,current_catalog_text_output,exact_model_variant,requests,283,283,266,283,17,1.0639097744360901,15,13,0,not_identified
day,2026-08-11,current_catalog_text_output,exact_model_variant,requests,284,284,267,284,17,1.0636704119850187,15,13,0,not_identified
day,2026-08-11,current_catalog_text_output,exact_model_variant,requests,285,285,268,285,17,1.0634328358208955,15,13,0,not_identified
day,2026-08-11,current_catalog_text_output,exact_model_variant,requests,286,286,268,286,18,1.0671641791044777,15,13,0,not_identified
day,2026-08-11,current_catalog_text_output,exact_model_variant,requests,287,287,269,287,18,1.066914498141264,15,13,0,not_identified
day,2026-08-11,current_catalog_text_output,exact_model_variant,requests,288,288,270,288,18,1.0666666666666667,15,13,0,not_identified
day,2026-08-11,current_catalog_text_output,exact_model_variant,requests,289,289,271,289,18,1.066420664206642,15,13,0,not_identified
day,2026-08-11,current_catalog_text_output,exact_model_variant,requests,290,290,272,290,18,1.0661764705882353,15,13,0,not_identified
day,2026-08-11,current_catalog_text_output,exact_model_variant,requests,291,291,272,291,19,1.0698529411764706,15,13,0,not_identified
day,2026-08-11,current_catalog_text_output,exact_model_variant,requests,292,292,273,292,19,1.0695970695970696,15,13,0,not_identified
day,2026-08-11,current_catalog_text_output,exact_model_variant,requests,293,293,274,293,19,1.0693430656934306,15,13,0,not_identified
day,2026-08-11,current_catalog_text_output,exact_model_variant,requests,294,294,275,294,19,1.069090909090909,15,13,0,not_identified
day,2026-08-11,current_catalog_text_output,exact_model_variant,requests,295,295,276,295,19,1.068840579710145,15,13,0,not_identified
day,2026-08-11,current_catalog_text_output,exact_model_variant,requests,296,296,277,296,19,1.068592057761733,15,13,0,not_identified
day,2026-08-11,current_catalog_text_output,exact_model_variant,requests,297,297,278,297,19,1.0683453237410072,15,13,0,not_identified
day,2026-08-11,current_catalog_text_output,exact_model_variant,requests,298,298,279,298,19,1.0681003584229392,15,13,0,not_identified
day,2026-08-11,current_catalog_text_output,exact_model_variant,requests,299,299,280,299,19,1.0678571428571428,15,13,0,not_identified
day,2026-08-11,current_catalog_text_output,exact_model_variant,requests,300,300,281,300,19,1.0676156583629892,15,13,0,not_identified
day,2026-08-11,current_catalog_text_output,exact_model_variant,requests,301,301,282,301,19,1.0673758865248226,16,13,0,not_identified
day,2026-08-11,current_catalog_text_output,exact_model_variant,requests,302,302,283,302,19,1.0671378091872792,16,13,0,not_identified
day,2026-08-11,current_catalog_text_output,exact_model_variant,requests,303,303,283,303,20,1.0706713780918728,16,13,0,not_identified
day,2026-08-11,current_catalog_text_output,exact_model_variant,requests,304,304,284,304,20,1.0704225352112675,16,13,0,not_identified
day,2026-08-11,current_catalog_text_output,exact_model_variant,requests,305,305,285,305,20,1.0701754385964912,16,13,0,not_identified
day,2026-08-11,current_catalog_text_output,exact_model_variant,requests,306,306,285,306,21,1.0736842105263158,16,13,0,not_identified
day,2026-08-11,current_catalog_text_output,exact_model_variant,requests,307,307,286,307,21,1.0734265734265733,16,13,0,not_identified
day,2026-08-11,current_catalog_text_output,exact_model_variant,requests,308,308,287,308,21,1.0731707317073171,16,13,0,not_identified
day,2026-08-11,current_catalog_text_output,exact_model_variant,requests,309,309,288,309,21,1.0729166666666667,16,13,0,not_identified
day,2026-08-11,current_catalog_text_output,exact_model_variant,requests,310,310,289,310,21,1.0726643598615917,16,14,0,not_identified
day,2026-08-11,current_catalog_text_output,exact_model_variant,requests,311,311,290,311,21,1.0724137931034483,16,14,0,not_identified
day,2026-08-11,current_catalog_text_output,exact_model_variant,requests,312,312,291,312,21,1.0721649484536082,16,14,0,not_identified
day,2026-08-11,current_catalog_text_output,exact_model_variant,requests,313,313,292,313,21,1.071917808219178,16,14,0,not_identified
day,2026-08-11,current_catalog_text_output,exact_model_variant,requests,314,314,293,314,21,1.0716723549488054,16,14,0,not_identified
day,2026-08-11,current_catalog_text_output,exact_model_variant,requests,315,315,294,315,21,1.0714285714285714,16,14,0,not_identified
day,2026-08-11,current_catalog_text_output,exact_model_variant,requests,316,316,295,316,21,1.071186440677966,16,14,0,not_identified
day,2026-08-11,current_catalog_text_output,exact_model_variant,requests,317,317,295,317,22,1.0745762711864406,16,14,0,not_identified
day,2026-08-11,current_catalog_text_output,exact_model_variant,requests,318,318,296,318,22,1.0743243243243243,16,14,0,not_identified
day,2026-08-11,current_catalog_text_output,exact_model_variant,requests,319,319,297,319,22,1.0740740740740742,16,14,0,not_identified
day,2026-08-11,current_catalog_text_output,exact_model_variant,requests,320,320,297,320,23,1.0774410774410774,16,14,0,not_identified
day,2026-08-11,current_catalog_text_output,exact_model_variant,requests,321,321,298,321,23,1.0771812080536913,16,14,0,not_identified
day,2026-08-11,current_catalog_text_output,exact_model_variant,requests,322,322,299,322,23,1.0769230769230769,16,14,0,not_identified
day,2026-08-11,current_catalog_text_output,exact_model_variant,requests,323,323,300,323,23,1.0766666666666667,16,14,0,not_identified
day,2026-08-11,current_catalog_text_output,exact_model_variant,requests,324,324,300,324,24,1.08,16,14,0,not_identified
day,2026-08-11,current_catalog_text_output,exact_model_variant,requests,325,325,300,325,25,1.0833333333333333,16,14,0,not_identified
day,2026-08-11,current_catalog_text_output,exact_model_variant,requests,326,326,301,326,25,1.0830564784053156,16,14,0,not_identified
day,2026-08-11,current_catalog_text_output,exact_model_variant,requests,327,327,302,327,25,1.0827814569536425,16,14,0,not_identified
day,2026-08-11,current_catalog_text_output,exact_model_variant,requests,328,328,303,328,25,1.0825082508250825,16,14,0,not_identified
day,2026-08-11,current_catalog_text_output,exact_model_variant,requests,329,329,303,329,26,1.0858085808580857,16,14,0,not_identified
day,2026-08-11,current_catalog_text_output,exact_model_variant,requests,330,330,303,330,27,1.0891089108910892,16,14,0,not_identified
day,2026-08-11,current_catalog_text_output,exact_model_variant,requests,331,331,304,331,27,1.0888157894736843,16,14,0,not_identified
day,2026-08-11,current_catalog_text_output,exact_model_variant,requests,332,332,304,332,28,1.0921052631578947,16,14,0,not_identified
day,2026-08-11,current_catalog_text_output,exact_model_variant,requests,333,333,305,333,28,1.0918032786885246,16,14,0,not_identified
day,2026-08-11,current_catalog_text_output,exact_model_variant,requests,334,334,306,334,28,1.091503267973856,16,14,0,not_identified
day,2026-08-11,current_catalog_text_output,exact_model_variant,requests,335,335,306,335,29,1.0947712418300655,16,14,0,not_identified
day,2026-08-11,current_catalog_text_output,exact_model_variant,requests,336,336,306,336,30,1.0980392156862746,16,14,0,not_identified
day,2026-08-11,current_catalog_text_output,exact_model_variant,requests,337,337,307,337,30,1.0977198697068404,16,14,0,not_identified
day,2026-08-11,current_catalog_text_output,exact_model_variant,requests,338,338,308,338,30,1.0974025974025974,16,14,0,not_identified
day,2026-08-11,current_catalog_text_output,exact_model_variant,requests,339,339,308,339,31,1.1006493506493507,16,14,0,not_identified
day,2026-08-11,current_catalog_text_output,exact_model_variant,requests,340,340,309,340,31,1.1003236245954693,16,14,0,not_identified
day,2026-08-11,current_catalog_text_output,exact_model_variant,requests,341,341,309,341,32,1.103559870550162,16,14,0,not_identified
day,2026-08-11,current_catalog_text_output,exact_model_variant,requests,342,342,310,342,32,1.103225806451613,16,14,0,not_identified
day,2026-08-11,current_catalog_text_output,exact_model_variant,requests,343,343,310,343,33,1.1064516129032258,16,14,0,not_identified
day,2026-08-11,current_catalog_text_output,exact_model_variant,requests,344,344,310,344,34,1.1096774193548387,16,14,0,not_identified
day,2026-08-11,current_catalog_text_output,exact_model_variant,requests,345,345,310,345,35,1.1129032258064515,16,14,0,not_identified
day,2026-08-11,current_catalog_text_output,exact_model_variant,requests,346,346,310,346,36,1.1161290322580646,16,14,0,not_identified
day,2026-08-11,current_catalog_text_output,exact_model_variant,requests,347,347,311,347,36,1.1157556270096463,16,14,0,not_identified
day,2026-08-11,current_catalog_text_output,exact_model_variant,requests,348,348,311,348,37,1.1189710610932475,16,14,0,not_identified
day,2026-08-11,current_catalog_text_output,exact_model_variant,requests,349,349,312,349,37,1.1185897435897436,16,14,0,not_identified
day,2026-08-11,current_catalog_text_output,exact_model_variant,requests,350,350,312,350,38,1.1217948717948718,16,14,0,not_identified
day,2026-08-11,current_catalog_text_output,exact_model_variant,requests,351,351,312,351,39,1.125,16,14,0,not_identified
day,2026-08-11,current_catalog_text_output,exact_model_variant,requests,352,352,312,352,40,1.1282051282051282,16,14,0,not_identified
day,2026-08-11,current_catalog_text_output,exact_model_variant,requests,353,353,312,353,41,1.1314102564102564,16,14,0,not_identified
day,2026-08-11,current_catalog_text_output,exact_model_variant,requests,354,354,312,354,42,1.1346153846153846,16,14,0,not_identified
day,2026-08-11,current_catalog_text_output,exact_model_variant,requests,355,355,312,355,43,1.1378205128205128,16,14,0,not_identified
day,2026-08-11,current_catalog_text_output,exact_model_variant,requests,356,356,312,356,44,1.141025641025641,16,14,0,not_identified
day,2026-08-11,current_catalog_text_output,exact_model_variant,requests,357,357,312,357,45,1.1442307692307692,16,14,0,not_identified
day,2026-08-11,current_catalog_text_output,exact_model_variant,requests,358,358,312,358,46,1.1474358974358974,16,14,0,not_identified
day,2026-08-11,current_catalog_text_output,exact_model_variant,requests,359,359,312,359,47,1.1506410256410255,16,14,0,not_identified
day,2026-08-11,current_catalog_text_output,exact_model_variant,requests,360,360,312,360,48,1.1538461538461537,16,14,0,not_identified
day,2026-08-11,current_catalog_text_output,exact_model_variant,requests,361,361,312,361,49,1.1570512820512822,16,14,0,not_identified
day,2026-08-11,current_catalog_text_output,exact_model_variant,requests,362,362,313,362,49,1.156549520766773,16,14,0,not_identified
day,2026-08-11,current_catalog_text_output,exact_model_variant,requests,363,363,313,363,50,1.159744408945687,16,14,0,not_identified
day,2026-08-11,current_catalog_text_output,exact_model_variant,requests,364,364,313,364,51,1.1629392971246006,16,14,0,not_identified
day,2026-08-11,all_observed,exact_model_variant,total_tokens,1,1,1,1,0,1.0,1,1,0,not_identified
day,2026-08-11,all_observed,exact_model_variant,total_tokens,2,2,2,2,0,1.0,2,1,0,not_identified
day,2026-08-11,all_observed,exact_model_variant,total_tokens,3,3,3,3,0,1.0,3,2,0,not_identified
day,2026-08-11,all_observed,exact_model_variant,total_tokens,4,4,4,4,0,1.0,3,2,0,not_identified
day,2026-08-11,all_observed,exact_model_variant,total_tokens,5,5,5,5,0,1.0,3,3,0,not_identified
day,2026-08-11,all_observed,exact_model_variant,total_tokens,6,6,6,6,0,1.0,3,3,0,not_identified
day,2026-08-11,all_observed,exact_model_variant,total_tokens,7,7,7,7,0,1.0,3,3,0,not_identified
day,2026-08-11,all_observed,exact_model_variant,total_tokens,8,8,8,8,0,1.0,4,3,0,not_identified
day,2026-08-11,all_observed,exact_model_variant,total_tokens,9,9,9,9,0,1.0,4,4,0,not_identified
day,2026-08-11,all_observed,exact_model_variant,total_tokens,10,10,10,10,0,1.0,4,4,0,not_identified
day,2026-08-11,all_observed,exact_model_variant,total_tokens,11,11,11,11,0,1.0,4,4,0,not_identified
day,2026-08-11,all_observed,exact_model_variant,total_tokens,12,12,12,12,0,1.0,4,4,0,not_identified
day,2026-08-11,all_observed,exact_model_variant,total_tokens,13,13,13,13,0,1.0,5,5,0,not_identified
day,2026-08-11,all_observed,exact_model_variant,total_tokens,14,14,14,14,0,1.0,5,5,0,not_identified
day,2026-08-11,all_observed,exact_model_variant,total_tokens,15,15,15,15,0,1.0,5,5,0,not_identified
day,2026-08-11,all_observed,exact_model_variant,total_tokens,16,16,16,16,0,1.0,5,5,0,not_identified
day,2026-08-11,all_observed,exact_model_variant,total_tokens,17,17,17,17,0,1.0,5,5,0,not_identified
day,2026-08-11,all_observed,exact_model_variant,total_tokens,18,18,18,18,0,1.0,5,5,0,not_identified
day,2026-08-11,all_observed,exact_model_variant,total_tokens,19,19,19,19,0,1.0,5,5,0,not_identified
day,2026-08-11,all_observed,exact_model_variant,total_tokens,20,20,20,20,0,1.0,5,5,0,not_identified
day,2026-08-11,all_observed,exact_model_variant,total_tokens,21,21,21,21,0,1.0,5,5,0,not_identified
day,2026-08-11,all_observed,exact_model_variant,total_tokens,22,22,22,22,0,1.0,5,5,0,not_identified
day,2026-08-11,all_observed,exact_model_variant,total_tokens,23,23,23,23,0,1.0,6,5,0,not_identified
day,2026-08-11,all_observed,exact_model_variant,total_tokens,24,24,24,24,0,1.0,6,5,0,not_identified
day,2026-08-11,all_observed,exact_model_variant,total_tokens,25,25,25,25,0,1.0,6,5,0,not_identified
day,2026-08-11,all_observed,exact_model_variant,total_tokens,26,26,26,26,0,1.0,6,5,0,not_identified
day,2026-08-11,all_observed,exact_model_variant,total_tokens,27,27,27,27,0,1.0,6,5,0,not_identified
day,2026-08-11,all_observed,exact_model_variant,total_tokens,28,28,28,28,0,1.0,6,5,0,not_identified
day,2026-08-11,all_observed,exact_model_variant,total_tokens,29,29,29,29,0,1.0,6,5,0,not_identified
day,2026-08-11,all_observed,exact_model_variant,total_tokens,30,30,30,30,0,1.0,7,5,0,not_identified
day,2026-08-11,all_observed,exact_model_variant,total_tokens,31,31,31,31,0,1.0,8,5,0,not_identified
day,2026-08-11,all_observed,exact_model_variant,total_tokens,32,32,32,32,0,1.0,8,5,0,not_identified
day,2026-08-11,all_observed,exact_model_variant,total_tokens,33,33,33,33,0,1.0,8,5,0,not_identified
day,2026-08-11,all_observed,exact_model_variant,total_tokens,34,34,34,34,0,1.0,8,5,0,not_identified
day,2026-08-11,all_observed,exact_model_variant,total_tokens,35,35,35,35,0,1.0,8,5,0,not_identified
day,2026-08-11,all_observed,exact_model_variant,total_tokens,36,36,36,36,0,1.0,8,5,0,not_identified
day,2026-08-11,all_observed,exact_model_variant,total_tokens,37,37,37,37,0,1.0,8,5,0,not_identified
day,2026-08-11,all_observed,exact_model_variant,total_tokens,38,38,38,38,0,1.0,9,5,0,not_identified
day,2026-08-11,all_observed,exact_model_variant,total_tokens,39,39,39,39,0,1.0,9,5,0,not_identified
day,2026-08-11,all_observed,exact_model_variant,total_tokens,40,40,40,40,0,1.0,9,5,0,not_identified
day,2026-08-11,all_observed,exact_model_variant,total_tokens,41,41,41,41,0,1.0,9,5,0,not_identified
day,2026-08-11,all_observed,exact_model_variant,total_tokens,42,42,42,42,0,1.0,9,5,0,not_identified
day,2026-08-11,all_observed,exact_model_variant,total_tokens,43,43,43,43,0,1.0,9,5,0,not_identified
day,2026-08-11,all_observed,exact_model_variant,total_tokens,44,44,44,44,0,1.0,9,5,0,not_identified
day,2026-08-11,all_observed,exact_model_variant,total_tokens,45,45,45,45,0,1.0,9,5,0,not_identified
day,2026-08-11,all_observed,exact_model_variant,total_tokens,46,46,46,46,0,1.0,9,5,0,not_identified
day,2026-08-11,all_observed,exact_model_variant,total_tokens,47,47,47,47,0,1.0,9,5,0,not_identified
day,2026-08-11,all_observed,exact_model_variant,total_tokens,48,48,48,48,0,1.0,9,6,0,not_identified
day,2026-08-11,all_observed,exact_model_variant,total_tokens,49,49,49,49,0,1.0,9,6,0,not_identified
day,2026-08-11,all_observed,exact_model_variant,total_tokens,50,50,50,50,0,1.0,9,6,0,not_identified
day,2026-08-11,all_observed,exact_model_variant,total_tokens,51,51,51,51,0,1.0,9,6,0,not_identified
day,2026-08-11,all_observed,exact_model_variant,total_tokens,52,52,52,52,0,1.0,9,7,0,not_identified
day,2026-08-11,all_observed,exact_model_variant,total_tokens,53,53,53,53,0,1.0,9,7,0,not_identified
day,2026-08-11,all_observed,exact_model_variant,total_tokens,54,54,54,54,0,1.0,9,7,0,not_identified
day,2026-08-11,all_observed,exact_model_variant,total_tokens,55,55,54,55,1,1.0185185185185186,9,7,0,not_identified
day,2026-08-11,all_observed,exact_model_variant,total_tokens,56,56,55,56,1,1.018181818181818,10,7,0,not_identified
day,2026-08-11,all_observed,exact_model_variant,total_tokens,57,57,56,57,1,1.0178571428571428,10,7,0,not_identified
day,2026-08-11,all_observed,exact_model_variant,total_tokens,58,58,57,58,1,1.0175438596491229,10,7,0,not_identified
day,2026-08-11,all_observed,exact_model_variant,total_tokens,59,59,58,59,1,1.0172413793103448,10,7,0,not_identified
day,2026-08-11,all_observed,exact_model_variant,total_tokens,60,60,59,60,1,1.0169491525423728,10,7,0,not_identified
day,2026-08-11,all_observed,exact_model_variant,total_tokens,61,61,60,61,1,1.0166666666666666,10,7,0,not_identified
day,2026-08-11,all_observed,exact_model_variant,total_tokens,62,62,61,62,1,1.0163934426229508,10,7,0,not_identified
day,2026-08-11,all_observed,exact_model_variant,total_tokens,63,63,62,63,1,1.0161290322580645,10,7,0,not_identified
day,2026-08-11,all_observed,exact_model_variant,total_tokens,64,64,63,64,1,1.0158730158730158,10,7,0,not_identified
day,2026-08-11,all_observed,exact_model_variant,total_tokens,65,65,64,65,1,1.015625,10,7,0,not_identified
day,2026-08-11,all_observed,exact_model_variant,total_tokens,66,66,65,66,1,1.0153846153846153,10,7,0,not_identified
day,2026-08-11,all_observed,exact_model_variant,total_tokens,67,67,66,67,1,1.0151515151515151,10,7,0,not_identified
day,2026-08-11,all_observed,exact_model_variant,total_tokens,68,68,67,68,1,1.0149253731343284,10,7,0,not_identified
day,2026-08-11,all_observed,exact_model_variant,total_tokens,69,69,68,69,1,1.0147058823529411,11,7,0,not_identified
day,2026-08-11,all_observed,exact_model_variant,total_tokens,70,70,69,70,1,1.0144927536231885,11,7,0,not_identified
day,2026-08-11,all_observed,exact_model_variant,total_tokens,71,71,69,71,2,1.0289855072463767,11,7,0,not_identified
day,2026-08-11,all_observed,exact_model_variant,total_tokens,72,72,70,72,2,1.0285714285714285,11,7,0,not_identified
day,2026-08-11,all_observed,exact_model_variant,total_tokens,73,73,71,73,2,1.028169014084507,11,7,0,not_identified
day,2026-08-11,all_observed,exact_model_variant,total_tokens,74,74,72,74,2,1.0277777777777777,12,7,0,not_identified
day,2026-08-11,all_observed,exact_model_variant,total_tokens,75,75,73,75,2,1.0273972602739727,12,7,0,not_identified
day,2026-08-11,all_observed,exact_model_variant,total_tokens,76,76,74,76,2,1.027027027027027,12,7,0,not_identified
day,2026-08-11,all_observed,exact_model_variant,total_tokens,77,77,75,77,2,1.0266666666666666,12,7,0,not_identified
day,2026-08-11,all_observed,exact_model_variant,total_tokens,78,78,76,78,2,1.0263157894736843,12,7,0,not_identified
day,2026-08-11,all_observed,exact_model_variant,total_tokens,79,79,77,79,2,1.025974025974026,12,7,0,not_identified
day,2026-08-11,all_observed,exact_model_variant,total_tokens,80,80,78,80,2,1.0256410256410255,13,7,0,not_identified
day,2026-08-11,all_observed,exact_model_variant,total_tokens,81,81,79,81,2,1.0253164556962024,13,7,0,not_identified
day,2026-08-11,all_observed,exact_model_variant,total_tokens,82,82,80,82,2,1.025,13,7,0,not_identified
day,2026-08-11,all_observed,exact_model_variant,total_tokens,83,83,81,83,2,1.0246913580246915,13,7,0,not_identified
day,2026-08-11,all_observed,exact_model_variant,total_tokens,84,84,82,84,2,1.024390243902439,13,7,0,not_identified
day,2026-08-11,all_observed,exact_model_variant,total_tokens,85,85,83,85,2,1.0240963855421688,13,7,0,not_identified
day,2026-08-11,all_observed,exact_model_variant,total_tokens,86,86,84,86,2,1.0238095238095237,13,7,0,not_identified
day,2026-08-11,all_observed,exact_model_variant,total_tokens,87,87,85,87,2,1.0235294117647058,13,7,0,not_identified
day,2026-08-11,all_observed,exact_model_variant,total_tokens,88,88,86,88,2,1.0232558139534884,13,7,0,not_identified
day,2026-08-11,all_observed,exact_model_variant,total_tokens,89,89,87,89,2,1.0229885057471264,13,7,0,not_identified
day,2026-08-11,all_observed,exact_model_variant,total_tokens,90,90,87,90,3,1.0344827586206897,13,7,0,not_identified
day,2026-08-11,all_observed,exact_model_variant,total_tokens,91,91,88,91,3,1.0340909090909092,13,7,0,not_identified
day,2026-08-11,all_observed,exact_model_variant,total_tokens,92,92,89,92,3,1.0337078651685394,13,7,0,not_identified
day,2026-08-11,all_observed,exact_model_variant,total_tokens,93,93,90,93,3,1.0333333333333334,13,7,0,not_identified
day,2026-08-11,all_observed,exact_model_variant,total_tokens,94,94,91,94,3,1.032967032967033,13,7,0,not_identified
day,2026-08-11,all_observed,exact_model_variant,total_tokens,95,95,92,95,3,1.0326086956521738,13,7,0,not_identified
day,2026-08-11,all_observed,exact_model_variant,total_tokens,96,96,93,96,3,1.032258064516129,13,7,0,not_identified
day,2026-08-11,all_observed,exact_model_variant,total_tokens,97,97,94,97,3,1.0319148936170213,13,7,0,not_identified
day,2026-08-11,all_observed,exact_model_variant,total_tokens,98,98,95,98,3,1.0315789473684212,13,7,0,not_identified
day,2026-08-11,all_observed,exact_model_variant,total_tokens,99,99,96,99,3,1.03125,13,7,0,not_identified
day,2026-08-11,all_observed,exact_model_variant,total_tokens,100,100,97,100,3,1.0309278350515463,13,7,0,not_identified
day,2026-08-11,all_observed,exact_model_variant,total_tokens,101,101,98,101,3,1.030612244897959,13,7,0,not_identified
day,2026-08-11,all_observed,exact_model_variant,total_tokens,102,102,99,102,3,1.0303030303030303,13,7,0,not_identified
day,2026-08-11,all_observed,exact_model_variant,total_tokens,103,103,100,103,3,1.03,13,7,0,not_identified
day,2026-08-11,all_observed,exact_model_variant,total_tokens,104,104,101,104,3,1.0297029702970297,13,7,0,not_identified
day,2026-08-11,all_observed,exact_model_variant,total_tokens,105,105,102,105,3,1.0294117647058822,13,7,0,not_identified
day,2026-08-11,all_observed,exact_model_variant,total_tokens,106,106,103,106,3,1.029126213592233,13,7,0,not_identified
day,2026-08-11,all_observed,exact_model_variant,total_tokens,107,107,104,107,3,1.0288461538461537,13,7,0,not_identified
day,2026-08-11,all_observed,exact_model_variant,total_tokens,108,108,105,108,3,1.0285714285714285,13,7,0,not_identified
day,2026-08-11,all_observed,exact_model_variant,total_tokens,109,109,106,109,3,1.028301886792453,13,7,0,not_identified
day,2026-08-11,all_observed,exact_model_variant,total_tokens,110,110,107,110,3,1.02803738317757,13,7,0,not_identified
day,2026-08-11,all_observed,exact_model_variant,total_tokens,111,111,108,111,3,1.0277777777777777,13,8,0,not_identified
day,2026-08-11,all_observed,exact_model_variant,total_tokens,112,112,109,112,3,1.0275229357798166,13,8,0,not_identified
day,2026-08-11,all_observed,exact_model_variant,total_tokens,113,113,110,113,3,1.0272727272727273,13,8,0,not_identified
day,2026-08-11,all_observed,exact_model_variant,total_tokens,114,114,111,114,3,1.027027027027027,14,8,0,not_identified
day,2026-08-11,all_observed,exact_model_variant,total_tokens,115,115,112,115,3,1.0267857142857142,14,8,0,not_identified
day,2026-08-11,all_observed,exact_model_variant,total_tokens,116,116,113,116,3,1.0265486725663717,14,8,0,not_identified
day,2026-08-11,all_observed,exact_model_variant,total_tokens,117,117,114,117,3,1.0263157894736843,14,8,0,not_identified
day,2026-08-11,all_observed,exact_model_variant,total_tokens,118,118,115,118,3,1.0260869565217392,14,8,0,not_identified
day,2026-08-11,all_observed,exact_model_variant,total_tokens,119,119,116,119,3,1.0258620689655173,14,8,0,not_identified
day,2026-08-11,all_observed,exact_model_variant,total_tokens,120,120,117,120,3,1.0256410256410255,14,8,0,not_identified
day,2026-08-11,all_observed,exact_model_variant,total_tokens,121,121,118,121,3,1.0254237288135593,14,8,0,not_identified
day,2026-08-11,all_observed,exact_model_variant,total_tokens,122,122,118,122,4,1.0338983050847457,14,8,0,not_identified
day,2026-08-11,all_observed,exact_model_variant,total_tokens,123,123,119,123,4,1.0336134453781514,14,8,0,not_identified
day,2026-08-11,all_observed,exact_model_variant,total_tokens,124,124,120,124,4,1.0333333333333334,14,8,0,not_identified
day,2026-08-11,all_observed,exact_model_variant,total_tokens,125,125,121,125,4,1.0330578512396693,14,8,0,not_identified
day,2026-08-11,all_observed,exact_model_variant,total_tokens,126,126,122,126,4,1.0327868852459017,14,8,0,not_identified
day,2026-08-11,all_observed,exact_model_variant,total_tokens,127,127,122,127,5,1.040983606557377,14,8,0,not_identified
day,2026-08-11,all_observed,exact_model_variant,total_tokens,128,128,123,128,5,1.0406504065040652,14,8,0,not_identified
day,2026-08-11,all_observed,exact_model_variant,total_tokens,129,129,124,129,5,1.0403225806451613,14,8,0,not_identified
day,2026-08-11,all_observed,exact_model_variant,total_tokens,130,130,125,130,5,1.04,14,8,0,not_identified
day,2026-08-11,all_observed,exact_model_variant,total_tokens,131,131,126,131,5,1.0396825396825398,14,8,0,not_identified
day,2026-08-11,all_observed,exact_model_variant,total_tokens,132,132,127,132,5,1.0393700787401574,14,8,0,not_identified
day,2026-08-11,all_observed,exact_model_variant,total_tokens,133,133,128,133,5,1.0390625,14,8,0,not_identified
day,2026-08-11,all_observed,exact_model_variant,total_tokens,134,134,129,134,5,1.0387596899224807,14,9,0,not_identified
day,2026-08-11,all_observed,exact_model_variant,total_tokens,135,135,130,135,5,1.0384615384615385,14,9,0,not_identified
day,2026-08-11,all_observed,exact_model_variant,total_tokens,136,136,131,136,5,1.0381679389312977,14,9,0,not_identified
day,2026-08-11,all_observed,exact_model_variant,total_tokens,137,137,132,137,5,1.0378787878787878,14,9,0,not_identified
day,2026-08-11,all_observed,exact_model_variant,total_tokens,138,138,133,138,5,1.037593984962406,14,9,0,not_identified
day,2026-08-11,all_observed,exact_model_variant,total_tokens,139,139,133,139,6,1.0451127819548873,14,9,0,not_identified
day,2026-08-11,all_observed,exact_model_variant,total_tokens,140,140,134,140,6,1.044776119402985,14,10,0,not_identified
day,2026-08-11,all_observed,exact_model_variant,total_tokens,141,141,135,141,6,1.0444444444444445,14,10,0,not_identified
day,2026-08-11,all_observed,exact_model_variant,total_tokens,142,142,136,142,6,1.0441176470588236,14,10,0,not_identified
day,2026-08-11,all_observed,exact_model_variant,total_tokens,143,143,137,143,6,1.0437956204379562,14,10,0,not_identified
day,2026-08-11,all_observed,exact_model_variant,total_tokens,144,144,138,144,6,1.0434782608695652,14,10,0,not_identified
day,2026-08-11,all_observed,exact_model_variant,total_tokens,145,145,139,145,6,1.0431654676258992,14,10,0,not_identified
day,2026-08-11,all_observed,exact_model_variant,total_tokens,146,146,140,146,6,1.042857142857143,14,10,0,not_identified
day,2026-08-11,all_observed,exact_model_variant,total_tokens,147,147,141,147,6,1.0425531914893618,14,10,0,not_identified
day,2026-08-11,all_observed,exact_model_variant,total_tokens,148,148,142,148,6,1.0422535211267605,14,10,0,not_identified
day,2026-08-11,all_observed,exact_model_variant,total_tokens,149,149,142,149,7,1.0492957746478873,14,10,0,not_identified
day,2026-08-11,all_observed,exact_model_variant,total_tokens,150,150,143,150,7,1.048951048951049,14,10,0,not_identified
day,2026-08-11,all_observed,exact_model_variant,total_tokens,151,151,144,151,7,1.0486111111111112,14,10,0,not_identified
day,2026-08-11,all_observed,exact_model_variant,total_tokens,152,152,145,152,7,1.0482758620689656,14,10,0,not_identified
day,2026-08-11,all_observed,exact_model_variant,total_tokens,153,153,146,153,7,1.047945205479452,14,10,0,not_identified
day,2026-08-11,all_observed,exact_model_variant,total_tokens,154,154,147,154,7,1.0476190476190477,14,10,0,not_identified
day,2026-08-11,all_observed,exact_model_variant,total_tokens,155,155,148,155,7,1.0472972972972974,14,10,0,not_identified
day,2026-08-11,all_observed,exact_model_variant,total_tokens,156,156,149,156,7,1.0469798657718121,14,10,0,not_identified
day,2026-08-11,all_observed,exact_model_variant,total_tokens,157,157,150,157,7,1.0466666666666666,14,10,0,not_identified
day,2026-08-11,all_observed,exact_model_variant,total_tokens,158,158,151,158,7,1.0463576158940397,14,10,0,not_identified
day,2026-08-11,all_observed,exact_model_variant,total_tokens,159,159,151,159,8,1.0529801324503312,14,10,0,not_identified
day,2026-08-11,all_observed,exact_model_variant,total_tokens,160,160,152,160,8,1.0526315789473684,14,10,0,not_identified
day,2026-08-11,all_observed,exact_model_variant,total_tokens,161,161,153,161,8,1.0522875816993464,14,10,0,not_identified
day,2026-08-11,all_observed,exact_model_variant,total_tokens,162,162,154,162,8,1.051948051948052,14,10,0,not_identified
day,2026-08-11,all_observed,exact_model_variant,total_tokens,163,163,155,163,8,1.0516129032258064,14,10,0,not_identified
day,2026-08-11,all_observed,exact_model_variant,total_tokens,164,164,156,164,8,1.0512820512820513,14,10,0,not_identified
day,2026-08-11,all_observed,exact_model_variant,total_tokens,165,165,157,165,8,1.0509554140127388,14,10,0,not_identified
day,2026-08-11,all_observed,exact_model_variant,total_tokens,166,166,158,166,8,1.0506329113924051,14,10,0,not_identified
day,2026-08-11,all_observed,exact_model_variant,total_tokens,167,167,159,167,8,1.050314465408805,14,10,0,not_identified
day,2026-08-11,all_observed,exact_model_variant,total_tokens,168,168,160,168,8,1.05,14,10,0,not_identified
day,2026-08-11,all_observed,exact_model_variant,total_tokens,169,169,161,169,8,1.049689440993789,14,10,0,not_identified
day,2026-08-11,all_observed,exact_model_variant,total_tokens,170,170,162,170,8,1.0493827160493827,14,10,0,not_identified
day,2026-08-11,all_observed,exact_model_variant,total_tokens,171,171,163,171,8,1.049079754601227,14,11,0,not_identified
day,2026-08-11,all_observed,exact_model_variant,total_tokens,172,172,164,172,8,1.048780487804878,14,11,0,not_identified
day,2026-08-11,all_observed,exact_model_variant,total_tokens,173,173,165,173,8,1.0484848484848486,14,11,0,not_identified
day,2026-08-11,all_observed,exact_model_variant,total_tokens,174,174,166,174,8,1.0481927710843373,14,11,0,not_identified
day,2026-08-11,all_observed,exact_model_variant,total_tokens,175,175,167,175,8,1.0479041916167664,14,11,0,not_identified
day,2026-08-11,all_observed,exact_model_variant,total_tokens,176,176,168,176,8,1.0476190476190477,14,11,0,not_identified
day,2026-08-11,all_observed,exact_model_variant,total_tokens,177,177,169,177,8,1.047337278106509,14,12,0,not_identified
day,2026-08-11,all_observed,exact_model_variant,total_tokens,178,178,170,178,8,1.0470588235294118,14,12,0,not_identified
day,2026-08-11,all_observed,exact_model_variant,total_tokens,179,179,171,179,8,1.0467836257309941,14,13,0,not_identified
day,2026-08-11,all_observed,exact_model_variant,total_tokens,180,180,172,180,8,1.0465116279069768,14,13,0,not_identified
day,2026-08-11,all_observed,exact_model_variant,total_tokens,181,181,173,181,8,1.046242774566474,14,13,0,not_identified
day,2026-08-11,all_observed,exact_model_variant,total_tokens,182,182,174,182,8,1.0459770114942528,14,13,0,not_identified
day,2026-08-11,all_observed,exact_model_variant,total_tokens,183,183,175,183,8,1.0457142857142858,14,13,0,not_identified
day,2026-08-11,all_observed,exact_model_variant,total_tokens,184,184,176,184,8,1.0454545454545454,14,13,0,not_identified
day,2026-08-11,all_observed,exact_model_variant,total_tokens,185,185,177,185,8,1.0451977401129944,14,13,0,not_identified
day,2026-08-11,all_observed,exact_model_variant,total_tokens,186,186,178,186,8,1.0449438202247192,14,13,0,not_identified
day,2026-08-11,all_observed,exact_model_variant,total_tokens,187,187,179,187,8,1.0446927374301676,14,13,0,not_identified
day,2026-08-11,all_observed,exact_model_variant,total_tokens,188,188,180,188,8,1.0444444444444445,14,13,0,not_identified
day,2026-08-11,all_observed,exact_model_variant,total_tokens,189,189,181,189,8,1.0441988950276244,14,13,0,not_identified
day,2026-08-11,all_observed,exact_model_variant,total_tokens,190,190,182,190,8,1.043956043956044,14,13,0,not_identified
day,2026-08-11,all_observed,exact_model_variant,total_tokens,191,191,183,191,8,1.0437158469945356,14,13,0,not_identified
day,2026-08-11,all_observed,exact_model_variant,total_tokens,192,192,184,192,8,1.0434782608695652,14,13,0,not_identified
day,2026-08-11,all_observed,exact_model_variant,total_tokens,193,193,185,193,8,1.0432432432432432,14,13,0,not_identified
day,2026-08-11,all_observed,exact_model_variant,total_tokens,194,194,186,194,8,1.043010752688172,14,13,0,not_identified
day,2026-08-11,all_observed,exact_model_variant,total_tokens,195,195,187,195,8,1.0427807486631016,14,13,0,not_identified
day,2026-08-11,all_observed,exact_model_variant,total_tokens,196,196,188,196,8,1.0425531914893618,14,13,0,not_identified
day,2026-08-11,all_observed,exact_model_variant,total_tokens,197,197,189,197,8,1.0423280423280423,14,13,0,not_identified
day,2026-08-11,all_observed,exact_model_variant,total_tokens,198,198,190,198,8,1.0421052631578946,14,13,0,not_identified
day,2026-08-11,all_observed,exact_model_variant,total_tokens,199,199,191,199,8,1.0418848167539267,14,13,0,not_identified
day,2026-08-11,all_observed,exact_model_variant,total_tokens,200,200,192,200,8,1.0416666666666667,14,13,0,not_identified
day,2026-08-11,all_observed,exact_model_variant,total_tokens,201,201,193,201,8,1.0414507772020725,14,13,0,not_identified
day,2026-08-11,all_observed,exact_model_variant,total_tokens,202,202,194,202,8,1.041237113402062,14,13,0,not_identified
day,2026-08-11,all_observed,exact_model_variant,total_tokens,203,203,195,203,8,1.041025641025641,14,13,0,not_identified
day,2026-08-11,all_observed,exact_model_variant,total_tokens,204,204,196,204,8,1.0408163265306123,14,13,0,not_identified
day,2026-08-11,all_observed,exact_model_variant,total_tokens,205,205,197,205,8,1.0406091370558375,14,14,0,not_identified
day,2026-08-11,all_observed,exact_model_variant,total_tokens,206,206,198,206,8,1.0404040404040404,14,14,0,not_identified
day,2026-08-11,all_observed,exact_model_variant,total_tokens,207,207,199,207,8,1.0402010050251256,14,14,0,not_identified
day,2026-08-11,all_observed,exact_model_variant,total_tokens,208,208,200,208,8,1.04,14,14,0,not_identified
day,2026-08-11,all_observed,exact_model_variant,total_tokens,209,209,201,209,8,1.0398009950248757,14,14,0,not_identified
day,2026-08-11,all_observed,exact_model_variant,total_tokens,210,210,202,210,8,1.0396039603960396,14,14,0,not_identified
day,2026-08-11,all_observed,exact_model_variant,total_tokens,211,211,203,211,8,1.0394088669950738,14,14,0,not_identified
day,2026-08-11,all_observed,exact_model_variant,total_tokens,212,212,204,212,8,1.0392156862745099,14,14,0,not_identified
day,2026-08-11,all_observed,exact_model_variant,total_tokens,213,213,205,213,8,1.0390243902439025,14,14,0,not_identified
day,2026-08-11,all_observed,exact_model_variant,total_tokens,214,214,206,214,8,1.0388349514563107,14,14,0,not_identified
day,2026-08-11,all_observed,exact_model_variant,total_tokens,215,215,207,215,8,1.038647342995169,14,14,0,not_identified
day,2026-08-11,all_observed,exact_model_variant,total_tokens,216,216,207,216,9,1.0434782608695652,14,14,0,not_identified
day,2026-08-11,all_observed,exact_model_variant,total_tokens,217,217,208,217,9,1.0432692307692308,14,14,0,not_identified
day,2026-08-11,all_observed,exact_model_variant,total_tokens,218,218,209,218,9,1.0430622009569377,14,14,0,not_identified
day,2026-08-11,all_observed,exact_model_variant,total_tokens,219,219,210,219,9,1.042857142857143,14,14,0,not_identified
day,2026-08-11,all_observed,exact_model_variant,total_tokens,220,220,211,220,9,1.042654028436019,14,15,0,not_identified
day,2026-08-11,all_observed,exact_model_variant,total_tokens,221,221,212,221,9,1.0424528301886793,14,15,0,not_identified
day,2026-08-11,all_observed,exact_model_variant,total_tokens,222,222,213,222,9,1.0422535211267605,14,15,0,not_identified
day,2026-08-11,all_observed,exact_model_variant,total_tokens,223,223,214,223,9,1.0420560747663552,14,15,0,not_identified
day,2026-08-11,all_observed,exact_model_variant,total_tokens,224,224,215,224,9,1.041860465116279,14,15,0,not_identified
day,2026-08-11,all_observed,exact_model_variant,total_tokens,225,225,216,225,9,1.0416666666666667,14,15,0,not_identified
day,2026-08-11,all_observed,exact_model_variant,total_tokens,226,226,217,226,9,1.0414746543778801,14,15,0,not_identified
day,2026-08-11,all_observed,exact_model_variant,total_tokens,227,227,218,227,9,1.0412844036697249,14,15,0,not_identified
day,2026-08-11,all_observed,exact_model_variant,total_tokens,228,228,219,228,9,1.0410958904109588,14,15,0,not_identified
day,2026-08-11,all_observed,exact_model_variant,total_tokens,229,229,220,229,9,1.040909090909091,14,15,0,not_identified
day,2026-08-11,all_observed,exact_model_variant,total_tokens,230,230,221,230,9,1.0407239819004526,14,15,0,not_identified
day,2026-08-11,all_observed,exact_model_variant,total_tokens,231,231,222,231,9,1.0405405405405406,14,15,0,not_identified
day,2026-08-11,all_observed,exact_model_variant,total_tokens,232,232,223,232,9,1.0403587443946187,14,15,0,not_identified
day,2026-08-11,all_observed,exact_model_variant,total_tokens,233,233,224,233,9,1.0401785714285714,14,15,0,not_identified
day,2026-08-11,all_observed,exact_model_variant,total_tokens,234,234,225,234,9,1.04,14,15,0,not_identified
day,2026-08-11,all_observed,exact_model_variant,total_tokens,235,235,226,235,9,1.0398230088495575,14,15,0,not_identified
day,2026-08-11,all_observed,exact_model_variant,total_tokens,236,236,227,236,9,1.039647577092511,14,15,0,not_identified
day,2026-08-11,all_observed,exact_model_variant,total_tokens,237,237,228,237,9,1.0394736842105263,14,15,0,not_identified
day,2026-08-11,all_observed,exact_model_variant,total_tokens,238,238,229,238,9,1.039301310043668,14,15,0,not_identified
day,2026-08-11,all_observed,exact_model_variant,total_tokens,239,239,230,239,9,1.0391304347826087,14,15,0,not_identified
day,2026-08-11,all_observed,exact_model_variant,total_tokens,240,240,231,240,9,1.0389610389610389,14,15,0,not_identified
day,2026-08-11,all_observed,exact_model_variant,total_tokens,241,241,232,241,9,1.0387931034482758,14,15,0,not_identified
day,2026-08-11,all_observed,exact_model_variant,total_tokens,242,242,233,242,9,1.03862660944206,14,15,0,not_identified
day,2026-08-11,all_observed,exact_model_variant,total_tokens,243,243,234,243,9,1.0384615384615385,14,15,0,not_identified
day,2026-08-11,all_observed,exact_model_variant,total_tokens,244,244,235,244,9,1.0382978723404255,14,15,0,not_identified
day,2026-08-11,all_observed,exact_model_variant,total_tokens,245,245,235,245,10,1.0425531914893618,14,15,0,not_identified
day,2026-08-11,all_observed,exact_model_variant,total_tokens,246,246,236,246,10,1.0423728813559323,14,15,0,not_identified
day,2026-08-11,all_observed,exact_model_variant,total_tokens,247,247,237,247,10,1.0421940928270041,14,15,0,not_identified
day,2026-08-11,all_observed,exact_model_variant,total_tokens,248,248,237,248,11,1.0464135021097047,14,15,0,not_identified
day,2026-08-11,all_observed,exact_model_variant,total_tokens,249,249,238,249,11,1.046218487394958,14,15,0,not_identified
day,2026-08-11,all_observed,exact_model_variant,total_tokens,250,250,239,250,11,1.0460251046025104,14,15,0,not_identified
day,2026-08-11,all_observed,exact_model_variant,total_tokens,251,251,240,251,11,1.0458333333333334,14,15,0,not_identified
day,2026-08-11,all_observed,exact_model_variant,total_tokens,252,252,241,252,11,1.045643153526971,14,15,0,not_identified
day,2026-08-11,all_observed,exact_model_variant,total_tokens,253,253,242,253,11,1.0454545454545454,14,15,0,not_identified
day,2026-08-11,all_observed,exact_model_variant,total_tokens,254,254,243,254,11,1.045267489711934,14,15,0,not_identified
day,2026-08-11,all_observed,exact_model_variant,total_tokens,255,255,244,255,11,1.0450819672131149,14,15,0,not_identified
day,2026-08-11,all_observed,exact_model_variant,total_tokens,256,256,245,256,11,1.0448979591836736,14,15,0,not_identified
day,2026-08-11,all_observed,exact_model_variant,total_tokens,257,257,246,257,11,1.0447154471544715,14,15,0,not_identified
day,2026-08-11,all_observed,exact_model_variant,total_tokens,258,258,246,258,12,1.048780487804878,14,15,0,not_identified
day,2026-08-11,all_observed,exact_model_variant,total_tokens,259,259,247,259,12,1.048582995951417,14,15,0,not_identified
day,2026-08-11,all_observed,exact_model_variant,total_tokens,260,260,248,260,12,1.0483870967741935,14,15,0,not_identified
day,2026-08-11,all_observed,exact_model_variant,total_tokens,261,261,248,261,13,1.0524193548387097,14,15,0,not_identified
day,2026-08-11,all_observed,exact_model_variant,total_tokens,262,262,249,262,13,1.0522088353413654,14,15,0,not_identified
day,2026-08-11,all_observed,exact_model_variant,total_tokens,263,263,250,263,13,1.052,14,15,0,not_identified
day,2026-08-11,all_observed,exact_model_variant,total_tokens,264,264,251,264,13,1.051792828685259,14,15,0,not_identified
day,2026-08-11,all_observed,exact_model_variant,total_tokens,265,265,252,265,13,1.0515873015873016,15,15,0,not_identified
day,2026-08-11,all_observed,exact_model_variant,total_tokens,266,266,253,266,13,1.051383399209486,15,15,0,not_identified
day,2026-08-11,all_observed,exact_model_variant,total_tokens,267,267,254,267,13,1.0511811023622046,15,15,0,not_identified
day,2026-08-11,all_observed,exact_model_variant,total_tokens,268,268,255,268,13,1.0509803921568628,15,15,0,not_identified
day,2026-08-11,all_observed,exact_model_variant,total_tokens,269,269,256,269,13,1.05078125,15,15,0,not_identified
day,2026-08-11,all_observed,exact_model_variant,total_tokens,270,270,257,270,13,1.0505836575875487,15,16,0,not_identified
day,2026-08-11,all_observed,exact_model_variant,total_tokens,271,271,258,271,13,1.050387596899225,15,16,0,not_identified
day,2026-08-11,all_observed,exact_model_variant,total_tokens,272,272,259,272,13,1.05019305019305,15,16,0,not_identified
day,2026-08-11,all_observed,exact_model_variant,total_tokens,273,273,260,273,13,1.05,15,17,0,not_identified
day,2026-08-11,all_observed,exact_model_variant,total_tokens,274,274,261,274,13,1.049808429118774,15,17,0,not_identified
day,2026-08-11,all_observed,exact_model_variant,total_tokens,275,275,262,275,13,1.049618320610687,15,17,0,not_identified
day,2026-08-11,all_observed,exact_model_variant,total_tokens,276,276,263,276,13,1.049429657794677,15,17,0,not_identified
day,2026-08-11,all_observed,exact_model_variant,total_tokens,277,277,264,277,13,1.0492424242424243,15,17,0,not_identified
day,2026-08-11,all_observed,exact_model_variant,total_tokens,278,278,265,278,13,1.049056603773585,15,17,0,not_identified
day,2026-08-11,all_observed,exact_model_variant,total_tokens,279,279,266,279,13,1.0488721804511278,15,17,0,not_identified
day,2026-08-11,all_observed,exact_model_variant,total_tokens,280,280,267,280,13,1.048689138576779,15,17,0,not_identified
day,2026-08-11,all_observed,exact_model_variant,total_tokens,281,281,268,281,13,1.0485074626865671,15,17,0,not_identified
day,2026-08-11,all_observed,exact_model_variant,total_tokens,282,282,269,282,13,1.0483271375464684,15,17,0,not_identified
day,2026-08-11,all_observed,exact_model_variant,total_tokens,283,283,270,283,13,1.048148148148148,15,17,0,not_identified
day,2026-08-11,all_observed,exact_model_variant,total_tokens,284,284,271,284,13,1.047970479704797,15,17,0,not_identified
day,2026-08-11,all_observed,exact_model_variant,total_tokens,285,285,272,285,13,1.0477941176470589,15,17,0,not_identified
day,2026-08-11,all_observed,exact_model_variant,total_tokens,286,286,273,286,13,1.0476190476190477,15,18,0,not_identified
day,2026-08-11,all_observed,exact_model_variant,total_tokens,287,287,274,287,13,1.0474452554744527,15,18,0,not_identified
day,2026-08-11,all_observed,exact_model_variant,total_tokens,288,288,275,288,13,1.0472727272727274,15,18,0,not_identified
day,2026-08-11,all_observed,exact_model_variant,total_tokens,289,289,276,289,13,1.0471014492753623,15,18,0,not_identified
day,2026-08-11,all_observed,exact_model_variant,total_tokens,290,290,277,290,13,1.0469314079422383,15,18,0,not_identified
day,2026-08-11,all_observed,exact_model_variant,total_tokens,291,291,278,291,13,1.0467625899280575,15,18,0,not_identified
day,2026-08-11,all_observed,exact_model_variant,total_tokens,292,292,278,292,14,1.0503597122302157,15,18,0,not_identified
day,2026-08-11,all_observed,exact_model_variant,total_tokens,293,293,279,293,14,1.050179211469534,15,18,0,not_identified
day,2026-08-11,all_observed,exact_model_variant,total_tokens,294,294,280,294,14,1.05,15,18,0,not_identified
day,2026-08-11,all_observed,exact_model_variant,total_tokens,295,295,281,295,14,1.0498220640569396,15,18,0,not_identified
day,2026-08-11,all_observed,exact_model_variant,total_tokens,296,296,282,296,14,1.049645390070922,15,18,0,not_identified
day,2026-08-11,all_observed,exact_model_variant,total_tokens,297,297,283,297,14,1.0494699646643109,15,18,0,not_identified
day,2026-08-11,all_observed,exact_model_variant,total_tokens,298,298,284,298,14,1.0492957746478873,15,18,0,not_identified
day,2026-08-11,all_observed,exact_model_variant,total_tokens,299,299,285,299,14,1.0491228070175438,15,18,0,not_identified
day,2026-08-11,all_observed,exact_model_variant,total_tokens,300,300,286,300,14,1.048951048951049,15,18,0,not_identified
day,2026-08-11,all_observed,exact_model_variant,total_tokens,301,301,287,301,14,1.048780487804878,15,18,0,not_identified
day,2026-08-11,all_observed,exact_model_variant,total_tokens,302,302,288,302,14,1.0486111111111112,15,18,0,not_identified
day,2026-08-11,all_observed,exact_model_variant,total_tokens,303,303,288,303,15,1.0520833333333333,15,18,0,not_identified
day,2026-08-11,all_observed,exact_model_variant,total_tokens,304,304,289,304,15,1.0519031141868511,15,18,0,not_identified
day,2026-08-11,all_observed,exact_model_variant,total_tokens,305,305,290,305,15,1.0517241379310345,15,19,0,not_identified
day,2026-08-11,all_observed,exact_model_variant,total_tokens,306,306,290,306,16,1.0551724137931036,15,19,0,not_identified
day,2026-08-11,all_observed,exact_model_variant,total_tokens,307,307,291,307,16,1.0549828178694158,15,19,0,not_identified
day,2026-08-11,all_observed,exact_model_variant,total_tokens,308,308,291,308,17,1.0584192439862543,15,19,0,not_identified
day,2026-08-11,all_observed,exact_model_variant,total_tokens,309,309,292,309,17,1.0582191780821917,15,19,0,not_identified
day,2026-08-11,all_observed,exact_model_variant,total_tokens,310,310,293,310,17,1.0580204778156996,15,19,0,not_identified
day,2026-08-11,all_observed,exact_model_variant,total_tokens,311,311,294,311,17,1.0578231292517006,15,19,0,not_identified
day,2026-08-11,all_observed,exact_model_variant,total_tokens,312,312,295,312,17,1.0576271186440678,15,19,0,not_identified
day,2026-08-11,all_observed,exact_model_variant,total_tokens,313,313,296,313,17,1.0574324324324325,15,19,0,not_identified
day,2026-08-11,all_observed,exact_model_variant,total_tokens,314,314,297,314,17,1.0572390572390573,15,19,0,not_identified
day,2026-08-11,all_observed,exact_model_variant,total_tokens,315,315,298,315,17,1.0570469798657718,15,20,0,not_identified
day,2026-08-11,all_observed,exact_model_variant,total_tokens,316,316,299,316,17,1.0568561872909699,15,20,0,not_identified
day,2026-08-11,all_observed,exact_model_variant,total_tokens,317,317,300,317,17,1.0566666666666666,15,20,0,not_identified
day,2026-08-11,all_observed,exact_model_variant,total_tokens,318,318,301,318,17,1.0564784053156147,15,20,0,not_identified
day,2026-08-11,all_observed,exact_model_variant,total_tokens,319,319,302,319,17,1.0562913907284768,15,20,0,not_identified
day,2026-08-11,all_observed,exact_model_variant,total_tokens,320,320,303,320,17,1.056105610561056,15,20,0,not_identified
day,2026-08-11,all_observed,exact_model_variant,total_tokens,321,321,304,321,17,1.055921052631579,15,20,0,not_identified
day,2026-08-11,all_observed,exact_model_variant,total_tokens,322,322,304,322,18,1.0592105263157894,15,20,0,not_identified
day,2026-08-11,all_observed,exact_model_variant,total_tokens,323,323,305,323,18,1.0590163934426229,15,20,0,not_identified
day,2026-08-11,all_observed,exact_model_variant,total_tokens,324,324,306,324,18,1.0588235294117647,15,20,0,not_identified
day,2026-08-11,all_observed,exact_model_variant,total_tokens,325,325,306,325,19,1.0620915032679739,15,20,0,not_identified
day,2026-08-11,all_observed,exact_model_variant,total_tokens,326,326,307,326,19,1.0618892508143323,15,20,0,not_identified
day,2026-08-11,all_observed,exact_model_variant,total_tokens,327,327,308,327,19,1.0616883116883118,15,20,0,not_identified
day,2026-08-11,all_observed,exact_model_variant,total_tokens,328,328,309,328,19,1.0614886731391586,15,20,0,not_identified
day,2026-08-11,all_observed,exact_model_variant,total_tokens,329,329,309,329,20,1.064724919093851,15,20,0,not_identified
day,2026-08-11,all_observed,exact_model_variant,total_tokens,330,330,309,330,21,1.0679611650485437,15,20,0,not_identified
day,2026-08-11,all_observed,exact_model_variant,total_tokens,331,331,310,331,21,1.0677419354838709,15,20,0,not_identified
day,2026-08-11,all_observed,exact_model_variant,total_tokens,332,332,311,332,21,1.067524115755627,15,20,0,not_identified
day,2026-08-11,all_observed,exact_model_variant,total_tokens,333,333,312,333,21,1.0673076923076923,15,20,0,not_identified
day,2026-08-11,all_observed,exact_model_variant,total_tokens,334,334,313,334,21,1.0670926517571886,15,20,0,not_identified
day,2026-08-11,all_observed,exact_model_variant,total_tokens,335,335,314,335,21,1.0668789808917198,16,20,0,not_identified
day,2026-08-11,all_observed,exact_model_variant,total_tokens,336,336,315,336,21,1.0666666666666667,16,20,0,not_identified
day,2026-08-11,all_observed,exact_model_variant,total_tokens,337,337,316,337,21,1.0664556962025316,16,21,0,not_identified
day,2026-08-11,all_observed,exact_model_variant,total_tokens,338,338,317,338,21,1.0662460567823344,16,21,0,not_identified
day,2026-08-11,all_observed,exact_model_variant,total_tokens,339,339,318,339,21,1.0660377358490567,16,21,0,not_identified
day,2026-08-11,all_observed,exact_model_variant,total_tokens,340,340,319,340,21,1.0658307210031348,16,21,0,not_identified
day,2026-08-11,all_observed,exact_model_variant,total_tokens,341,341,319,341,22,1.0689655172413792,16,21,0,not_identified
day,2026-08-11,all_observed,exact_model_variant,total_tokens,342,342,320,342,22,1.06875,16,21,0,not_identified
day,2026-08-11,all_observed,exact_model_variant,total_tokens,343,343,321,343,22,1.0685358255451713,16,21,0,not_identified
day,2026-08-11,all_observed,exact_model_variant,total_tokens,344,344,322,344,22,1.0683229813664596,16,21,0,not_identified
day,2026-08-11,all_observed,exact_model_variant,total_tokens,345,345,323,345,22,1.068111455108359,16,21,0,not_identified
day,2026-08-11,all_observed,exact_model_variant,total_tokens,346,346,324,346,22,1.0679012345679013,16,21,0,not_identified
day,2026-08-11,all_observed,exact_model_variant,total_tokens,347,347,325,347,22,1.0676923076923077,16,21,0,not_identified
day,2026-08-11,all_observed,exact_model_variant,total_tokens,348,348,326,348,22,1.0674846625766872,16,21,0,not_identified
day,2026-08-11,all_observed,exact_model_variant,total_tokens,349,349,327,349,22,1.0672782874617737,16,21,0,not_identified
day,2026-08-11,all_observed,exact_model_variant,total_tokens,350,350,328,350,22,1.0670731707317074,16,21,0,not_identified
day,2026-08-11,all_observed,exact_model_variant,total_tokens,351,351,329,351,22,1.0668693009118542,16,21,0,not_identified
day,2026-08-11,all_observed,exact_model_variant,total_tokens,352,352,329,352,23,1.0699088145896656,16,21,0,not_identified
day,2026-08-11,all_observed,exact_model_variant,total_tokens,353,353,329,353,24,1.0729483282674772,16,21,0,not_identified
day,2026-08-11,all_observed,exact_model_variant,total_tokens,354,354,330,354,24,1.0727272727272728,16,21,0,not_identified
day,2026-08-11,all_observed,exact_model_variant,total_tokens,355,355,331,355,24,1.0725075528700907,16,21,0,not_identified
day,2026-08-11,all_observed,exact_model_variant,total_tokens,356,356,331,356,25,1.0755287009063443,16,21,0,not_identified
day,2026-08-11,all_observed,exact_model_variant,total_tokens,357,357,332,357,25,1.0753012048192772,16,21,0,not_identified
day,2026-08-11,all_observed,exact_model_variant,total_tokens,358,358,333,358,25,1.075075075075075,16,21,0,not_identified
day,2026-08-11,all_observed,exact_model_variant,total_tokens,359,359,334,359,25,1.0748502994011977,16,21,0,not_identified
day,2026-08-11,all_observed,exact_model_variant,total_tokens,360,360,335,360,25,1.0746268656716418,16,21,0,not_identified
day,2026-08-11,all_observed,exact_model_variant,total_tokens,361,361,335,361,26,1.0776119402985074,16,21,0,not_identified
day,2026-08-11,all_observed,exact_model_variant,total_tokens,362,362,336,362,26,1.0773809523809523,16,21,0,not_identified
day,2026-08-11,all_observed,exact_model_variant,total_tokens,363,363,337,363,26,1.0771513353115727,16,21,0,not_identified
day,2026-08-11,all_observed,exact_model_variant,total_tokens,364,364,338,364,26,1.0769230769230769,16,21,0,not_identified
day,2026-08-11,all_observed,exact_model_variant,total_tokens,365,365,339,365,26,1.0766961651917404,16,21,0,not_identified
day,2026-08-11,all_observed,exact_model_variant,total_tokens,366,366,340,366,26,1.076470588235294,16,21,0,not_identified
day,2026-08-11,all_observed,exact_model_variant,total_tokens,367,367,341,367,26,1.0762463343108504,16,21,0,not_identified
day,2026-08-11,all_observed,exact_model_variant,total_tokens,368,368,342,368,26,1.0760233918128654,16,21,0,not_identified
day,2026-08-11,all_observed,exact_model_variant,total_tokens,369,369,343,369,26,1.075801749271137,16,21,0,not_identified
day,2026-08-11,all_observed,exact_model_variant,total_tokens,370,370,344,370,26,1.0755813953488371,16,21,0,not_identified
day,2026-08-11,all_observed,exact_model_variant,total_tokens,371,371,344,371,27,1.0784883720930232,16,21,0,not_identified
day,2026-08-11,all_observed,exact_model_variant,total_tokens,372,372,345,372,27,1.0782608695652174,16,21,0,not_identified
day,2026-08-11,all_observed,exact_model_variant,total_tokens,373,373,346,373,27,1.0780346820809248,16,21,0,not_identified
day,2026-08-11,all_observed,exact_model_variant,total_tokens,374,374,347,374,27,1.0778097982708934,16,21,0,not_identified
day,2026-08-11,all_observed,exact_model_variant,total_tokens,375,375,348,375,27,1.0775862068965518,16,21,0,not_identified
day,2026-08-11,all_observed,exact_model_variant,total_tokens,376,376,349,376,27,1.0773638968481376,16,21,0,not_identified
day,2026-08-11,all_observed,exact_model_variant,total_tokens,377,377,350,377,27,1.0771428571428572,16,21,0,not_identified
day,2026-08-11,all_observed,exact_model_variant,total_tokens,378,378,350,378,28,1.08,16,21,0,not_identified
day,2026-08-11,all_observed,exact_model_variant,total_tokens,379,379,351,379,28,1.0797720797720798,16,21,0,not_identified
day,2026-08-11,all_observed,exact_model_variant,total_tokens,380,380,352,380,28,1.0795454545454546,16,21,0,not_identified
day,2026-08-11,all_observed,exact_model_variant,total_tokens,381,381,353,381,28,1.0793201133144477,16,21,0,not_identified
day,2026-08-11,all_observed,exact_model_variant,total_tokens,382,382,353,382,29,1.0821529745042493,16,21,0,not_identified
day,2026-08-11,all_observed,exact_model_variant,total_tokens,383,383,353,383,30,1.084985835694051,16,21,0,not_identified
day,2026-08-11,all_observed,exact_model_variant,total_tokens,384,384,354,384,30,1.0847457627118644,16,21,0,not_identified
day,2026-08-11,all_observed,exact_model_variant,total_tokens,385,385,354,385,31,1.0875706214689265,16,21,0,not_identified
day,2026-08-11,all_observed,exact_model_variant,total_tokens,386,386,354,386,32,1.0903954802259888,16,21,0,not_identified
day,2026-08-11,all_observed,exact_model_variant,total_tokens,387,387,355,387,32,1.0901408450704226,16,21,0,not_identified
day,2026-08-11,all_observed,exact_model_variant,total_tokens,388,388,356,388,32,1.0898876404494382,16,21,0,not_identified
day,2026-08-11,all_observed,exact_model_variant,total_tokens,389,389,356,389,33,1.0926966292134832,16,21,0,not_identified
day,2026-08-11,all_observed,exact_model_variant,total_tokens,390,390,357,390,33,1.0924369747899159,16,21,0,not_identified
day,2026-08-11,all_observed,exact_model_variant,total_tokens,391,391,357,391,34,1.0952380952380953,16,21,0,not_identified
day,2026-08-11,all_observed,exact_model_variant,total_tokens,392,392,358,392,34,1.094972067039106,16,21,0,not_identified
day,2026-08-11,all_observed,exact_model_variant,total_tokens,393,393,359,393,34,1.0947075208913648,16,21,0,not_identified
day,2026-08-11,all_observed,exact_model_variant,total_tokens,394,394,359,394,35,1.0974930362116992,16,21,0,not_identified
day,2026-08-11,all_observed,exact_model_variant,total_tokens,395,395,359,395,36,1.1002785515320335,16,21,0,not_identified
day,2026-08-11,all_observed,exact_model_variant,total_tokens,396,396,360,396,36,1.1,16,22,0,not_identified
day,2026-08-11,all_observed,exact_model_variant,total_tokens,397,397,361,397,36,1.0997229916897506,16,22,0,not_identified
day,2026-08-11,all_observed,exact_model_variant,total_tokens,398,398,362,398,36,1.0994475138121547,16,22,0,not_identified
day,2026-08-11,all_observed,exact_model_variant,total_tokens,399,399,363,399,36,1.0991735537190082,16,22,0,not_identified
day,2026-08-11,all_observed,exact_model_variant,total_tokens,400,400,363,400,37,1.1019283746556474,16,22,0,not_identified
day,2026-08-11,all_observed,exact_model_variant,total_tokens,401,401,364,401,37,1.1016483516483517,16,22,0,not_identified
day,2026-08-11,all_observed,exact_model_variant,total_tokens,402,402,365,402,37,1.1013698630136985,16,22,0,not_identified
day,2026-08-11,all_observed,exact_model_variant,total_tokens,403,403,366,403,37,1.1010928961748634,16,22,0,not_identified
day,2026-08-11,all_observed,exact_model_variant,total_tokens,404,404,366,404,38,1.1038251366120218,16,22,0,not_identified
day,2026-08-11,all_observed,exact_model_variant,total_tokens,405,405,367,405,38,1.103542234332425,16,22,0,not_identified
day,2026-08-11,all_observed,exact_model_variant,total_tokens,406,406,368,406,38,1.1032608695652173,16,22,0,not_identified
day,2026-08-11,all_observed,exact_model_variant,total_tokens,407,407,369,407,38,1.102981029810298,16,22,0,not_identified
day,2026-08-11,all_observed,exact_model_variant,total_tokens,408,408,370,408,38,1.1027027027027028,16,22,0,not_identified
day,2026-08-11,all_observed,exact_model_variant,total_tokens,409,409,370,409,39,1.1054054054054054,16,22,0,not_identified
day,2026-08-11,all_observed,exact_model_variant,total_tokens,410,410,371,410,39,1.105121293800539,16,22,0,not_identified
day,2026-08-11,all_observed,exact_model_variant,total_tokens,411,411,372,411,39,1.1048387096774193,16,22,0,not_identified
day,2026-08-11,all_observed,exact_model_variant,total_tokens,412,412,373,412,39,1.1045576407506703,16,22,0,not_identified
day,2026-08-11,all_observed,exact_model_variant,total_tokens,413,413,374,413,39,1.1042780748663101,16,22,0,not_identified
day,2026-08-11,all_observed,exact_model_variant,total_tokens,414,414,375,414,39,1.104,16,22,0,not_identified
day,2026-08-11,all_observed,exact_model_variant,total_tokens,415,415,376,415,39,1.1037234042553192,16,22,0,not_identified
day,2026-08-11,all_observed,exact_model_variant,total_tokens,416,416,377,416,39,1.103448275862069,16,22,0,not_identified
day,2026-08-11,all_observed,exact_model_variant,total_tokens,417,417,378,417,39,1.1031746031746033,16,22,0,not_identified
day,2026-08-11,all_observed,exact_model_variant,total_tokens,418,418,379,418,39,1.1029023746701847,16,22,0,not_identified
day,2026-08-11,all_observed,exact_model_variant,total_tokens,419,419,379,419,40,1.1055408970976253,16,22,0,not_identified
day,2026-08-11,all_observed,exact_model_variant,total_tokens,420,420,380,420,40,1.105263157894737,16,22,0,not_identified
day,2026-08-11,all_observed,exact_model_variant,total_tokens,421,421,380,421,41,1.1078947368421053,16,22,0,not_identified
day,2026-08-11,all_observed,exact_model_variant,total_tokens,422,422,380,422,42,1.1105263157894736,16,22,0,not_identified
day,2026-08-11,all_observed,exact_model_variant,total_tokens,423,423,380,423,43,1.1131578947368421,16,22,0,not_identified
day,2026-08-11,all_observed,exact_model_variant,total_tokens,424,424,381,424,43,1.1128608923884515,16,22,0,not_identified
day,2026-08-11,all_observed,exact_model_variant,total_tokens,425,425,381,425,44,1.1154855643044619,16,22,0,not_identified
day,2026-08-11,all_observed,exact_model_variant,total_tokens,426,426,382,426,44,1.1151832460732984,16,22,0,not_identified
day,2026-08-11,all_observed,exact_model_variant,total_tokens,427,427,383,427,44,1.114882506527415,16,22,0,not_identified
day,2026-08-11,all_observed,exact_model_variant,total_tokens,428,428,384,428,44,1.1145833333333333,16,22,0,not_identified
day,2026-08-11,all_observed,exact_model_variant,total_tokens,429,429,385,429,44,1.1142857142857143,16,22,0,not_identified
day,2026-08-11,all_observed,exact_model_variant,total_tokens,430,430,386,430,44,1.1139896373056994,16,22,0,not_identified
day,2026-08-11,all_observed,exact_model_variant,total_tokens,431,431,387,431,44,1.1136950904392764,16,22,0,not_identified
day,2026-08-11,all_observed,exact_model_variant,total_tokens,432,432,388,432,44,1.1134020618556701,16,22,0,not_identified
day,2026-08-11,all_observed,exact_model_variant,total_tokens,433,433,389,433,44,1.1131105398457584,16,22,0,not_identified
day,2026-08-11,all_observed,exact_model_variant,total_tokens,434,434,390,434,44,1.1128205128205129,16,22,0,not_identified
day,2026-08-11,all_observed,exact_model_variant,total_tokens,435,435,390,435,45,1.1153846153846154,16,22,0,not_identified
day,2026-08-11,all_observed,exact_model_variant,total_tokens,436,436,391,436,45,1.1150895140664963,16,22,0,not_identified
day,2026-08-11,all_observed,exact_model_variant,total_tokens,437,437,392,437,45,1.114795918367347,16,22,0,not_identified
day,2026-08-11,all_observed,exact_model_variant,total_tokens,438,438,392,438,46,1.1173469387755102,16,22,0,not_identified
day,2026-08-11,all_observed,exact_model_variant,total_tokens,439,439,393,439,46,1.1170483460559797,16,22,0,not_identified
day,2026-08-11,all_observed,exact_model_variant,total_tokens,440,440,394,440,46,1.116751269035533,16,22,0,not_identified
day,2026-08-11,all_observed,exact_model_variant,total_tokens,441,441,395,441,46,1.1164556962025316,16,22,0,not_identified
day,2026-08-11,all_observed,exact_model_variant,total_tokens,442,442,395,442,47,1.1189873417721519,16,22,0,not_identified
day,2026-08-11,all_observed,exact_model_variant,total_tokens,443,443,396,443,47,1.1186868686868687,16,22,0,not_identified
day,2026-08-11,all_observed,exact_model_variant,total_tokens,444,444,397,444,47,1.1183879093198992,16,22,0,not_identified
day,2026-08-11,all_observed,exact_model_variant,total_tokens,445,445,397,445,48,1.1209068010075567,16,22,0,not_identified
day,2026-08-11,all_observed,exact_model_variant,total_tokens,446,446,397,446,49,1.1234256926952142,16,22,0,not_identified
day,2026-08-11,all_observed,exact_model_variant,total_tokens,447,447,398,447,49,1.1231155778894473,16,22,0,not_identified
day,2026-08-11,all_observed,exact_model_variant,total_tokens,448,448,399,448,49,1.1228070175438596,16,22,0,not_identified
day,2026-08-11,all_observed,exact_model_variant,total_tokens,449,449,400,449,49,1.1225,16,22,0,not_identified
day,2026-08-11,all_observed,exact_model_variant,total_tokens,450,450,400,450,50,1.125,16,22,0,not_identified
day,2026-08-11,all_observed,exact_model_variant,total_tokens,451,451,401,451,50,1.1246882793017456,16,22,0,not_identified
day,2026-08-11,all_observed,exact_model_variant,total_tokens,452,452,402,452,50,1.1243781094527363,16,22,0,not_identified
day,2026-08-11,all_observed,exact_model_variant,total_tokens,453,453,403,453,50,1.1240694789081886,16,23,0,not_identified
day,2026-08-11,all_observed,exact_model_variant,total_tokens,454,454,404,454,50,1.1237623762376239,16,23,0,not_identified
day,2026-08-11,all_observed,exact_model_variant,total_tokens,455,455,405,455,50,1.123456790123457,16,23,0,not_identified
day,2026-08-11,all_observed,exact_model_variant,total_tokens,456,456,406,456,50,1.1231527093596059,16,23,0,not_identified
day,2026-08-11,all_observed,exact_model_variant,total_tokens,457,457,407,457,50,1.1228501228501229,16,24,0,not_identified
day,2026-08-11,all_observed,exact_model_variant,total_tokens,458,458,408,458,50,1.1225490196078431,16,24,0,not_identified
day,2026-08-11,all_observed,exact_model_variant,total_tokens,459,459,409,459,50,1.1222493887530562,16,25,0,not_identified
day,2026-08-11,all_observed,exact_model_variant,total_tokens,460,460,410,460,50,1.1219512195121952,16,25,0,not_identified
day,2026-08-11,all_observed,exact_model_variant,total_tokens,461,461,411,461,50,1.121654501216545,16,25,0,not_identified
day,2026-08-11,all_observed,exact_model_variant,total_tokens,462,462,412,462,50,1.1213592233009708,16,25,0,not_identified
day,2026-08-11,all_observed,exact_model_variant,total_tokens,463,463,413,463,50,1.1210653753026634,16,25,0,not_identified
day,2026-08-11,all_observed,exact_model_variant,total_tokens,464,464,414,464,50,1.1207729468599035,16,25,0,not_identified
day,2026-08-11,all_observed,exact_model_variant,total_tokens,465,465,415,465,50,1.1204819277108433,16,25,0,not_identified
day,2026-08-11,all_observed,exact_model_variant,total_tokens,466,466,416,466,50,1.1201923076923077,16,25,0,not_identified
day,2026-08-11,all_observed,exact_model_variant,total_tokens,467,467,417,467,50,1.119904076738609,16,25,0,not_identified
day,2026-08-11,all_observed,exact_model_variant,total_tokens,468,468,418,468,50,1.1196172248803828,16,25,0,not_identified
day,2026-08-11,all_observed,exact_model_variant,total_tokens,469,469,419,469,50,1.1193317422434368,16,25,0,not_identified
day,2026-08-11,all_observed,exact_model_variant,total_tokens,470,470,420,470,50,1.119047619047619,16,25,0,not_identified
day,2026-08-11,all_observed,exact_model_variant,total_tokens,471,471,421,471,50,1.1187648456057007,16,25,0,not_identified
day,2026-08-11,all_observed,exact_model_variant,total_tokens,472,472,422,472,50,1.1184834123222749,16,25,0,not_identified
day,2026-08-11,all_observed,exact_model_variant,total_tokens,473,473,423,473,50,1.1182033096926713,16,25,0,not_identified
day,2026-08-11,all_observed,exact_model_variant,total_tokens,474,474,423,474,51,1.1205673758865249,16,25,0,not_identified
day,2026-08-11,all_observed,exact_model_variant,total_tokens,475,475,424,475,51,1.1202830188679245,16,25,0,not_identified
day,2026-08-11,all_observed,exact_model_variant,total_tokens,476,476,425,476,51,1.12,16,25,0,not_identified
day,2026-08-11,all_observed,exact_model_variant,total_tokens,477,477,426,477,51,1.119718309859155,16,25,0,not_identified
day,2026-08-11,all_observed,exact_model_variant,total_tokens,478,478,427,478,51,1.1194379391100702,16,25,0,not_identified
day,2026-08-11,all_observed,exact_model_variant,total_tokens,479,479,428,479,51,1.1191588785046729,16,25,0,not_identified
day,2026-08-11,all_observed,exact_model_variant,total_tokens,480,480,429,480,51,1.118881118881119,16,25,0,not_identified
day,2026-08-11,all_observed,exact_model_variant,total_tokens,481,481,430,481,51,1.1186046511627907,16,25,0,not_identified
day,2026-08-11,all_observed,exact_model_variant,total_tokens,482,482,431,482,51,1.1183294663573087,16,25,0,not_identified
day,2026-08-11,all_observed,exact_model_variant,total_tokens,483,483,432,483,51,1.1180555555555556,16,25,0,not_identified
day,2026-08-11,all_observed,exact_model_variant,total_tokens,484,484,433,484,51,1.117782909930716,17,25,0,not_identified
day,2026-08-11,all_observed,exact_model_variant,total_tokens,485,485,434,485,51,1.1175115207373272,17,25,0,not_identified
day,2026-08-11,all_observed,exact_model_variant,total_tokens,486,486,435,486,51,1.1172413793103448,17,25,0,not_identified
day,2026-08-11,all_observed,exact_model_variant,total_tokens,487,487,436,487,51,1.1169724770642202,17,25,0,not_identified
day,2026-08-11,all_observed,exact_model_variant,total_tokens,488,488,437,488,51,1.1167048054919908,17,25,0,not_identified
day,2026-08-11,all_observed,exact_model_variant,total_tokens,489,489,438,489,51,1.1164383561643836,17,25,0,not_identified
day,2026-08-11,all_observed,exact_model_variant,total_tokens,490,490,439,490,51,1.1161731207289294,17,25,0,not_identified
day,2026-08-11,all_observed,exact_model_variant,requests,1,1,1,1,0,1.0,1,1,0,not_identified
day,2026-08-11,all_observed,exact_model_variant,requests,2,2,2,2,0,1.0,1,1,0,not_identified
day,2026-08-11,all_observed,exact_model_variant,requests,3,3,3,3,0,1.0,2,2,0,not_identified
day,2026-08-11,all_observed,exact_model_variant,requests,4,4,4,4,0,1.0,3,3,0,not_identified
day,2026-08-11,all_observed,exact_model_variant,requests,5,5,5,5,0,1.0,4,4,0,not_identified
day,2026-08-11,all_observed,exact_model_variant,requests,6,6,6,6,0,1.0,4,4,0,not_identified
day,2026-08-11,all_observed,exact_model_variant,requests,7,7,7,7,0,1.0,5,4,0,not_identified
day,2026-08-11,all_observed,exact_model_variant,requests,8,8,8,8,0,1.0,5,4,0,not_identified
day,2026-08-11,all_observed,exact_model_variant,requests,9,9,9,9,0,1.0,5,4,0,not_identified
day,2026-08-11,all_observed,exact_model_variant,requests,10,10,10,10,0,1.0,5,4,0,not_identified
day,2026-08-11,all_observed,exact_model_variant,requests,11,11,11,11,0,1.0,5,4,0,not_identified
day,2026-08-11,all_observed,exact_model_variant,requests,12,12,12,12,0,1.0,5,4,0,not_identified
day,2026-08-11,all_observed,exact_model_variant,requests,13,13,13,13,0,1.0,5,5,0,not_identified
day,2026-08-11,all_observed,exact_model_variant,requests,14,14,14,14,0,1.0,5,5,0,not_identified
day,2026-08-11,all_observed,exact_model_variant,requests,15,15,15,15,0,1.0,5,5,0,not_identified
day,2026-08-11,all_observed,exact_model_variant,requests,16,16,16,16,0,1.0,5,5,0,not_identified
day,2026-08-11,all_observed,exact_model_variant,requests,17,17,17,17,0,1.0,5,5,0,not_identified
day,2026-08-11,all_observed,exact_model_variant,requests,18,18,18,18,0,1.0,6,5,0,not_identified
day,2026-08-11,all_observed,exact_model_variant,requests,19,19,19,19,0,1.0,6,6,0,not_identified
day,2026-08-11,all_observed,exact_model_variant,requests,20,20,20,20,0,1.0,7,6,0,not_identified
day,2026-08-11,all_observed,exact_model_variant,requests,21,21,21,21,0,1.0,7,6,0,not_identified
day,2026-08-11,all_observed,exact_model_variant,requests,22,22,22,22,0,1.0,8,6,0,not_identified
day,2026-08-11,all_observed,exact_model_variant,requests,23,23,23,23,0,1.0,8,6,0,not_identified
day,2026-08-11,all_observed,exact_model_variant,requests,24,24,24,24,0,1.0,8,6,0,not_identified
day,2026-08-11,all_observed,exact_model_variant,requests,25,25,25,25,0,1.0,8,6,0,not_identified
day,2026-08-11,all_observed,exact_model_variant,requests,26,26,26,26,0,1.0,8,6,0,not_identified
day,2026-08-11,all_observed,exact_model_variant,requests,27,27,27,27,0,1.0,8,6,0,not_identified
day,2026-08-11,all_observed,exact_model_variant,requests,28,28,28,28,0,1.0,8,6,0,not_identified
day,2026-08-11,all_observed,exact_model_variant,requests,29,29,29,29,0,1.0,8,7,0,not_identified
day,2026-08-11,all_observed,exact_model_variant,requests,30,30,30,30,0,1.0,9,7,0,not_identified
day,2026-08-11,all_observed,exact_model_variant,requests,31,31,31,31,0,1.0,9,7,0,not_identified
day,2026-08-11,all_observed,exact_model_variant,requests,32,32,32,32,0,1.0,9,7,0,not_identified
day,2026-08-11,all_observed,exact_model_variant,requests,33,33,33,33,0,1.0,9,7,0,not_identified
day,2026-08-11,all_observed,exact_model_variant,requests,34,34,34,34,0,1.0,9,7,0,not_identified
day,2026-08-11,all_observed,exact_model_variant,requests,35,35,35,35,0,1.0,9,7,0,not_identified
day,2026-08-11,all_observed,exact_model_variant,requests,36,36,36,36,0,1.0,9,7,0,not_identified
day,2026-08-11,all_observed,exact_model_variant,requests,37,37,37,37,0,1.0,9,7,0,not_identified
day,2026-08-11,all_observed,exact_model_variant,requests,38,38,38,38,0,1.0,9,7,0,not_identified
day,2026-08-11,all_observed,exact_model_variant,requests,39,39,39,39,0,1.0,9,7,0,not_identified
day,2026-08-11,all_observed,exact_model_variant,requests,40,40,40,40,0,1.0,10,7,0,not_identified
day,2026-08-11,all_observed,exact_model_variant,requests,41,41,41,41,0,1.0,10,7,0,not_identified
day,2026-08-11,all_observed,exact_model_variant,requests,42,42,42,42,0,1.0,10,7,0,not_identified
day,2026-08-11,all_observed,exact_model_variant,requests,43,43,43,43,0,1.0,10,7,0,not_identified
day,2026-08-11,all_observed,exact_model_variant,requests,44,44,44,44,0,1.0,10,7,0,not_identified
day,2026-08-11,all_observed,exact_model_variant,requests,45,45,45,45,0,1.0,11,7,0,not_identified
day,2026-08-11,all_observed,exact_model_variant,requests,46,46,46,46,0,1.0,11,7,0,not_identified
day,2026-08-11,all_observed,exact_model_variant,requests,47,47,47,47,0,1.0,11,7,0,not_identified
day,2026-08-11,all_observed,exact_model_variant,requests,48,48,48,48,0,1.0,11,7,0,not_identified
day,2026-08-11,all_observed,exact_model_variant,requests,49,49,49,49,0,1.0,11,7,0,not_identified
day,2026-08-11,all_observed,exact_model_variant,requests,50,50,50,50,0,1.0,11,7,0,not_identified
day,2026-08-11,all_observed,exact_model_variant,requests,51,51,51,51,0,1.0,11,7,0,not_identified
day,2026-08-11,all_observed,exact_model_variant,requests,52,52,52,52,0,1.0,11,8,0,not_identified
day,2026-08-11,all_observed,exact_model_variant,requests,53,53,53,53,0,1.0,11,8,0,not_identified
day,2026-08-11,all_observed,exact_model_variant,requests,54,54,54,54,0,1.0,11,8,0,not_identified
day,2026-08-11,all_observed,exact_model_variant,requests,55,55,55,55,0,1.0,11,8,0,not_identified
day,2026-08-11,all_observed,exact_model_variant,requests,56,56,56,56,0,1.0,11,8,0,not_identified
day,2026-08-11,all_observed,exact_model_variant,requests,57,57,57,57,0,1.0,11,8,0,not_identified
day,2026-08-11,all_observed,exact_model_variant,requests,58,58,58,58,0,1.0,11,8,0,not_identified
day,2026-08-11,all_observed,exact_model_variant,requests,59,59,59,59,0,1.0,11,8,0,not_identified
day,2026-08-11,all_observed,exact_model_variant,requests,60,60,60,60,0,1.0,11,8,0,not_identified
day,2026-08-11,all_observed,exact_model_variant,requests,61,61,61,61,0,1.0,11,8,0,not_identified
day,2026-08-11,all_observed,exact_model_variant,requests,62,62,62,62,0,1.0,11,8,0,not_identified
day,2026-08-11,all_observed,exact_model_variant,requests,63,63,63,63,0,1.0,12,8,0,not_identified
day,2026-08-11,all_observed,exact_model_variant,requests,64,64,64,64,0,1.0,12,8,0,not_identified
day,2026-08-11,all_observed,exact_model_variant,requests,65,65,65,65,0,1.0,13,8,0,not_identified
day,2026-08-11,all_observed,exact_model_variant,requests,66,66,66,66,0,1.0,13,8,0,not_identified
day,2026-08-11,all_observed,exact_model_variant,requests,67,67,67,67,0,1.0,13,8,0,not_identified
day,2026-08-11,all_observed,exact_model_variant,requests,68,68,68,68,0,1.0,13,8,0,not_identified
day,2026-08-11,all_observed,exact_model_variant,requests,69,69,69,69,0,1.0,13,8,0,not_identified
day,2026-08-11,all_observed,exact_model_variant,requests,70,70,70,70,0,1.0,13,8,0,not_identified
day,2026-08-11,all_observed,exact_model_variant,requests,71,71,71,71,0,1.0,13,8,0,not_identified
day,2026-08-11,all_observed,exact_model_variant,requests,72,72,72,72,0,1.0,13,8,0,not_identified
day,2026-08-11,all_observed,exact_model_variant,requests,73,73,73,73,0,1.0,13,8,0,not_identified
day,2026-08-11,all_observed,exact_model_variant,requests,74,74,74,74,0,1.0,13,8,0,not_identified
day,2026-08-11,all_observed,exact_model_variant,requests,75,75,75,75,0,1.0,13,8,0,not_identified
day,2026-08-11,all_observed,exact_model_variant,requests,76,76,76,76,0,1.0,13,8,0,not_identified
day,2026-08-11,all_observed,exact_model_variant,requests,77,77,77,77,0,1.0,13,8,0,not_identified
day,2026-08-11,all_observed,exact_model_variant,requests,78,78,78,78,0,1.0,13,8,0,not_identified
day,2026-08-11,all_observed,exact_model_variant,requests,79,79,79,79,0,1.0,13,8,0,not_identified
day,2026-08-11,all_observed,exact_model_variant,requests,80,80,80,80,0,1.0,13,8,0,not_identified
day,2026-08-11,all_observed,exact_model_variant,requests,81,81,81,81,0,1.0,13,8,0,not_identified
day,2026-08-11,all_observed,exact_model_variant,requests,82,82,82,82,0,1.0,13,8,0,not_identified
day,2026-08-11,all_observed,exact_model_variant,requests,83,83,83,83,0,1.0,13,8,0,not_identified
day,2026-08-11,all_observed,exact_model_variant,requests,84,84,84,84,0,1.0,13,8,0,not_identified
day,2026-08-11,all_observed,exact_model_variant,requests,85,85,85,85,0,1.0,13,8,0,not_identified
day,2026-08-11,all_observed,exact_model_variant,requests,86,86,86,86,0,1.0,13,8,0,not_identified
day,2026-08-11,all_observed,exact_model_variant,requests,87,87,87,87,0,1.0,13,9,0,not_identified
day,2026-08-11,all_observed,exact_model_variant,requests,88,88,87,88,1,1.0114942528735633,13,9,0,not_identified
day,2026-08-11,all_observed,exact_model_variant,requests,89,89,88,89,1,1.0113636363636365,13,9,0,not_identified
day,2026-08-11,all_observed,exact_model_variant,requests,90,90,89,90,1,1.0112359550561798,13,9,0,not_identified
day,2026-08-11,all_observed,exact_model_variant,requests,91,91,90,91,1,1.011111111111111,13,9,0,not_identified
day,2026-08-11,all_observed,exact_model_variant,requests,92,92,91,92,1,1.010989010989011,13,9,0,not_identified
day,2026-08-11,all_observed,exact_model_variant,requests,93,93,92,93,1,1.0108695652173914,13,9,0,not_identified
day,2026-08-11,all_observed,exact_model_variant,requests,94,94,93,94,1,1.010752688172043,13,9,0,not_identified
day,2026-08-11,all_observed,exact_model_variant,requests,95,95,94,95,1,1.0106382978723405,14,9,0,not_identified
day,2026-08-11,all_observed,exact_model_variant,requests,96,96,95,96,1,1.0105263157894737,14,9,0,not_identified
day,2026-08-11,all_observed,exact_model_variant,requests,97,97,96,97,1,1.0104166666666667,14,9,0,not_identified
day,2026-08-11,all_observed,exact_model_variant,requests,98,98,97,98,1,1.0103092783505154,14,9,0,not_identified
day,2026-08-11,all_observed,exact_model_variant,requests,99,99,98,99,1,1.010204081632653,14,9,0,not_identified
day,2026-08-11,all_observed,exact_model_variant,requests,100,100,99,100,1,1.0101010101010102,14,9,0,not_identified
day,2026-08-11,all_observed,exact_model_variant,requests,101,101,100,101,1,1.01,14,9,0,not_identified
day,2026-08-11,all_observed,exact_model_variant,requests,102,102,101,102,1,1.00990099009901,14,9,0,not_identified
day,2026-08-11,all_observed,exact_model_variant,requests,103,103,102,103,1,1.0098039215686274,14,9,0,not_identified
day,2026-08-11,all_observed,exact_model_variant,requests,104,104,103,104,1,1.0097087378640777,14,9,0,not_identified
day,2026-08-11,all_observed,exact_model_variant,requests,105,105,104,105,1,1.0096153846153846,14,9,0,not_identified
day,2026-08-11,all_observed,exact_model_variant,requests,106,106,105,106,1,1.0095238095238095,14,9,0,not_identified
day,2026-08-11,all_observed,exact_model_variant,requests,107,107,106,107,1,1.009433962264151,14,9,0,not_identified
day,2026-08-11,all_observed,exact_model_variant,requests,108,108,107,108,1,1.0093457943925233,14,10,0,not_identified
day,2026-08-11,all_observed,exact_model_variant,requests,109,109,108,109,1,1.0092592592592593,14,10,0,not_identified
day,2026-08-11,all_observed,exact_model_variant,requests,110,110,108,110,2,1.0185185185185186,14,10,0,not_identified
day,2026-08-11,all_observed,exact_model_variant,requests,111,111,109,111,2,1.018348623853211,14,10,0,not_identified
day,2026-08-11,all_observed,exact_model_variant,requests,112,112,110,112,2,1.018181818181818,14,10,0,not_identified
day,2026-08-11,all_observed,exact_model_variant,requests,113,113,111,113,2,1.018018018018018,14,10,0,not_identified
day,2026-08-11,all_observed,exact_model_variant,requests,114,114,112,114,2,1.0178571428571428,14,10,0,not_identified
day,2026-08-11,all_observed,exact_model_variant,requests,115,115,113,115,2,1.0176991150442478,14,10,0,not_identified
day,2026-08-11,all_observed,exact_model_variant,requests,116,116,114,116,2,1.0175438596491229,14,10,0,not_identified
day,2026-08-11,all_observed,exact_model_variant,requests,117,117,115,117,2,1.017391304347826,14,10,0,not_identified
day,2026-08-11,all_observed,exact_model_variant,requests,118,118,116,118,2,1.0172413793103448,14,10,0,not_identified
day,2026-08-11,all_observed,exact_model_variant,requests,119,119,117,119,2,1.017094017094017,14,10,0,not_identified
day,2026-08-11,all_observed,exact_model_variant,requests,120,120,118,120,2,1.0169491525423728,14,10,0,not_identified
day,2026-08-11,all_observed,exact_model_variant,requests,121,121,119,121,2,1.0168067226890756,14,10,0,not_identified
day,2026-08-11,all_observed,exact_model_variant,requests,122,122,120,122,2,1.0166666666666666,14,10,0,not_identified
day,2026-08-11,all_observed,exact_model_variant,requests,123,123,121,123,2,1.0165289256198347,14,10,0,not_identified
day,2026-08-11,all_observed,exact_model_variant,requests,124,124,122,124,2,1.0163934426229508,14,10,0,not_identified
day,2026-08-11,all_observed,exact_model_variant,requests,125,125,123,125,2,1.016260162601626,14,10,0,not_identified
day,2026-08-11,all_observed,exact_model_variant,requests,126,126,124,126,2,1.0161290322580645,14,10,0,not_identified
day,2026-08-11,all_observed,exact_model_variant,requests,127,127,125,127,2,1.016,14,11,0,not_identified
day,2026-08-11,all_observed,exact_model_variant,requests,128,128,125,128,3,1.024,14,11,0,not_identified
day,2026-08-11,all_observed,exact_model_variant,requests,129,129,126,129,3,1.0238095238095237,14,11,0,not_identified
day,2026-08-11,all_observed,exact_model_variant,requests,130,130,127,130,3,1.0236220472440944,14,11,0,not_identified
day,2026-08-11,all_observed,exact_model_variant,requests,131,131,128,131,3,1.0234375,14,11,0,not_identified
day,2026-08-11,all_observed,exact_model_variant,requests,132,132,129,132,3,1.0232558139534884,14,11,0,not_identified
day,2026-08-11,all_observed,exact_model_variant,requests,133,133,130,133,3,1.023076923076923,14,11,0,not_identified
day,2026-08-11,all_observed,exact_model_variant,requests,134,134,131,134,3,1.0229007633587786,14,12,0,not_identified
day,2026-08-11,all_observed,exact_model_variant,requests,135,135,132,135,3,1.0227272727272727,14,12,0,not_identified
day,2026-08-11,all_observed,exact_model_variant,requests,136,136,133,136,3,1.0225563909774436,14,12,0,not_identified
day,2026-08-11,all_observed,exact_model_variant,requests,137,137,134,137,3,1.0223880597014925,14,12,0,not_identified
day,2026-08-11,all_observed,exact_model_variant,requests,138,138,135,138,3,1.0222222222222221,14,12,0,not_identified
day,2026-08-11,all_observed,exact_model_variant,requests,139,139,136,139,3,1.0220588235294117,14,12,0,not_identified
day,2026-08-11,all_observed,exact_model_variant,requests,140,140,137,140,3,1.0218978102189782,14,12,0,not_identified
day,2026-08-11,all_observed,exact_model_variant,requests,141,141,138,141,3,1.0217391304347827,14,12,0,not_identified
day,2026-08-11,all_observed,exact_model_variant,requests,142,142,139,142,3,1.0215827338129497,14,12,0,not_identified
day,2026-08-11,all_observed,exact_model_variant,requests,143,143,139,143,4,1.0287769784172662,14,12,0,not_identified
day,2026-08-11,all_observed,exact_model_variant,requests,144,144,140,144,4,1.0285714285714285,14,12,0,not_identified
day,2026-08-11,all_observed,exact_model_variant,requests,145,145,141,145,4,1.0283687943262412,14,12,0,not_identified
day,2026-08-11,all_observed,exact_model_variant,requests,146,146,142,146,4,1.028169014084507,14,12,0,not_identified
day,2026-08-11,all_observed,exact_model_variant,requests,147,147,143,147,4,1.027972027972028,14,13,0,not_identified
day,2026-08-11,all_observed,exact_model_variant,requests,148,148,144,148,4,1.0277777777777777,14,13,0,not_identified
day,2026-08-11,all_observed,exact_model_variant,requests,149,149,145,149,4,1.0275862068965518,14,13,0,not_identified
day,2026-08-11,all_observed,exact_model_variant,requests,150,150,146,150,4,1.0273972602739727,14,13,0,not_identified
day,2026-08-11,all_observed,exact_model_variant,requests,151,151,147,151,4,1.0272108843537415,14,13,0,not_identified
day,2026-08-11,all_observed,exact_model_variant,requests,152,152,148,152,4,1.027027027027027,14,13,0,not_identified
day,2026-08-11,all_observed,exact_model_variant,requests,153,153,149,153,4,1.0268456375838926,14,13,0,not_identified
day,2026-08-11,all_observed,exact_model_variant,requests,154,154,150,154,4,1.0266666666666666,14,13,0,not_identified
day,2026-08-11,all_observed,exact_model_variant,requests,155,155,151,155,4,1.0264900662251655,14,13,0,not_identified
day,2026-08-11,all_observed,exact_model_variant,requests,156,156,152,156,4,1.0263157894736843,14,13,0,not_identified
day,2026-08-11,all_observed,exact_model_variant,requests,157,157,153,157,4,1.026143790849673,14,13,0,not_identified
day,2026-08-11,all_observed,exact_model_variant,requests,158,158,154,158,4,1.025974025974026,14,13,0,not_identified
day,2026-08-11,all_observed,exact_model_variant,requests,159,159,155,159,4,1.0258064516129033,14,13,0,not_identified
day,2026-08-11,all_observed,exact_model_variant,requests,160,160,156,160,4,1.0256410256410255,14,13,0,not_identified
day,2026-08-11,all_observed,exact_model_variant,requests,161,161,157,161,4,1.0254777070063694,14,13,0,not_identified
day,2026-08-11,all_observed,exact_model_variant,requests,162,162,158,162,4,1.0253164556962024,14,13,0,not_identified
day,2026-08-11,all_observed,exact_model_variant,requests,163,163,159,163,4,1.0251572327044025,14,13,0,not_identified
day,2026-08-11,all_observed,exact_model_variant,requests,164,164,160,164,4,1.025,14,14,0,not_identified
day,2026-08-11,all_observed,exact_model_variant,requests,165,165,161,165,4,1.0248447204968945,14,14,0,not_identified
day,2026-08-11,all_observed,exact_model_variant,requests,166,166,162,166,4,1.0246913580246915,14,14,0,not_identified
day,2026-08-11,all_observed,exact_model_variant,requests,167,167,163,167,4,1.0245398773006136,14,14,0,not_identified
day,2026-08-11,all_observed,exact_model_variant,requests,168,168,164,168,4,1.024390243902439,14,14,0,not_identified
day,2026-08-11,all_observed,exact_model_variant,requests,169,169,165,169,4,1.0242424242424242,14,14,0,not_identified
day,2026-08-11,all_observed,exact_model_variant,requests,170,170,166,170,4,1.0240963855421688,14,14,0,not_identified
day,2026-08-11,all_observed,exact_model_variant,requests,171,171,167,171,4,1.0239520958083832,14,14,0,not_identified
day,2026-08-11,all_observed,exact_model_variant,requests,172,172,168,172,4,1.0238095238095237,14,14,0,not_identified
day,2026-08-11,all_observed,exact_model_variant,requests,173,173,169,173,4,1.0236686390532543,14,14,0,not_identified
day,2026-08-11,all_observed,exact_model_variant,requests,174,174,170,174,4,1.0235294117647058,14,14,0,not_identified
day,2026-08-11,all_observed,exact_model_variant,requests,175,175,171,175,4,1.023391812865497,14,14,0,not_identified
day,2026-08-11,all_observed,exact_model_variant,requests,176,176,172,176,4,1.0232558139534884,14,14,0,not_identified
day,2026-08-11,all_observed,exact_model_variant,requests,177,177,173,177,4,1.023121387283237,14,14,0,not_identified
day,2026-08-11,all_observed,exact_model_variant,requests,178,178,174,178,4,1.0229885057471264,14,14,0,not_identified
day,2026-08-11,all_observed,exact_model_variant,requests,179,179,174,179,5,1.028735632183908,14,14,0,not_identified
day,2026-08-11,all_observed,exact_model_variant,requests,180,180,175,180,5,1.0285714285714285,14,14,0,not_identified
day,2026-08-11,all_observed,exact_model_variant,requests,181,181,176,181,5,1.0284090909090908,14,14,0,not_identified
day,2026-08-11,all_observed,exact_model_variant,requests,182,182,177,182,5,1.0282485875706215,14,14,0,not_identified
day,2026-08-11,all_observed,exact_model_variant,requests,183,183,178,183,5,1.0280898876404494,14,14,0,not_identified
day,2026-08-11,all_observed,exact_model_variant,requests,184,184,179,184,5,1.0279329608938548,14,14,0,not_identified
day,2026-08-11,all_observed,exact_model_variant,requests,185,185,180,185,5,1.0277777777777777,14,14,0,not_identified
day,2026-08-11,all_observed,exact_model_variant,requests,186,186,180,186,6,1.0333333333333334,14,14,0,not_identified
day,2026-08-11,all_observed,exact_model_variant,requests,187,187,181,187,6,1.0331491712707181,14,14,0,not_identified
day,2026-08-11,all_observed,exact_model_variant,requests,188,188,182,188,6,1.032967032967033,14,14,0,not_identified
day,2026-08-11,all_observed,exact_model_variant,requests,189,189,183,189,6,1.0327868852459017,14,14,0,not_identified
day,2026-08-11,all_observed,exact_model_variant,requests,190,190,184,190,6,1.0326086956521738,14,14,0,not_identified
day,2026-08-11,all_observed,exact_model_variant,requests,191,191,185,191,6,1.0324324324324323,14,15,0,not_identified
day,2026-08-11,all_observed,exact_model_variant,requests,192,192,186,192,6,1.032258064516129,14,15,0,not_identified
day,2026-08-11,all_observed,exact_model_variant,requests,193,193,187,193,6,1.032085561497326,14,15,0,not_identified
day,2026-08-11,all_observed,exact_model_variant,requests,194,194,188,194,6,1.0319148936170213,14,15,0,not_identified
day,2026-08-11,all_observed,exact_model_variant,requests,195,195,189,195,6,1.0317460317460319,14,15,0,not_identified
day,2026-08-11,all_observed,exact_model_variant,requests,196,196,190,196,6,1.0315789473684212,14,15,0,not_identified
day,2026-08-11,all_observed,exact_model_variant,requests,197,197,191,197,6,1.031413612565445,14,15,0,not_identified
day,2026-08-11,all_observed,exact_model_variant,requests,198,198,192,198,6,1.03125,14,15,0,not_identified
day,2026-08-11,all_observed,exact_model_variant,requests,199,199,193,199,6,1.0310880829015545,14,15,0,not_identified
day,2026-08-11,all_observed,exact_model_variant,requests,200,200,194,200,6,1.0309278350515463,14,15,0,not_identified
day,2026-08-11,all_observed,exact_model_variant,requests,201,201,195,201,6,1.0307692307692307,14,15,0,not_identified
day,2026-08-11,all_observed,exact_model_variant,requests,202,202,196,202,6,1.030612244897959,14,15,0,not_identified
day,2026-08-11,all_observed,exact_model_variant,requests,203,203,196,203,7,1.0357142857142858,14,15,0,not_identified
day,2026-08-11,all_observed,exact_model_variant,requests,204,204,197,204,7,1.0355329949238579,14,15,0,not_identified
day,2026-08-11,all_observed,exact_model_variant,requests,205,205,198,205,7,1.0353535353535352,15,15,0,not_identified
day,2026-08-11,all_observed,exact_model_variant,requests,206,206,199,206,7,1.035175879396985,15,15,0,not_identified
day,2026-08-11,all_observed,exact_model_variant,requests,207,207,199,207,8,1.0402010050251256,15,15,0,not_identified
day,2026-08-11,all_observed,exact_model_variant,requests,208,208,200,208,8,1.04,15,15,0,not_identified
day,2026-08-11,all_observed,exact_model_variant,requests,209,209,201,209,8,1.0398009950248757,15,15,0,not_identified
day,2026-08-11,all_observed,exact_model_variant,requests,210,210,202,210,8,1.0396039603960396,15,15,0,not_identified
day,2026-08-11,all_observed,exact_model_variant,requests,211,211,203,211,8,1.0394088669950738,15,15,0,not_identified
day,2026-08-11,all_observed,exact_model_variant,requests,212,212,204,212,8,1.0392156862745099,15,15,0,not_identified
day,2026-08-11,all_observed,exact_model_variant,requests,213,213,205,213,8,1.0390243902439025,15,15,0,not_identified
day,2026-08-11,all_observed,exact_model_variant,requests,214,214,206,214,8,1.0388349514563107,15,16,0,not_identified
day,2026-08-11,all_observed,exact_model_variant,requests,215,215,207,215,8,1.038647342995169,15,16,0,not_identified
day,2026-08-11,all_observed,exact_model_variant,requests,216,216,208,216,8,1.0384615384615385,15,16,0,not_identified
day,2026-08-11,all_observed,exact_model_variant,requests,217,217,208,217,9,1.0432692307692308,15,16,0,not_identified
day,2026-08-11,all_observed,exact_model_variant,requests,218,218,209,218,9,1.0430622009569377,15,16,0,not_identified
day,2026-08-11,all_observed,exact_model_variant,requests,219,219,210,219,9,1.042857142857143,15,16,0,not_identified
day,2026-08-11,all_observed,exact_model_variant,requests,220,220,211,220,9,1.042654028436019,15,16,0,not_identified
day,2026-08-11,all_observed,exact_model_variant,requests,221,221,212,221,9,1.0424528301886793,15,16,0,not_identified
day,2026-08-11,all_observed,exact_model_variant,requests,222,222,213,222,9,1.0422535211267605,15,16,0,not_identified
day,2026-08-11,all_observed,exact_model_variant,requests,223,223,214,223,9,1.0420560747663552,15,16,0,not_identified
day,2026-08-11,all_observed,exact_model_variant,requests,224,224,215,224,9,1.041860465116279,15,16,0,not_identified
day,2026-08-11,all_observed,exact_model_variant,requests,225,225,216,225,9,1.0416666666666667,15,16,0,not_identified
day,2026-08-11,all_observed,exact_model_variant,requests,226,226,217,226,9,1.0414746543778801,15,16,0,not_identified
day,2026-08-11,all_observed,exact_model_variant,requests,227,227,218,227,9,1.0412844036697249,15,16,0,not_identified
day,2026-08-11,all_observed,exact_model_variant,requests,228,228,219,228,9,1.0410958904109588,15,16,0,not_identified
day,2026-08-11,all_observed,exact_model_variant,requests,229,229,220,229,9,1.040909090909091,15,16,0,not_identified
day,2026-08-11,all_observed,exact_model_variant,requests,230,230,221,230,9,1.0407239819004526,15,16,0,not_identified
day,2026-08-11,all_observed,exact_model_variant,requests,231,231,222,231,9,1.0405405405405406,15,16,0,not_identified
day,2026-08-11,all_observed,exact_model_variant,requests,232,232,223,232,9,1.0403587443946187,15,16,0,not_identified
day,2026-08-11,all_observed,exact_model_variant,requests,233,233,224,233,9,1.0401785714285714,15,16,0,not_identified
day,2026-08-11,all_observed,exact_model_variant,requests,234,234,225,234,9,1.04,15,16,0,not_identified
day,2026-08-11,all_observed,exact_model_variant,requests,235,235,226,235,9,1.0398230088495575,15,16,0,not_identified
day,2026-08-11,all_observed,exact_model_variant,requests,236,236,227,236,9,1.039647577092511,15,16,0,not_identified
day,2026-08-11,all_observed,exact_model_variant,requests,237,237,228,237,9,1.0394736842105263,15,16,0,not_identified
day,2026-08-11,all_observed,exact_model_variant,requests,238,238,229,238,9,1.039301310043668,15,16,0,not_identified
day,2026-08-11,all_observed,exact_model_variant,requests,239,239,230,239,9,1.0391304347826087,15,16,0,not_identified
day,2026-08-11,all_observed,exact_model_variant,requests,240,240,231,240,9,1.0389610389610389,15,16,0,not_identified
day,2026-08-11,all_observed,exact_model_variant,requests,241,241,232,241,9,1.0387931034482758,15,16,0,not_identified
day,2026-08-11,all_observed,exact_model_variant,requests,242,242,233,242,9,1.03862660944206,15,16,0,not_identified
day,2026-08-11,all_observed,exact_model_variant,requests,243,243,234,243,9,1.0384615384615385,15,17,0,not_identified
day,2026-08-11,all_observed,exact_model_variant,requests,244,244,235,244,9,1.0382978723404255,15,17,0,not_identified
day,2026-08-11,all_observed,exact_model_variant,requests,245,245,236,245,9,1.0381355932203389,15,17,0,not_identified
day,2026-08-11,all_observed,exact_model_variant,requests,246,246,237,246,9,1.0379746835443038,15,18,0,not_identified
day,2026-08-11,all_observed,exact_model_variant,requests,247,247,238,247,9,1.0378151260504203,15,18,0,not_identified
day,2026-08-11,all_observed,exact_model_variant,requests,248,248,239,248,9,1.0376569037656904,15,18,0,not_identified
day,2026-08-11,all_observed,exact_model_variant,requests,249,249,239,249,10,1.0418410041841004,15,18,0,not_identified
day,2026-08-11,all_observed,exact_model_variant,requests,250,250,240,250,10,1.0416666666666667,15,18,0,not_identified
day,2026-08-11,all_observed,exact_model_variant,requests,251,251,241,251,10,1.04149377593361,15,18,0,not_identified
day,2026-08-11,all_observed,exact_model_variant,requests,252,252,242,252,10,1.0413223140495869,15,18,0,not_identified
day,2026-08-11,all_observed,exact_model_variant,requests,253,253,243,253,10,1.0411522633744856,15,18,0,not_identified
day,2026-08-11,all_observed,exact_model_variant,requests,254,254,244,254,10,1.040983606557377,15,19,0,not_identified
day,2026-08-11,all_observed,exact_model_variant,requests,255,255,245,255,10,1.0408163265306123,15,19,0,not_identified
day,2026-08-11,all_observed,exact_model_variant,requests,256,256,246,256,10,1.0406504065040652,15,19,0,not_identified
day,2026-08-11,all_observed,exact_model_variant,requests,257,257,247,257,10,1.040485829959514,15,19,0,not_identified
day,2026-08-11,all_observed,exact_model_variant,requests,258,258,248,258,10,1.0403225806451613,15,19,0,not_identified
day,2026-08-11,all_observed,exact_model_variant,requests,259,259,249,259,10,1.0401606425702812,15,19,0,not_identified
day,2026-08-11,all_observed,exact_model_variant,requests,260,260,250,260,10,1.04,15,19,0,not_identified
day,2026-08-11,all_observed,exact_model_variant,requests,261,261,251,261,10,1.0398406374501992,15,19,0,not_identified
day,2026-08-11,all_observed,exact_model_variant,requests,262,262,252,262,10,1.0396825396825398,15,19,0,not_identified
day,2026-08-11,all_observed,exact_model_variant,requests,263,263,253,263,10,1.0395256916996047,15,20,0,not_identified
day,2026-08-11,all_observed,exact_model_variant,requests,264,264,254,264,10,1.0393700787401574,15,20,0,not_identified
day,2026-08-11,all_observed,exact_model_variant,requests,265,265,255,265,10,1.0392156862745099,15,20,0,not_identified
day,2026-08-11,all_observed,exact_model_variant,requests,266,266,256,266,10,1.0390625,15,20,0,not_identified
day,2026-08-11,all_observed,exact_model_variant,requests,267,267,257,267,10,1.038910505836576,15,20,0,not_identified
day,2026-08-11,all_observed,exact_model_variant,requests,268,268,258,268,10,1.0387596899224807,15,20,0,not_identified
day,2026-08-11,all_observed,exact_model_variant,requests,269,269,259,269,10,1.0386100386100385,15,20,0,not_identified
day,2026-08-11,all_observed,exact_model_variant,requests,270,270,260,270,10,1.0384615384615385,15,20,0,not_identified
day,2026-08-11,all_observed,exact_model_variant,requests,271,271,261,271,10,1.0383141762452108,15,20,0,not_identified
day,2026-08-11,all_observed,exact_model_variant,requests,272,272,262,272,10,1.0381679389312977,15,21,0,not_identified
day,2026-08-11,all_observed,exact_model_variant,requests,273,273,263,273,10,1.038022813688213,15,21,0,not_identified
day,2026-08-11,all_observed,exact_model_variant,requests,274,274,264,274,10,1.0378787878787878,15,21,0,not_identified
day,2026-08-11,all_observed,exact_model_variant,requests,275,275,265,275,10,1.0377358490566038,15,21,0,not_identified
day,2026-08-11,all_observed,exact_model_variant,requests,276,276,266,276,10,1.037593984962406,15,21,0,not_identified
day,2026-08-11,all_observed,exact_model_variant,requests,277,277,266,277,11,1.0413533834586466,15,21,0,not_identified
day,2026-08-11,all_observed,exact_model_variant,requests,278,278,267,278,11,1.0411985018726593,15,21,0,not_identified
day,2026-08-11,all_observed,exact_model_variant,requests,279,279,268,279,11,1.041044776119403,15,21,0,not_identified
day,2026-08-11,all_observed,exact_model_variant,requests,280,280,268,280,12,1.044776119402985,15,21,0,not_identified
day,2026-08-11,all_observed,exact_model_variant,requests,281,281,268,281,13,1.0485074626865671,15,21,0,not_identified
day,2026-08-11,all_observed,exact_model_variant,requests,282,282,269,282,13,1.0483271375464684,15,21,0,not_identified
day,2026-08-11,all_observed,exact_model_variant,requests,283,283,270,283,13,1.048148148148148,15,21,0,not_identified
day,2026-08-11,all_observed,exact_model_variant,requests,284,284,271,284,13,1.047970479704797,15,21,0,not_identified
day,2026-08-11,all_observed,exact_model_variant,requests,285,285,272,285,13,1.0477941176470589,15,21,0,not_identified
day,2026-08-11,all_observed,exact_model_variant,requests,286,286,273,286,13,1.0476190476190477,15,21,0,not_identified
day,2026-08-11,all_observed,exact_model_variant,requests,287,287,274,287,13,1.0474452554744527,15,21,0,not_identified
day,2026-08-11,all_observed,exact_model_variant,requests,288,288,275,288,13,1.0472727272727274,15,21,0,not_identified
day,2026-08-11,all_observed,exact_model_variant,requests,289,289,275,289,14,1.050909090909091,15,21,0,not_identified
day,2026-08-11,all_observed,exact_model_variant,requests,290,290,276,290,14,1.0507246376811594,15,21,0,not_identified
day,2026-08-11,all_observed,exact_model_variant,requests,291,291,277,291,14,1.0505415162454874,15,21,0,not_identified
day,2026-08-11,all_observed,exact_model_variant,requests,292,292,278,292,14,1.0503597122302157,15,21,0,not_identified
day,2026-08-11,all_observed,exact_model_variant,requests,293,293,279,293,14,1.050179211469534,15,21,0,not_identified
day,2026-08-11,all_observed,exact_model_variant,requests,294,294,280,294,14,1.05,15,21,0,not_identified
day,2026-08-11,all_observed,exact_model_variant,requests,295,295,281,295,14,1.0498220640569396,15,21,0,not_identified
day,2026-08-11,all_observed,exact_model_variant,requests,296,296,282,296,14,1.049645390070922,15,21,0,not_identified
day,2026-08-11,all_observed,exact_model_variant,requests,297,297,283,297,14,1.0494699646643109,15,21,0,not_identified
day,2026-08-11,all_observed,exact_model_variant,requests,298,298,283,298,15,1.0530035335689045,15,21,0,not_identified
day,2026-08-11,all_observed,exact_model_variant,requests,299,299,284,299,15,1.0528169014084507,15,21,0,not_identified
day,2026-08-11,all_observed,exact_model_variant,requests,300,300,285,300,15,1.0526315789473684,15,21,0,not_identified
day,2026-08-11,all_observed,exact_model_variant,requests,301,301,286,301,15,1.0524475524475525,15,21,0,not_identified
day,2026-08-11,all_observed,exact_model_variant,requests,302,302,287,302,15,1.0522648083623694,15,21,0,not_identified
day,2026-08-11,all_observed,exact_model_variant,requests,303,303,288,303,15,1.0520833333333333,15,21,0,not_identified
day,2026-08-11,all_observed,exact_model_variant,requests,304,304,289,304,15,1.0519031141868511,15,21,0,not_identified
day,2026-08-11,all_observed,exact_model_variant,requests,305,305,290,305,15,1.0517241379310345,15,21,0,not_identified
day,2026-08-11,all_observed,exact_model_variant,requests,306,306,291,306,15,1.0515463917525774,15,21,0,not_identified
day,2026-08-11,all_observed,exact_model_variant,requests,307,307,292,307,15,1.0513698630136987,15,21,0,not_identified
day,2026-08-11,all_observed,exact_model_variant,requests,308,308,293,308,15,1.0511945392491469,15,21,0,not_identified
day,2026-08-11,all_observed,exact_model_variant,requests,309,309,294,309,15,1.0510204081632653,15,21,0,not_identified
day,2026-08-11,all_observed,exact_model_variant,requests,310,310,295,310,15,1.0508474576271187,15,21,0,not_identified
day,2026-08-11,all_observed,exact_model_variant,requests,311,311,296,311,15,1.0506756756756757,15,21,0,not_identified
day,2026-08-11,all_observed,exact_model_variant,requests,312,312,297,312,15,1.0505050505050506,15,21,0,not_identified
day,2026-08-11,all_observed,exact_model_variant,requests,313,313,298,313,15,1.0503355704697988,15,21,0,not_identified
day,2026-08-11,all_observed,exact_model_variant,requests,314,314,299,314,15,1.0501672240802675,15,21,0,not_identified
day,2026-08-11,all_observed,exact_model_variant,requests,315,315,300,315,15,1.05,15,21,0,not_identified
day,2026-08-11,all_observed,exact_model_variant,requests,316,316,301,316,15,1.0498338870431894,15,21,0,not_identified
day,2026-08-11,all_observed,exact_model_variant,requests,317,317,302,317,15,1.0496688741721854,15,21,0,not_identified
day,2026-08-11,all_observed,exact_model_variant,requests,318,318,303,318,15,1.0495049504950495,15,21,0,not_identified
day,2026-08-11,all_observed,exact_model_variant,requests,319,319,304,319,15,1.049342105263158,15,21,0,not_identified
day,2026-08-11,all_observed,exact_model_variant,requests,320,320,305,320,15,1.0491803278688525,15,21,0,not_identified
day,2026-08-11,all_observed,exact_model_variant,requests,321,321,306,321,15,1.0490196078431373,15,21,0,not_identified
day,2026-08-11,all_observed,exact_model_variant,requests,322,322,307,322,15,1.0488599348534202,15,21,0,not_identified
day,2026-08-11,all_observed,exact_model_variant,requests,323,323,308,323,15,1.0487012987012987,15,21,0,not_identified
day,2026-08-11,all_observed,exact_model_variant,requests,324,324,309,324,15,1.0485436893203883,15,21,0,not_identified
day,2026-08-11,all_observed,exact_model_variant,requests,325,325,310,325,15,1.0483870967741935,15,21,0,not_identified
day,2026-08-11,all_observed,exact_model_variant,requests,326,326,311,326,15,1.0482315112540193,15,21,0,not_identified
day,2026-08-11,all_observed,exact_model_variant,requests,327,327,312,327,15,1.0480769230769231,15,21,0,not_identified
day,2026-08-11,all_observed,exact_model_variant,requests,328,328,313,328,15,1.0479233226837061,15,21,0,not_identified
day,2026-08-11,all_observed,exact_model_variant,requests,329,329,313,329,16,1.0511182108626198,15,21,0,not_identified
day,2026-08-11,all_observed,exact_model_variant,requests,330,330,314,330,16,1.0509554140127388,15,21,0,not_identified
day,2026-08-11,all_observed,exact_model_variant,requests,331,331,315,331,16,1.0507936507936508,15,21,0,not_identified
day,2026-08-11,all_observed,exact_model_variant,requests,332,332,316,332,16,1.0506329113924051,15,21,0,not_identified
day,2026-08-11,all_observed,exact_model_variant,requests,333,333,317,333,16,1.0504731861198737,15,21,0,not_identified
day,2026-08-11,all_observed,exact_model_variant,requests,334,334,318,334,16,1.050314465408805,15,21,0,not_identified
day,2026-08-11,all_observed,exact_model_variant,requests,335,335,319,335,16,1.0501567398119123,15,21,0,not_identified
day,2026-08-11,all_observed,exact_model_variant,requests,336,336,320,336,16,1.05,15,21,0,not_identified
day,2026-08-11,all_observed,exact_model_variant,requests,337,337,321,337,16,1.0498442367601246,15,22,0,not_identified
day,2026-08-11,all_observed,exact_model_variant,requests,338,338,321,338,17,1.0529595015576323,15,22,0,not_identified
day,2026-08-11,all_observed,exact_model_variant,requests,339,339,322,339,17,1.0527950310559007,15,22,0,not_identified
day,2026-08-11,all_observed,exact_model_variant,requests,340,340,323,340,17,1.0526315789473684,15,22,0,not_identified
day,2026-08-11,all_observed,exact_model_variant,requests,341,341,324,341,17,1.0524691358024691,15,22,0,not_identified
day,2026-08-11,all_observed,exact_model_variant,requests,342,342,324,342,18,1.0555555555555556,15,22,0,not_identified
day,2026-08-11,all_observed,exact_model_variant,requests,343,343,325,343,18,1.0553846153846154,15,22,0,not_identified
day,2026-08-11,all_observed,exact_model_variant,requests,344,344,326,344,18,1.0552147239263803,15,22,0,not_identified
day,2026-08-11,all_observed,exact_model_variant,requests,345,345,327,345,18,1.055045871559633,15,22,0,not_identified
day,2026-08-11,all_observed,exact_model_variant,requests,346,346,328,346,18,1.0548780487804879,15,22,0,not_identified
day,2026-08-11,all_observed,exact_model_variant,requests,347,347,329,347,18,1.0547112462006079,15,22,0,not_identified
day,2026-08-11,all_observed,exact_model_variant,requests,348,348,330,348,18,1.0545454545454545,15,22,0,not_identified
day,2026-08-11,all_observed,exact_model_variant,requests,349,349,331,349,18,1.054380664652568,15,22,0,not_identified
day,2026-08-11,all_observed,exact_model_variant,requests,350,350,331,350,19,1.0574018126888218,15,22,0,not_identified
day,2026-08-11,all_observed,exact_model_variant,requests,351,351,332,351,19,1.0572289156626506,15,22,0,not_identified
day,2026-08-11,all_observed,exact_model_variant,requests,352,352,333,352,19,1.057057057057057,15,22,0,not_identified
day,2026-08-11,all_observed,exact_model_variant,requests,353,353,334,353,19,1.0568862275449102,15,22,0,not_identified
day,2026-08-11,all_observed,exact_model_variant,requests,354,354,335,354,19,1.0567164179104478,15,22,0,not_identified
day,2026-08-11,all_observed,exact_model_variant,requests,355,355,336,355,19,1.056547619047619,15,22,0,not_identified
day,2026-08-11,all_observed,exact_model_variant,requests,356,356,337,356,19,1.056379821958457,15,22,0,not_identified
day,2026-08-11,all_observed,exact_model_variant,requests,357,357,338,357,19,1.0562130177514792,15,22,0,not_identified
day,2026-08-11,all_observed,exact_model_variant,requests,358,358,339,358,19,1.056047197640118,15,22,0,not_identified
day,2026-08-11,all_observed,exact_model_variant,requests,359,359,340,359,19,1.0558823529411765,15,22,0,not_identified
day,2026-08-11,all_observed,exact_model_variant,requests,360,360,341,360,19,1.0557184750733137,15,22,0,not_identified
day,2026-08-11,all_observed,exact_model_variant,requests,361,361,342,361,19,1.0555555555555556,16,22,0,not_identified
day,2026-08-11,all_observed,exact_model_variant,requests,362,362,343,362,19,1.055393586005831,16,22,0,not_identified
day,2026-08-11,all_observed,exact_model_variant,requests,363,363,344,363,19,1.055232558139535,16,22,0,not_identified
day,2026-08-11,all_observed,exact_model_variant,requests,364,364,345,364,19,1.055072463768116,16,22,0,not_identified
day,2026-08-11,all_observed,exact_model_variant,requests,365,365,346,365,19,1.0549132947976878,16,22,0,not_identified
day,2026-08-11,all_observed,exact_model_variant,requests,366,366,347,366,19,1.0547550432276658,16,22,0,not_identified
day,2026-08-11,all_observed,exact_model_variant,requests,367,367,348,367,19,1.0545977011494252,17,22,0,not_identified
day,2026-08-11,all_observed,exact_model_variant,requests,368,368,349,368,19,1.0544412607449856,17,23,0,not_identified
day,2026-08-11,all_observed,exact_model_variant,requests,369,369,350,369,19,1.0542857142857143,17,23,0,not_identified
day,2026-08-11,all_observed,exact_model_variant,requests,370,370,350,370,20,1.0571428571428572,17,23,0,not_identified
day,2026-08-11,all_observed,exact_model_variant,requests,371,371,351,371,20,1.056980056980057,17,23,0,not_identified
day,2026-08-11,all_observed,exact_model_variant,requests,372,372,352,372,20,1.0568181818181819,17,23,0,not_identified
day,2026-08-11,all_observed,exact_model_variant,requests,373,373,352,373,21,1.0596590909090908,17,23,0,not_identified
day,2026-08-11,all_observed,exact_model_variant,requests,374,374,353,374,21,1.0594900849858357,17,23,0,not_identified
day,2026-08-11,all_observed,exact_model_variant,requests,375,375,354,375,21,1.0593220338983051,17,23,0,not_identified
day,2026-08-11,all_observed,exact_model_variant,requests,376,376,355,376,21,1.0591549295774647,17,23,0,not_identified
day,2026-08-11,all_observed,exact_model_variant,requests,377,377,356,377,21,1.0589887640449438,17,23,0,not_identified
day,2026-08-11,all_observed,exact_model_variant,requests,378,378,357,378,21,1.0588235294117647,17,23,0,not_identified
day,2026-08-11,all_observed,exact_model_variant,requests,379,379,358,379,21,1.058659217877095,17,23,0,not_identified
day,2026-08-11,all_observed,exact_model_variant,requests,380,380,359,380,21,1.0584958217270195,17,23,0,not_identified
day,2026-08-11,all_observed,exact_model_variant,requests,381,381,360,381,21,1.0583333333333333,17,24,0,not_identified
day,2026-08-11,all_observed,exact_model_variant,requests,382,382,361,382,21,1.0581717451523547,17,24,0,not_identified
day,2026-08-11,all_observed,exact_model_variant,requests,383,383,362,383,21,1.058011049723757,17,24,0,not_identified
day,2026-08-11,all_observed,exact_model_variant,requests,384,384,363,384,21,1.0578512396694215,17,24,0,not_identified
day,2026-08-11,all_observed,exact_model_variant,requests,385,385,364,385,21,1.0576923076923077,17,24,0,not_identified
day,2026-08-11,all_observed,exact_model_variant,requests,386,386,365,386,21,1.0575342465753426,17,24,0,not_identified
day,2026-08-11,all_observed,exact_model_variant,requests,387,387,366,387,21,1.0573770491803278,17,24,0,not_identified
day,2026-08-11,all_observed,exact_model_variant,requests,388,388,367,388,21,1.0572207084468666,17,24,0,not_identified
day,2026-08-11,all_observed,exact_model_variant,requests,389,389,368,389,21,1.0570652173913044,17,24,0,not_identified
day,2026-08-11,all_observed,exact_model_variant,requests,390,390,369,390,21,1.056910569105691,17,24,0,not_identified
day,2026-08-11,all_observed,exact_model_variant,requests,391,391,370,391,21,1.0567567567567568,17,24,0,not_identified
day,2026-08-11,all_observed,exact_model_variant,requests,392,392,371,392,21,1.0566037735849056,17,24,0,not_identified
day,2026-08-11,all_observed,exact_model_variant,requests,393,393,372,393,21,1.0564516129032258,17,24,0,not_identified
day,2026-08-11,all_observed,exact_model_variant,requests,394,394,372,394,22,1.0591397849462365,17,24,0,not_identified
day,2026-08-11,all_observed,exact_model_variant,requests,395,395,373,395,22,1.0589812332439679,17,24,0,not_identified
day,2026-08-11,all_observed,exact_model_variant,requests,396,396,374,396,22,1.0588235294117647,17,24,0,not_identified
day,2026-08-11,all_observed,exact_model_variant,requests,397,397,375,397,22,1.0586666666666666,17,24,0,not_identified
day,2026-08-11,all_observed,exact_model_variant,requests,398,398,376,398,22,1.0585106382978724,17,24,0,not_identified
day,2026-08-11,all_observed,exact_model_variant,requests,399,399,376,399,23,1.0611702127659575,17,24,0,not_identified
day,2026-08-11,all_observed,exact_model_variant,requests,400,400,377,400,23,1.0610079575596818,17,24,0,not_identified
day,2026-08-11,all_observed,exact_model_variant,requests,401,401,378,401,23,1.060846560846561,17,24,0,not_identified
day,2026-08-11,all_observed,exact_model_variant,requests,402,402,379,402,23,1.0606860158311346,17,24,0,not_identified
day,2026-08-11,all_observed,exact_model_variant,requests,403,403,380,403,23,1.0605263157894738,17,24,0,not_identified
day,2026-08-11,all_observed,exact_model_variant,requests,404,404,381,404,23,1.0603674540682415,17,24,0,not_identified
day,2026-08-11,all_observed,exact_model_variant,requests,405,405,382,405,23,1.0602094240837696,17,24,0,not_identified
day,2026-08-11,all_observed,exact_model_variant,requests,406,406,383,406,23,1.0600522193211488,17,24,0,not_identified
day,2026-08-11,all_observed,exact_model_variant,requests,407,407,383,407,24,1.0626631853785902,17,24,0,not_identified
day,2026-08-11,all_observed,exact_model_variant,requests,408,408,384,408,24,1.0625,17,24,0,not_identified
day,2026-08-11,all_observed,exact_model_variant,requests,409,409,385,409,24,1.0623376623376624,17,24,0,not_identified
day,2026-08-11,all_observed,exact_model_variant,requests,410,410,386,410,24,1.0621761658031088,17,24,0,not_identified
day,2026-08-11,all_observed,exact_model_variant,requests,411,411,387,411,24,1.062015503875969,17,24,0,not_identified
day,2026-08-11,all_observed,exact_model_variant,requests,412,412,387,412,25,1.0645994832041343,17,24,0,not_identified
day,2026-08-11,all_observed,exact_model_variant,requests,413,413,388,413,25,1.0644329896907216,17,24,0,not_identified
day,2026-08-11,all_observed,exact_model_variant,requests,414,414,389,414,25,1.06426735218509,17,24,0,not_identified
day,2026-08-11,all_observed,exact_model_variant,requests,415,415,390,415,25,1.064102564102564,17,24,0,not_identified
day,2026-08-11,all_observed,exact_model_variant,requests,416,416,391,416,25,1.0639386189258313,17,24,0,not_identified
day,2026-08-11,all_observed,exact_model_variant,requests,417,417,392,417,25,1.0637755102040816,17,24,0,not_identified
day,2026-08-11,all_observed,exact_model_variant,requests,418,418,392,418,26,1.066326530612245,17,24,0,not_identified
day,2026-08-11,all_observed,exact_model_variant,requests,419,419,392,419,27,1.0688775510204083,17,24,0,not_identified
day,2026-08-11,all_observed,exact_model_variant,requests,420,420,393,420,27,1.0687022900763359,17,24,0,not_identified
day,2026-08-11,all_observed,exact_model_variant,requests,421,421,394,421,27,1.0685279187817258,17,24,0,not_identified
day,2026-08-11,all_observed,exact_model_variant,requests,422,422,394,422,28,1.0710659898477157,17,24,0,not_identified
day,2026-08-11,all_observed,exact_model_variant,requests,423,423,395,423,28,1.070886075949367,17,24,0,not_identified
day,2026-08-11,all_observed,exact_model_variant,requests,424,424,396,424,28,1.0707070707070707,17,24,0,not_identified
day,2026-08-11,all_observed,exact_model_variant,requests,425,425,397,425,28,1.070528967254408,17,24,0,not_identified
day,2026-08-11,all_observed,exact_model_variant,requests,426,426,398,426,28,1.07035175879397,17,24,0,not_identified
day,2026-08-11,all_observed,exact_model_variant,requests,427,427,399,427,28,1.0701754385964912,17,24,0,not_identified
day,2026-08-11,all_observed,exact_model_variant,requests,428,428,400,428,28,1.07,17,24,0,not_identified
day,2026-08-11,all_observed,exact_model_variant,requests,429,429,400,429,29,1.0725,17,24,0,not_identified
day,2026-08-11,all_observed,exact_model_variant,requests,430,430,401,430,29,1.0723192019950125,17,24,0,not_identified
day,2026-08-11,all_observed,exact_model_variant,requests,431,431,402,431,29,1.072139303482587,17,24,0,not_identified
day,2026-08-11,all_observed,exact_model_variant,requests,432,432,403,432,29,1.0719602977667493,17,24,0,not_identified
day,2026-08-11,all_observed,exact_model_variant,requests,433,433,403,433,30,1.0744416873449132,17,24,0,not_identified
day,2026-08-11,all_observed,exact_model_variant,requests,434,434,404,434,30,1.0742574257425743,17,24,0,not_identified
day,2026-08-11,all_observed,exact_model_variant,requests,435,435,405,435,30,1.0740740740740742,17,24,0,not_identified
day,2026-08-11,all_observed,exact_model_variant,requests,436,436,406,436,30,1.0738916256157636,17,24,0,not_identified
day,2026-08-11,all_observed,exact_model_variant,requests,437,437,406,437,31,1.0763546798029557,17,24,0,not_identified
day,2026-08-11,all_observed,exact_model_variant,requests,438,438,407,438,31,1.076167076167076,17,24,0,not_identified
day,2026-08-11,all_observed,exact_model_variant,requests,439,439,408,439,31,1.0759803921568627,17,24,0,not_identified
day,2026-08-11,all_observed,exact_model_variant,requests,440,440,408,440,32,1.0784313725490196,17,24,0,not_identified
day,2026-08-11,all_observed,exact_model_variant,requests,441,441,409,441,32,1.078239608801956,17,24,0,not_identified
day,2026-08-11,all_observed,exact_model_variant,requests,442,442,410,442,32,1.078048780487805,17,24,0,not_identified
day,2026-08-11,all_observed,exact_model_variant,requests,443,443,411,443,32,1.0778588807785887,17,24,0,not_identified
day,2026-08-11,all_observed,exact_model_variant,requests,444,444,412,444,32,1.0776699029126213,17,24,0,not_identified
day,2026-08-11,all_observed,exact_model_variant,requests,445,445,413,445,32,1.0774818401937045,17,24,0,not_identified
day,2026-08-11,all_observed,exact_model_variant,requests,446,446,414,446,32,1.077294685990338,17,24,0,not_identified
day,2026-08-11,all_observed,exact_model_variant,requests,447,447,415,447,32,1.0771084337349397,17,24,0,not_identified
day,2026-08-11,all_observed,exact_model_variant,requests,448,448,416,448,32,1.0769230769230769,17,24,0,not_identified
day,2026-08-11,all_observed,exact_model_variant,requests,449,449,416,449,33,1.0793269230769231,17,24,0,not_identified
day,2026-08-11,all_observed,exact_model_variant,requests,450,450,417,450,33,1.079136690647482,17,25,0,not_identified
day,2026-08-11,all_observed,exact_model_variant,requests,451,451,418,451,33,1.0789473684210527,17,25,0,not_identified
day,2026-08-11,all_observed,exact_model_variant,requests,452,452,419,452,33,1.0787589498806682,17,25,0,not_identified
day,2026-08-11,all_observed,exact_model_variant,requests,453,453,420,453,33,1.0785714285714285,17,25,0,not_identified
day,2026-08-11,all_observed,exact_model_variant,requests,454,454,421,454,33,1.0783847980997625,17,25,0,not_identified
day,2026-08-11,all_observed,exact_model_variant,requests,455,455,422,455,33,1.0781990521327014,17,25,0,not_identified
day,2026-08-11,all_observed,exact_model_variant,requests,456,456,423,456,33,1.0780141843971631,17,25,0,not_identified
day,2026-08-11,all_observed,exact_model_variant,requests,457,457,423,457,34,1.0803782505910164,17,25,0,not_identified
day,2026-08-11,all_observed,exact_model_variant,requests,458,458,424,458,34,1.080188679245283,17,25,0,not_identified
day,2026-08-11,all_observed,exact_model_variant,requests,459,459,424,459,35,1.0825471698113207,17,25,0,not_identified
day,2026-08-11,all_observed,exact_model_variant,requests,460,460,425,460,35,1.0823529411764705,17,25,0,not_identified
day,2026-08-11,all_observed,exact_model_variant,requests,461,461,425,461,36,1.0847058823529412,17,25,0,not_identified
day,2026-08-11,all_observed,exact_model_variant,requests,462,462,426,462,36,1.0845070422535212,17,25,0,not_identified
day,2026-08-11,all_observed,exact_model_variant,requests,463,463,427,463,36,1.0843091334894615,17,25,0,not_identified
day,2026-08-11,all_observed,exact_model_variant,requests,464,464,427,464,37,1.0866510538641687,17,25,0,not_identified
day,2026-08-11,all_observed,exact_model_variant,requests,465,465,428,465,37,1.0864485981308412,17,25,0,not_identified
day,2026-08-11,all_observed,exact_model_variant,requests,466,466,429,466,37,1.0862470862470863,17,25,0,not_identified
day,2026-08-11,all_observed,exact_model_variant,requests,467,467,429,467,38,1.0885780885780887,17,25,0,not_identified
day,2026-08-11,all_observed,exact_model_variant,requests,468,468,429,468,39,1.0909090909090908,17,25,0,not_identified
day,2026-08-11,all_observed,exact_model_variant,requests,469,469,429,469,40,1.0932400932400932,17,25,0,not_identified
day,2026-08-11,all_observed,exact_model_variant,requests,470,470,430,470,40,1.0930232558139534,17,25,0,not_identified
day,2026-08-11,all_observed,exact_model_variant,requests,471,471,431,471,40,1.0928074245939676,17,25,0,not_identified
day,2026-08-11,all_observed,exact_model_variant,requests,472,472,431,472,41,1.0951276102088168,17,25,0,not_identified
day,2026-08-11,all_observed,exact_model_variant,requests,473,473,431,473,42,1.097447795823666,17,25,0,not_identified
day,2026-08-11,all_observed,exact_model_variant,requests,474,474,432,474,42,1.0972222222222223,17,25,0,not_identified
day,2026-08-11,all_observed,exact_model_variant,requests,475,475,432,475,43,1.099537037037037,17,25,0,not_identified
day,2026-08-11,all_observed,exact_model_variant,requests,476,476,433,476,43,1.0993071593533488,17,25,0,not_identified
day,2026-08-11,all_observed,exact_model_variant,requests,477,477,434,477,43,1.099078341013825,17,25,0,not_identified
day,2026-08-11,all_observed,exact_model_variant,requests,478,478,435,478,43,1.0988505747126436,17,25,0,not_identified
day,2026-08-11,all_observed,exact_model_variant,requests,479,479,436,479,43,1.098623853211009,17,25,0,not_identified
day,2026-08-11,all_observed,exact_model_variant,requests,480,480,436,480,44,1.1009174311926606,17,25,0,not_identified
day,2026-08-11,all_observed,exact_model_variant,requests,481,481,436,481,45,1.103211009174312,17,25,0,not_identified
day,2026-08-11,all_observed,exact_model_variant,requests,482,482,437,482,45,1.102974828375286,17,25,0,not_identified
day,2026-08-11,all_observed,exact_model_variant,requests,483,483,437,483,46,1.105263157894737,17,25,0,not_identified
day,2026-08-11,all_observed,exact_model_variant,requests,484,484,437,484,47,1.1075514874141876,17,25,0,not_identified
day,2026-08-11,all_observed,exact_model_variant,requests,485,485,437,485,48,1.1098398169336385,17,25,0,not_identified
day,2026-08-11,all_observed,exact_model_variant,requests,486,486,437,486,49,1.1121281464530892,17,25,0,not_identified
day,2026-08-11,all_observed,exact_model_variant,requests,487,487,438,487,49,1.1118721461187215,17,25,0,not_identified
day,2026-08-11,all_observed,exact_model_variant,requests,488,488,439,488,49,1.111617312072893,17,25,0,not_identified
day,2026-08-11,all_observed,exact_model_variant,requests,489,489,439,489,50,1.1138952164009113,17,25,0,not_identified
day,2026-08-11,all_observed,exact_model_variant,requests,490,490,439,490,51,1.1161731207289294,17,25,0,not_identified
day,2026-08-11,current_catalog_text_output,model_permaslug,total_tokens,1,1,1,1,0,1.0,1,1,0,not_identified
day,2026-08-11,current_catalog_text_output,model_permaslug,total_tokens,2,2,2,2,0,1.0,2,1,0,not_identified
day,2026-08-11,current_catalog_text_output,model_permaslug,total_tokens,3,3,3,4,1,1.3333333333333333,3,2,0,not_identified
day,2026-08-11,current_catalog_text_output,model_permaslug,total_tokens,4,4,4,5,1,1.25,3,2,0,not_identified
day,2026-08-11,current_catalog_text_output,model_permaslug,total_tokens,5,5,5,6,1,1.2,3,3,0,not_identified
day,2026-08-11,current_catalog_text_output,model_permaslug,total_tokens,6,6,6,8,2,1.3333333333333333,3,3,0,not_identified
day,2026-08-11,current_catalog_text_output,model_permaslug,total_tokens,7,7,7,9,2,1.2857142857142858,3,3,0,not_identified
day,2026-08-11,current_catalog_text_output,model_permaslug,total_tokens,8,8,8,11,3,1.375,4,3,0,not_identified
day,2026-08-11,current_catalog_text_output,model_permaslug,total_tokens,9,9,9,12,3,1.3333333333333333,4,4,0,not_identified
day,2026-08-11,current_catalog_text_output,model_permaslug,total_tokens,10,10,10,14,4,1.4,4,4,0,not_identified
day,2026-08-11,current_catalog_text_output,model_permaslug,total_tokens,11,11,11,16,5,1.4545454545454546,4,4,0,not_identified
day,2026-08-11,current_catalog_text_output,model_permaslug,total_tokens,12,12,12,18,6,1.5,4,4,0,not_identified
day,2026-08-11,current_catalog_text_output,model_permaslug,total_tokens,13,13,13,20,7,1.5384615384615385,5,5,0,not_identified
day,2026-08-11,current_catalog_text_output,model_permaslug,total_tokens,14,14,14,22,8,1.5714285714285714,5,5,0,not_identified
day,2026-08-11,current_catalog_text_output,model_permaslug,total_tokens,15,15,15,23,8,1.5333333333333334,5,5,0,not_identified
day,2026-08-11,current_catalog_text_output,model_permaslug,total_tokens,16,16,16,25,9,1.5625,5,5,0,not_identified
day,2026-08-11,current_catalog_text_output,model_permaslug,total_tokens,17,17,17,27,10,1.588235294117647,5,5,0,not_identified
day,2026-08-11,current_catalog_text_output,model_permaslug,total_tokens,18,18,18,29,11,1.6111111111111112,5,5,0,not_identified
day,2026-08-11,current_catalog_text_output,model_permaslug,total_tokens,19,19,19,30,11,1.5789473684210527,5,5,0,not_identified
day,2026-08-11,current_catalog_text_output,model_permaslug,total_tokens,20,20,20,32,12,1.6,5,5,0,not_identified
day,2026-08-11,current_catalog_text_output,model_permaslug,total_tokens,21,21,21,34,13,1.619047619047619,5,5,0,not_identified
day,2026-08-11,current_catalog_text_output,model_permaslug,total_tokens,22,22,22,35,13,1.5909090909090908,5,5,0,not_identified
day,2026-08-11,current_catalog_text_output,model_permaslug,total_tokens,23,23,23,37,14,1.608695652173913,6,5,0,not_identified
day,2026-08-11,current_catalog_text_output,model_permaslug,total_tokens,24,24,24,38,14,1.5833333333333333,6,5,0,not_identified
day,2026-08-11,current_catalog_text_output,model_permaslug,total_tokens,25,25,25,40,15,1.6,6,5,0,not_identified
day,2026-08-11,current_catalog_text_output,model_permaslug,total_tokens,26,26,26,42,16,1.6153846153846154,6,5,0,not_identified
day,2026-08-11,current_catalog_text_output,model_permaslug,total_tokens,27,27,27,43,16,1.5925925925925926,6,5,0,not_identified
day,2026-08-11,current_catalog_text_output,model_permaslug,total_tokens,28,28,28,45,17,1.6071428571428572,6,5,0,not_identified
day,2026-08-11,current_catalog_text_output,model_permaslug,total_tokens,29,29,29,46,17,1.5862068965517242,6,5,0,not_identified
day,2026-08-11,current_catalog_text_output,model_permaslug,total_tokens,30,30,30,47,17,1.5666666666666667,7,5,0,not_identified
day,2026-08-11,current_catalog_text_output,model_permaslug,total_tokens,31,31,31,49,18,1.5806451612903225,7,5,0,not_identified
day,2026-08-11,current_catalog_text_output,model_permaslug,total_tokens,32,32,32,50,18,1.5625,8,5,0,not_identified
day,2026-08-11,current_catalog_text_output,model_permaslug,total_tokens,33,33,33,52,19,1.5757575757575757,8,5,0,not_identified
day,2026-08-11,current_catalog_text_output,model_permaslug,total_tokens,34,34,34,54,20,1.588235294117647,8,5,0,not_identified
day,2026-08-11,current_catalog_text_output,model_permaslug,total_tokens,35,35,35,56,21,1.6,8,5,0,not_identified
day,2026-08-11,current_catalog_text_output,model_permaslug,total_tokens,36,36,36,58,22,1.6111111111111112,8,5,0,not_identified
day,2026-08-11,current_catalog_text_output,model_permaslug,total_tokens,37,37,37,60,23,1.6216216216216217,8,5,0,not_identified
day,2026-08-11,current_catalog_text_output,model_permaslug,total_tokens,38,38,38,62,24,1.631578947368421,9,5,0,not_identified
day,2026-08-11,current_catalog_text_output,model_permaslug,total_tokens,39,39,39,63,24,1.6153846153846154,9,5,0,not_identified
day,2026-08-11,current_catalog_text_output,model_permaslug,total_tokens,40,40,40,65,25,1.625,9,5,0,not_identified
day,2026-08-11,current_catalog_text_output,model_permaslug,total_tokens,41,41,41,66,25,1.6097560975609757,9,5,0,not_identified
day,2026-08-11,current_catalog_text_output,model_permaslug,total_tokens,42,42,42,68,26,1.619047619047619,9,5,0,not_identified
day,2026-08-11,current_catalog_text_output,model_permaslug,total_tokens,43,43,43,69,26,1.6046511627906976,9,5,0,not_identified
day,2026-08-11,current_catalog_text_output,model_permaslug,total_tokens,44,44,44,71,27,1.6136363636363635,9,5,0,not_identified
day,2026-08-11,current_catalog_text_output,model_permaslug,total_tokens,45,45,45,73,28,1.6222222222222222,9,5,0,not_identified
day,2026-08-11,current_catalog_text_output,model_permaslug,total_tokens,46,46,46,75,29,1.6304347826086956,9,5,0,not_identified
day,2026-08-11,current_catalog_text_output,model_permaslug,total_tokens,47,47,47,77,30,1.6382978723404256,9,5,0,not_identified
day,2026-08-11,current_catalog_text_output,model_permaslug,total_tokens,48,48,48,79,31,1.6458333333333333,9,5,0,not_identified
day,2026-08-11,current_catalog_text_output,model_permaslug,total_tokens,49,49,49,80,31,1.6326530612244898,9,5,0,not_identified
day,2026-08-11,current_catalog_text_output,model_permaslug,total_tokens,50,50,50,81,31,1.62,9,5,0,not_identified
day,2026-08-11,current_catalog_text_output,model_permaslug,total_tokens,51,51,51,82,31,1.607843137254902,9,6,0,not_identified
day,2026-08-11,current_catalog_text_output,model_permaslug,total_tokens,52,52,52,84,32,1.6153846153846154,9,6,0,not_identified
day,2026-08-11,current_catalog_text_output,model_permaslug,total_tokens,53,53,53,85,32,1.6037735849056605,10,6,0,not_identified
day,2026-08-11,current_catalog_text_output,model_permaslug,total_tokens,54,54,54,86,32,1.5925925925925926,10,6,0,not_identified
day,2026-08-11,current_catalog_text_output,model_permaslug,total_tokens,55,55,55,88,33,1.6,10,6,0,not_identified
day,2026-08-11,current_catalog_text_output,model_permaslug,total_tokens,56,56,56,89,33,1.5892857142857142,10,6,0,not_identified
day,2026-08-11,current_catalog_text_output,model_permaslug,total_tokens,57,57,57,90,33,1.5789473684210527,10,6,0,not_identified
day,2026-08-11,current_catalog_text_output,model_permaslug,total_tokens,58,58,58,91,33,1.5689655172413792,10,6,0,not_identified
day,2026-08-11,current_catalog_text_output,model_permaslug,total_tokens,59,59,59,92,33,1.5593220338983051,10,6,0,not_identified
day,2026-08-11,current_catalog_text_output,model_permaslug,total_tokens,60,60,60,94,34,1.5666666666666667,10,6,0,not_identified
day,2026-08-11,current_catalog_text_output,model_permaslug,total_tokens,61,61,61,95,34,1.5573770491803278,10,6,0,not_identified
day,2026-08-11,current_catalog_text_output,model_permaslug,total_tokens,62,62,62,96,34,1.5483870967741935,10,6,0,not_identified
day,2026-08-11,current_catalog_text_output,model_permaslug,total_tokens,63,63,63,97,34,1.5396825396825398,10,6,0,not_identified
day,2026-08-11,current_catalog_text_output,model_permaslug,total_tokens,64,64,64,99,35,1.546875,10,6,0,not_identified
day,2026-08-11,current_catalog_text_output,model_permaslug,total_tokens,65,65,65,101,36,1.5538461538461539,10,6,0,not_identified
day,2026-08-11,current_catalog_text_output,model_permaslug,total_tokens,66,66,66,102,36,1.5454545454545454,10,6,0,not_identified
day,2026-08-11,current_catalog_text_output,model_permaslug,total_tokens,67,67,67,103,36,1.537313432835821,11,6,0,not_identified
day,2026-08-11,current_catalog_text_output,model_permaslug,total_tokens,68,68,68,104,36,1.5294117647058822,11,6,0,not_identified
day,2026-08-11,current_catalog_text_output,model_permaslug,total_tokens,69,69,69,106,37,1.536231884057971,11,6,0,not_identified
day,2026-08-11,current_catalog_text_output,model_permaslug,total_tokens,70,70,70,107,37,1.5285714285714285,11,6,0,not_identified
day,2026-08-11,current_catalog_text_output,model_permaslug,total_tokens,71,71,71,108,37,1.5211267605633803,12,6,0,not_identified
day,2026-08-11,current_catalog_text_output,model_permaslug,total_tokens,72,72,72,109,37,1.5138888888888888,12,6,0,not_identified
day,2026-08-11,current_catalog_text_output,model_permaslug,total_tokens,73,73,73,110,37,1.5068493150684932,12,6,0,not_identified
day,2026-08-11,current_catalog_text_output,model_permaslug,total_tokens,74,74,74,112,38,1.5135135135135136,12,6,0,not_identified
day,2026-08-11,current_catalog_text_output,model_permaslug,total_tokens,75,75,75,113,38,1.5066666666666666,12,6,0,not_identified
day,2026-08-11,current_catalog_text_output,model_permaslug,total_tokens,76,76,76,115,39,1.513157894736842,12,6,0,not_identified
day,2026-08-11,current_catalog_text_output,model_permaslug,total_tokens,77,77,77,116,39,1.5064935064935066,13,6,0,not_identified
day,2026-08-11,current_catalog_text_output,model_permaslug,total_tokens,78,78,78,117,39,1.5,13,6,0,not_identified
day,2026-08-11,current_catalog_text_output,model_permaslug,total_tokens,79,79,79,118,39,1.4936708860759493,13,6,0,not_identified
day,2026-08-11,current_catalog_text_output,model_permaslug,total_tokens,80,80,80,120,40,1.5,13,6,0,not_identified
day,2026-08-11,current_catalog_text_output,model_permaslug,total_tokens,81,81,81,121,40,1.4938271604938271,13,6,0,not_identified
day,2026-08-11,current_catalog_text_output,model_permaslug,total_tokens,82,82,82,122,40,1.4878048780487805,13,6,0,not_identified
day,2026-08-11,current_catalog_text_output,model_permaslug,total_tokens,83,83,83,124,41,1.4939759036144578,13,6,0,not_identified
day,2026-08-11,current_catalog_text_output,model_permaslug,total_tokens,84,84,84,125,41,1.4880952380952381,13,6,0,not_identified
day,2026-08-11,current_catalog_text_output,model_permaslug,total_tokens,85,85,85,126,41,1.4823529411764707,13,6,0,not_identified
day,2026-08-11,current_catalog_text_output,model_permaslug,total_tokens,86,86,86,128,42,1.4883720930232558,13,6,0,not_identified
day,2026-08-11,current_catalog_text_output,model_permaslug,total_tokens,87,87,87,129,42,1.4827586206896552,13,6,0,not_identified
day,2026-08-11,current_catalog_text_output,model_permaslug,total_tokens,88,88,88,130,42,1.4772727272727273,13,6,0,not_identified
day,2026-08-11,current_catalog_text_output,model_permaslug,total_tokens,89,89,89,131,42,1.4719101123595506,13,6,0,not_identified
day,2026-08-11,current_catalog_text_output,model_permaslug,total_tokens,90,90,90,132,42,1.4666666666666666,13,6,0,not_identified
day,2026-08-11,current_catalog_text_output,model_permaslug,total_tokens,91,91,91,133,42,1.4615384615384615,13,6,0,not_identified
day,2026-08-11,current_catalog_text_output,model_permaslug,total_tokens,92,92,92,134,42,1.4565217391304348,13,6,0,not_identified
day,2026-08-11,current_catalog_text_output,model_permaslug,total_tokens,93,93,93,135,42,1.4516129032258065,13,6,0,not_identified
day,2026-08-11,current_catalog_text_output,model_permaslug,total_tokens,94,94,94,136,42,1.446808510638298,13,6,0,not_identified
day,2026-08-11,current_catalog_text_output,model_permaslug,total_tokens,95,95,95,137,42,1.4421052631578948,13,6,0,not_identified
day,2026-08-11,current_catalog_text_output,model_permaslug,total_tokens,96,96,96,138,42,1.4375,13,6,0,not_identified
day,2026-08-11,current_catalog_text_output,model_permaslug,total_tokens,97,97,97,139,42,1.4329896907216495,13,6,0,not_identified
day,2026-08-11,current_catalog_text_output,model_permaslug,total_tokens,98,98,98,140,42,1.4285714285714286,13,6,0,not_identified
day,2026-08-11,current_catalog_text_output,model_permaslug,total_tokens,99,99,99,141,42,1.4242424242424243,13,6,0,not_identified
day,2026-08-11,current_catalog_text_output,model_permaslug,total_tokens,100,100,100,142,42,1.42,13,6,0,not_identified
day,2026-08-11,current_catalog_text_output,model_permaslug,total_tokens,101,101,101,143,42,1.4158415841584158,13,6,0,not_identified
day,2026-08-11,current_catalog_text_output,model_permaslug,total_tokens,102,102,102,144,42,1.411764705882353,13,6,0,not_identified
day,2026-08-11,current_catalog_text_output,model_permaslug,total_tokens,103,103,103,145,42,1.4077669902912622,13,6,0,not_identified
day,2026-08-11,current_catalog_text_output,model_permaslug,total_tokens,104,104,104,146,42,1.4038461538461537,13,6,0,not_identified
day,2026-08-11,current_catalog_text_output,model_permaslug,total_tokens,105,105,105,147,42,1.4,13,6,0,not_identified
day,2026-08-11,current_catalog_text_output,model_permaslug,total_tokens,106,106,106,148,42,1.3962264150943395,13,6,0,not_identified
day,2026-08-11,current_catalog_text_output,model_permaslug,total_tokens,107,107,107,149,42,1.3925233644859814,14,6,0,not_identified
day,2026-08-11,current_catalog_text_output,model_permaslug,total_tokens,108,108,108,150,42,1.3888888888888888,14,6,0,not_identified
day,2026-08-11,current_catalog_text_output,model_permaslug,total_tokens,109,109,109,151,42,1.385321100917431,14,6,0,not_identified
day,2026-08-11,current_catalog_text_output,model_permaslug,total_tokens,110,110,110,152,42,1.3818181818181818,14,6,0,not_identified
day,2026-08-11,current_catalog_text_output,model_permaslug,total_tokens,111,111,111,153,42,1.3783783783783783,14,6,0,not_identified
day,2026-08-11,current_catalog_text_output,model_permaslug,total_tokens,112,112,112,154,42,1.375,14,6,0,not_identified
day,2026-08-11,current_catalog_text_output,model_permaslug,total_tokens,113,113,113,155,42,1.3716814159292035,14,6,0,not_identified
day,2026-08-11,current_catalog_text_output,model_permaslug,total_tokens,114,114,114,156,42,1.368421052631579,14,6,0,not_identified
day,2026-08-11,current_catalog_text_output,model_permaslug,total_tokens,115,115,115,157,42,1.3652173913043477,14,6,0,not_identified
day,2026-08-11,current_catalog_text_output,model_permaslug,total_tokens,116,116,116,158,42,1.3620689655172413,14,6,0,not_identified
day,2026-08-11,current_catalog_text_output,model_permaslug,total_tokens,117,117,117,160,43,1.3675213675213675,14,6,0,not_identified
day,2026-08-11,current_catalog_text_output,model_permaslug,total_tokens,118,118,118,161,43,1.3644067796610169,14,6,0,not_identified
day,2026-08-11,current_catalog_text_output,model_permaslug,total_tokens,119,119,119,163,44,1.3697478991596639,14,6,0,not_identified
day,2026-08-11,current_catalog_text_output,model_permaslug,total_tokens,120,120,120,165,45,1.375,14,6,0,not_identified
day,2026-08-11,current_catalog_text_output,model_permaslug,total_tokens,121,121,121,166,45,1.371900826446281,14,6,0,not_identified
day,2026-08-11,current_catalog_text_output,model_permaslug,total_tokens,122,122,122,167,45,1.3688524590163935,14,6,0,not_identified
day,2026-08-11,current_catalog_text_output,model_permaslug,total_tokens,123,123,123,168,45,1.3658536585365855,14,6,0,not_identified
day,2026-08-11,current_catalog_text_output,model_permaslug,total_tokens,124,124,124,169,45,1.3629032258064515,14,6,0,not_identified
day,2026-08-11,current_catalog_text_output,model_permaslug,total_tokens,125,125,125,170,45,1.36,14,7,0,not_identified
day,2026-08-11,current_catalog_text_output,model_permaslug,total_tokens,126,126,126,171,45,1.3571428571428572,14,7,0,not_identified
day,2026-08-11,current_catalog_text_output,model_permaslug,total_tokens,127,127,127,172,45,1.3543307086614174,14,7,0,not_identified
day,2026-08-11,current_catalog_text_output,model_permaslug,total_tokens,128,128,128,174,46,1.359375,14,7,0,not_identified
day,2026-08-11,current_catalog_text_output,model_permaslug,total_tokens,129,129,129,175,46,1.3565891472868217,14,7,0,not_identified
day,2026-08-11,current_catalog_text_output,model_permaslug,total_tokens,130,130,130,176,46,1.353846153846154,14,7,0,not_identified
day,2026-08-11,current_catalog_text_output,model_permaslug,total_tokens,131,131,131,177,46,1.3511450381679388,14,7,0,not_identified
day,2026-08-11,current_catalog_text_output,model_permaslug,total_tokens,132,132,132,178,46,1.3484848484848484,14,7,0,not_identified
day,2026-08-11,current_catalog_text_output,model_permaslug,total_tokens,133,133,133,179,46,1.3458646616541354,14,7,0,not_identified
day,2026-08-11,current_catalog_text_output,model_permaslug,total_tokens,134,134,134,180,46,1.3432835820895523,14,7,0,not_identified
day,2026-08-11,current_catalog_text_output,model_permaslug,total_tokens,135,135,135,182,47,1.348148148148148,14,7,0,not_identified
day,2026-08-11,current_catalog_text_output,model_permaslug,total_tokens,136,136,136,183,47,1.3455882352941178,14,7,0,not_identified
day,2026-08-11,current_catalog_text_output,model_permaslug,total_tokens,137,137,137,184,47,1.3430656934306568,14,7,0,not_identified
day,2026-08-11,current_catalog_text_output,model_permaslug,total_tokens,138,138,138,185,47,1.3405797101449275,14,7,0,not_identified
day,2026-08-11,current_catalog_text_output,model_permaslug,total_tokens,139,139,139,186,47,1.3381294964028776,14,7,0,not_identified
day,2026-08-11,current_catalog_text_output,model_permaslug,total_tokens,140,140,140,187,47,1.3357142857142856,14,7,0,not_identified
day,2026-08-11,current_catalog_text_output,model_permaslug,total_tokens,141,141,141,188,47,1.3333333333333333,14,7,0,not_identified
day,2026-08-11,current_catalog_text_output,model_permaslug,total_tokens,142,142,142,189,47,1.3309859154929577,14,7,0,not_identified
day,2026-08-11,current_catalog_text_output,model_permaslug,total_tokens,143,143,143,190,47,1.3286713286713288,14,7,0,not_identified
day,2026-08-11,current_catalog_text_output,model_permaslug,total_tokens,144,144,144,191,47,1.3263888888888888,14,7,0,not_identified
day,2026-08-11,current_catalog_text_output,model_permaslug,total_tokens,145,145,145,192,47,1.3241379310344827,14,7,0,not_identified
day,2026-08-11,current_catalog_text_output,model_permaslug,total_tokens,146,146,146,193,47,1.321917808219178,14,7,0,not_identified
day,2026-08-11,current_catalog_text_output,model_permaslug,total_tokens,147,147,147,194,47,1.3197278911564625,14,7,0,not_identified
day,2026-08-11,current_catalog_text_output,model_permaslug,total_tokens,148,148,148,195,47,1.3175675675675675,14,7,0,not_identified
day,2026-08-11,current_catalog_text_output,model_permaslug,total_tokens,149,149,149,196,47,1.3154362416107384,14,7,0,not_identified
day,2026-08-11,current_catalog_text_output,model_permaslug,total_tokens,150,150,150,197,47,1.3133333333333332,14,7,0,not_identified
day,2026-08-11,current_catalog_text_output,model_permaslug,total_tokens,151,151,151,198,47,1.3112582781456954,14,7,0,not_identified
day,2026-08-11,current_catalog_text_output,model_permaslug,total_tokens,152,152,152,199,47,1.3092105263157894,14,8,0,not_identified
day,2026-08-11,current_catalog_text_output,model_permaslug,total_tokens,153,153,153,200,47,1.3071895424836601,14,8,0,not_identified
day,2026-08-11,current_catalog_text_output,model_permaslug,total_tokens,154,154,154,201,47,1.3051948051948052,14,8,0,not_identified
day,2026-08-11,current_catalog_text_output,model_permaslug,total_tokens,155,155,155,202,47,1.303225806451613,14,8,0,not_identified
day,2026-08-11,current_catalog_text_output,model_permaslug,total_tokens,156,156,156,203,47,1.3012820512820513,14,8,0,not_identified
day,2026-08-11,current_catalog_text_output,model_permaslug,total_tokens,157,157,157,204,47,1.2993630573248407,14,8,0,not_identified
day,2026-08-11,current_catalog_text_output,model_permaslug,total_tokens,158,158,158,205,47,1.2974683544303798,14,8,0,not_identified
day,2026-08-11,current_catalog_text_output,model_permaslug,total_tokens,159,159,159,206,47,1.2955974842767295,14,8,0,not_identified
day,2026-08-11,current_catalog_text_output,model_permaslug,total_tokens,160,160,160,207,47,1.29375,14,8,0,not_identified
day,2026-08-11,current_catalog_text_output,model_permaslug,total_tokens,161,161,161,208,47,1.2919254658385093,14,8,0,not_identified
day,2026-08-11,current_catalog_text_output,model_permaslug,total_tokens,162,162,162,209,47,1.2901234567901234,14,8,0,not_identified
day,2026-08-11,current_catalog_text_output,model_permaslug,total_tokens,163,163,163,210,47,1.2883435582822085,14,8,0,not_identified
day,2026-08-11,current_catalog_text_output,model_permaslug,total_tokens,164,164,164,211,47,1.2865853658536586,14,8,0,not_identified
day,2026-08-11,current_catalog_text_output,model_permaslug,total_tokens,165,165,165,212,47,1.284848484848485,14,8,0,not_identified
day,2026-08-11,current_catalog_text_output,model_permaslug,total_tokens,166,166,166,213,47,1.283132530120482,14,8,0,not_identified
day,2026-08-11,current_catalog_text_output,model_permaslug,total_tokens,167,167,167,214,47,1.281437125748503,14,8,0,not_identified
day,2026-08-11,current_catalog_text_output,model_permaslug,total_tokens,168,168,168,215,47,1.2797619047619047,14,8,0,not_identified
day,2026-08-11,current_catalog_text_output,model_permaslug,total_tokens,169,169,169,216,47,1.2781065088757397,14,8,0,not_identified
day,2026-08-11,current_catalog_text_output,model_permaslug,total_tokens,170,170,170,217,47,1.276470588235294,14,8,0,not_identified
day,2026-08-11,current_catalog_text_output,model_permaslug,total_tokens,171,171,171,218,47,1.2748538011695907,14,8,0,not_identified
day,2026-08-11,current_catalog_text_output,model_permaslug,total_tokens,172,172,172,219,47,1.2732558139534884,14,8,0,not_identified
day,2026-08-11,current_catalog_text_output,model_permaslug,total_tokens,173,173,173,220,47,1.2716763005780347,14,8,0,not_identified
day,2026-08-11,current_catalog_text_output,model_permaslug,total_tokens,174,174,174,221,47,1.2701149425287357,14,8,0,not_identified
day,2026-08-11,current_catalog_text_output,model_permaslug,total_tokens,175,175,175,222,47,1.2685714285714285,14,8,0,not_identified
day,2026-08-11,current_catalog_text_output,model_permaslug,total_tokens,176,176,176,223,47,1.2670454545454546,14,8,0,not_identified
day,2026-08-11,current_catalog_text_output,model_permaslug,total_tokens,177,177,177,224,47,1.265536723163842,14,8,0,not_identified
day,2026-08-11,current_catalog_text_output,model_permaslug,total_tokens,178,178,178,225,47,1.2640449438202248,14,8,0,not_identified
day,2026-08-11,current_catalog_text_output,model_permaslug,total_tokens,179,179,179,226,47,1.2625698324022345,14,8,0,not_identified
day,2026-08-11,current_catalog_text_output,model_permaslug,total_tokens,180,180,180,227,47,1.261111111111111,14,8,0,not_identified
day,2026-08-11,current_catalog_text_output,model_permaslug,total_tokens,181,181,181,228,47,1.2596685082872927,14,8,0,not_identified
day,2026-08-11,current_catalog_text_output,model_permaslug,total_tokens,182,182,182,229,47,1.2582417582417582,14,8,0,not_identified
day,2026-08-11,current_catalog_text_output,model_permaslug,total_tokens,183,183,183,230,47,1.2568306010928962,14,8,0,not_identified
day,2026-08-11,current_catalog_text_output,model_permaslug,total_tokens,184,184,184,231,47,1.2554347826086956,14,8,0,not_identified
day,2026-08-11,current_catalog_text_output,model_permaslug,total_tokens,185,185,185,232,47,1.2540540540540541,14,8,0,not_identified
day,2026-08-11,current_catalog_text_output,model_permaslug,total_tokens,186,186,186,233,47,1.2526881720430108,14,8,0,not_identified
day,2026-08-11,current_catalog_text_output,model_permaslug,total_tokens,187,187,187,234,47,1.2513368983957218,14,8,0,not_identified
day,2026-08-11,current_catalog_text_output,model_permaslug,total_tokens,188,188,188,235,47,1.25,14,8,0,not_identified
day,2026-08-11,current_catalog_text_output,model_permaslug,total_tokens,189,189,189,236,47,1.2486772486772486,14,8,0,not_identified
day,2026-08-11,current_catalog_text_output,model_permaslug,total_tokens,190,190,190,237,47,1.2473684210526317,14,8,0,not_identified
day,2026-08-11,current_catalog_text_output,model_permaslug,total_tokens,191,191,191,238,47,1.2460732984293195,14,8,0,not_identified
day,2026-08-11,current_catalog_text_output,model_permaslug,total_tokens,192,192,192,239,47,1.2447916666666667,14,8,0,not_identified
day,2026-08-11,current_catalog_text_output,model_permaslug,total_tokens,193,193,193,240,47,1.2435233160621761,14,9,0,not_identified
day,2026-08-11,current_catalog_text_output,model_permaslug,total_tokens,194,194,194,241,47,1.2422680412371134,14,9,0,not_identified
day,2026-08-11,current_catalog_text_output,model_permaslug,total_tokens,195,195,195,242,47,1.241025641025641,14,9,0,not_identified
day,2026-08-11,current_catalog_text_output,model_permaslug,total_tokens,196,196,196,243,47,1.239795918367347,14,9,0,not_identified
day,2026-08-11,current_catalog_text_output,model_permaslug,total_tokens,197,197,197,244,47,1.2385786802030456,14,9,0,not_identified
day,2026-08-11,current_catalog_text_output,model_permaslug,total_tokens,198,198,198,245,47,1.2373737373737375,14,9,0,not_identified
day,2026-08-11,current_catalog_text_output,model_permaslug,total_tokens,199,199,199,246,47,1.236180904522613,14,9,0,not_identified
day,2026-08-11,current_catalog_text_output,model_permaslug,total_tokens,200,200,200,247,47,1.235,14,9,0,not_identified
day,2026-08-11,current_catalog_text_output,model_permaslug,total_tokens,201,201,201,248,47,1.2338308457711442,14,9,0,not_identified
day,2026-08-11,current_catalog_text_output,model_permaslug,total_tokens,202,202,202,249,47,1.2326732673267327,14,9,0,not_identified
day,2026-08-11,current_catalog_text_output,model_permaslug,total_tokens,203,203,203,250,47,1.2315270935960592,14,9,0,not_identified
day,2026-08-11,current_catalog_text_output,model_permaslug,total_tokens,204,204,204,251,47,1.2303921568627452,14,9,0,not_identified
day,2026-08-11,current_catalog_text_output,model_permaslug,total_tokens,205,205,205,252,47,1.2292682926829268,14,9,0,not_identified
day,2026-08-11,current_catalog_text_output,model_permaslug,total_tokens,206,206,206,253,47,1.2281553398058251,14,9,0,not_identified
day,2026-08-11,current_catalog_text_output,model_permaslug,total_tokens,207,207,207,254,47,1.2270531400966183,14,9,0,not_identified
day,2026-08-11,current_catalog_text_output,model_permaslug,total_tokens,208,208,208,255,47,1.2259615384615385,14,9,0,not_identified
day,2026-08-11,current_catalog_text_output,model_permaslug,total_tokens,209,209,209,256,47,1.2248803827751196,14,9,0,not_identified
day,2026-08-11,current_catalog_text_output,model_permaslug,total_tokens,210,210,210,257,47,1.223809523809524,14,9,0,not_identified
day,2026-08-11,current_catalog_text_output,model_permaslug,total_tokens,211,211,211,258,47,1.2227488151658767,14,9,0,not_identified
day,2026-08-11,current_catalog_text_output,model_permaslug,total_tokens,212,212,212,259,47,1.221698113207547,14,9,0,not_identified
day,2026-08-11,current_catalog_text_output,model_permaslug,total_tokens,213,213,213,260,47,1.2206572769953052,14,9,0,not_identified
day,2026-08-11,current_catalog_text_output,model_permaslug,total_tokens,214,214,214,261,47,1.219626168224299,14,9,0,not_identified
day,2026-08-11,current_catalog_text_output,model_permaslug,total_tokens,215,215,215,262,47,1.2186046511627906,14,9,0,not_identified
day,2026-08-11,current_catalog_text_output,model_permaslug,total_tokens,216,216,216,263,47,1.2175925925925926,14,9,0,not_identified
day,2026-08-11,current_catalog_text_output,model_permaslug,total_tokens,217,217,217,264,47,1.2165898617511521,14,9,0,not_identified
day,2026-08-11,current_catalog_text_output,model_permaslug,total_tokens,218,218,218,266,48,1.2201834862385321,14,9,0,not_identified
day,2026-08-11,current_catalog_text_output,model_permaslug,total_tokens,219,219,219,267,48,1.2191780821917808,14,9,0,not_identified
day,2026-08-11,current_catalog_text_output,model_permaslug,total_tokens,220,220,220,268,48,1.2181818181818183,14,9,0,not_identified
day,2026-08-11,current_catalog_text_output,model_permaslug,total_tokens,221,221,221,270,49,1.2217194570135748,14,9,0,not_identified
day,2026-08-11,current_catalog_text_output,model_permaslug,total_tokens,222,222,222,271,49,1.2207207207207207,14,9,0,not_identified
day,2026-08-11,current_catalog_text_output,model_permaslug,total_tokens,223,223,223,272,49,1.2197309417040358,14,9,0,not_identified
day,2026-08-11,current_catalog_text_output,model_permaslug,total_tokens,224,224,224,273,49,1.21875,14,9,0,not_identified
day,2026-08-11,current_catalog_text_output,model_permaslug,total_tokens,225,225,225,274,49,1.2177777777777778,14,9,0,not_identified
day,2026-08-11,current_catalog_text_output,model_permaslug,total_tokens,226,226,226,275,49,1.2168141592920354,14,9,0,not_identified
day,2026-08-11,current_catalog_text_output,model_permaslug,total_tokens,227,227,227,276,49,1.2158590308370043,15,9,0,not_identified
day,2026-08-11,current_catalog_text_output,model_permaslug,total_tokens,228,228,228,277,49,1.2149122807017543,15,9,0,not_identified
day,2026-08-11,current_catalog_text_output,model_permaslug,total_tokens,229,229,229,278,49,1.2139737991266375,15,9,0,not_identified
day,2026-08-11,current_catalog_text_output,model_permaslug,total_tokens,230,230,230,279,49,1.2130434782608697,15,9,0,not_identified
day,2026-08-11,current_catalog_text_output,model_permaslug,total_tokens,231,231,231,280,49,1.2121212121212122,15,10,0,not_identified
day,2026-08-11,current_catalog_text_output,model_permaslug,total_tokens,232,232,232,281,49,1.2112068965517242,15,10,0,not_identified
day,2026-08-11,current_catalog_text_output,model_permaslug,total_tokens,233,233,233,282,49,1.2103004291845494,15,10,0,not_identified
day,2026-08-11,current_catalog_text_output,model_permaslug,total_tokens,234,234,234,283,49,1.2094017094017093,15,11,0,not_identified
day,2026-08-11,current_catalog_text_output,model_permaslug,total_tokens,235,235,235,284,49,1.2085106382978723,15,11,0,not_identified
day,2026-08-11,current_catalog_text_output,model_permaslug,total_tokens,236,236,236,285,49,1.2076271186440677,15,11,0,not_identified
day,2026-08-11,current_catalog_text_output,model_permaslug,total_tokens,237,237,237,286,49,1.2067510548523206,15,11,0,not_identified
day,2026-08-11,current_catalog_text_output,model_permaslug,total_tokens,238,238,238,287,49,1.2058823529411764,15,11,0,not_identified
day,2026-08-11,current_catalog_text_output,model_permaslug,total_tokens,239,239,239,288,49,1.205020920502092,15,11,0,not_identified
day,2026-08-11,current_catalog_text_output,model_permaslug,total_tokens,240,240,240,289,49,1.2041666666666666,15,11,0,not_identified
day,2026-08-11,current_catalog_text_output,model_permaslug,total_tokens,241,241,241,290,49,1.2033195020746887,15,11,0,not_identified
day,2026-08-11,current_catalog_text_output,model_permaslug,total_tokens,242,242,242,291,49,1.2024793388429753,15,11,0,not_identified
day,2026-08-11,current_catalog_text_output,model_permaslug,total_tokens,243,243,243,293,50,1.205761316872428,15,11,0,not_identified
day,2026-08-11,current_catalog_text_output,model_permaslug,total_tokens,244,244,244,294,50,1.2049180327868851,15,11,0,not_identified
day,2026-08-11,current_catalog_text_output,model_permaslug,total_tokens,245,245,245,295,50,1.2040816326530612,15,11,0,not_identified
day,2026-08-11,current_catalog_text_output,model_permaslug,total_tokens,246,246,246,296,50,1.2032520325203253,15,11,0,not_identified
day,2026-08-11,current_catalog_text_output,model_permaslug,total_tokens,247,247,247,297,50,1.2024291497975708,15,11,0,not_identified
day,2026-08-11,current_catalog_text_output,model_permaslug,total_tokens,248,248,248,298,50,1.2016129032258065,15,11,0,not_identified
day,2026-08-11,current_catalog_text_output,model_permaslug,total_tokens,249,249,249,299,50,1.2008032128514057,15,11,0,not_identified
day,2026-08-11,current_catalog_text_output,model_permaslug,total_tokens,250,250,250,300,50,1.2,15,11,0,not_identified
day,2026-08-11,current_catalog_text_output,model_permaslug,total_tokens,251,251,251,301,50,1.199203187250996,15,11,0,not_identified
day,2026-08-11,current_catalog_text_output,model_permaslug,total_tokens,252,252,252,302,50,1.1984126984126984,15,11,0,not_identified
day,2026-08-11,current_catalog_text_output,model_permaslug,total_tokens,253,253,253,303,50,1.1976284584980237,15,11,0,not_identified
day,2026-08-11,current_catalog_text_output,model_permaslug,total_tokens,254,254,254,304,50,1.1968503937007875,15,11,0,not_identified
day,2026-08-11,current_catalog_text_output,model_permaslug,total_tokens,255,255,255,305,50,1.196078431372549,15,11,0,not_identified
day,2026-08-11,current_catalog_text_output,model_permaslug,total_tokens,256,256,256,306,50,1.1953125,15,11,0,not_identified
day,2026-08-11,current_catalog_text_output,model_permaslug,total_tokens,257,257,257,307,50,1.1945525291828794,15,11,0,not_identified
day,2026-08-11,current_catalog_text_output,model_permaslug,total_tokens,258,258,258,308,50,1.193798449612403,15,11,0,not_identified
day,2026-08-11,current_catalog_text_output,model_permaslug,total_tokens,259,259,259,309,50,1.193050193050193,15,11,0,not_identified
day,2026-08-11,current_catalog_text_output,model_permaslug,total_tokens,260,260,260,310,50,1.1923076923076923,15,12,0,not_identified
day,2026-08-11,current_catalog_text_output,model_permaslug,total_tokens,261,261,261,311,50,1.1915708812260537,15,12,0,not_identified
day,2026-08-11,current_catalog_text_output,model_permaslug,total_tokens,262,262,262,312,50,1.1908396946564885,15,12,0,not_identified
day,2026-08-11,current_catalog_text_output,model_permaslug,total_tokens,263,263,263,313,50,1.1901140684410647,15,12,0,not_identified
day,2026-08-11,current_catalog_text_output,model_permaslug,total_tokens,264,264,264,315,51,1.1931818181818181,15,12,0,not_identified
day,2026-08-11,current_catalog_text_output,model_permaslug,total_tokens,265,265,265,316,51,1.1924528301886792,15,12,0,not_identified
day,2026-08-11,current_catalog_text_output,model_permaslug,total_tokens,266,266,266,317,51,1.1917293233082706,15,12,0,not_identified
day,2026-08-11,current_catalog_text_output,model_permaslug,total_tokens,267,267,267,318,51,1.1910112359550562,15,12,0,not_identified
day,2026-08-11,current_catalog_text_output,model_permaslug,total_tokens,268,268,268,319,51,1.1902985074626866,15,12,0,not_identified
day,2026-08-11,current_catalog_text_output,model_permaslug,total_tokens,269,269,269,320,51,1.1895910780669146,15,12,0,not_identified
day,2026-08-11,current_catalog_text_output,model_permaslug,total_tokens,270,270,270,321,51,1.1888888888888889,15,12,0,not_identified
day,2026-08-11,current_catalog_text_output,model_permaslug,total_tokens,271,271,271,322,51,1.188191881918819,15,12,0,not_identified
day,2026-08-11,current_catalog_text_output,model_permaslug,total_tokens,272,272,272,323,51,1.1875,15,12,0,not_identified
day,2026-08-11,current_catalog_text_output,model_permaslug,total_tokens,273,273,273,324,51,1.1868131868131868,15,12,0,not_identified
day,2026-08-11,current_catalog_text_output,model_permaslug,total_tokens,274,274,274,325,51,1.186131386861314,15,12,0,not_identified
day,2026-08-11,current_catalog_text_output,model_permaslug,total_tokens,275,275,275,326,51,1.1854545454545455,15,12,0,not_identified
day,2026-08-11,current_catalog_text_output,model_permaslug,total_tokens,276,276,276,327,51,1.184782608695652,15,12,0,not_identified
day,2026-08-11,current_catalog_text_output,model_permaslug,total_tokens,277,277,277,328,51,1.184115523465704,15,12,0,not_identified
day,2026-08-11,current_catalog_text_output,model_permaslug,total_tokens,278,278,278,329,51,1.183453237410072,15,13,0,not_identified
day,2026-08-11,current_catalog_text_output,model_permaslug,total_tokens,279,279,279,330,51,1.1827956989247312,15,13,0,not_identified
day,2026-08-11,current_catalog_text_output,model_permaslug,total_tokens,280,280,280,331,51,1.1821428571428572,15,13,0,not_identified
day,2026-08-11,current_catalog_text_output,model_permaslug,total_tokens,281,281,281,332,51,1.1814946619217082,15,13,0,not_identified
day,2026-08-11,current_catalog_text_output,model_permaslug,total_tokens,282,282,282,333,51,1.1808510638297873,15,13,0,not_identified
day,2026-08-11,current_catalog_text_output,model_permaslug,total_tokens,283,283,283,334,51,1.1802120141342756,15,13,0,not_identified
day,2026-08-11,current_catalog_text_output,model_permaslug,total_tokens,284,284,284,335,51,1.1795774647887325,15,13,0,not_identified
day,2026-08-11,current_catalog_text_output,model_permaslug,total_tokens,285,285,285,336,51,1.1789473684210525,15,13,0,not_identified
day,2026-08-11,current_catalog_text_output,model_permaslug,total_tokens,286,286,286,337,51,1.1783216783216783,15,13,0,not_identified
day,2026-08-11,current_catalog_text_output,model_permaslug,total_tokens,287,287,287,338,51,1.1777003484320558,15,13,0,not_identified
day,2026-08-11,current_catalog_text_output,model_permaslug,total_tokens,288,288,288,339,51,1.1770833333333333,15,13,0,not_identified
day,2026-08-11,current_catalog_text_output,model_permaslug,total_tokens,289,289,289,340,51,1.1764705882352942,15,13,0,not_identified
day,2026-08-11,current_catalog_text_output,model_permaslug,total_tokens,290,290,290,341,51,1.1758620689655173,15,13,0,not_identified
day,2026-08-11,current_catalog_text_output,model_permaslug,total_tokens,291,291,291,342,51,1.175257731958763,15,13,0,not_identified
day,2026-08-11,current_catalog_text_output,model_permaslug,total_tokens,292,292,292,343,51,1.1746575342465753,15,13,0,not_identified
day,2026-08-11,current_catalog_text_output,model_permaslug,total_tokens,293,293,293,344,51,1.174061433447099,15,13,0,not_identified
day,2026-08-11,current_catalog_text_output,model_permaslug,total_tokens,294,294,294,345,51,1.1734693877551021,15,13,0,not_identified
day,2026-08-11,current_catalog_text_output,model_permaslug,total_tokens,295,295,295,346,51,1.1728813559322033,15,13,0,not_identified
day,2026-08-11,current_catalog_text_output,model_permaslug,total_tokens,296,296,296,347,51,1.1722972972972974,15,13,0,not_identified
day,2026-08-11,current_catalog_text_output,model_permaslug,total_tokens,297,297,297,348,51,1.1717171717171717,15,13,0,not_identified
day,2026-08-11,current_catalog_text_output,model_permaslug,total_tokens,298,298,298,349,51,1.1711409395973154,15,13,0,not_identified
day,2026-08-11,current_catalog_text_output,model_permaslug,total_tokens,299,299,299,350,51,1.1705685618729098,15,13,0,not_identified
day,2026-08-11,current_catalog_text_output,model_permaslug,total_tokens,300,300,300,351,51,1.17,15,13,0,not_identified
day,2026-08-11,current_catalog_text_output,model_permaslug,total_tokens,301,301,301,352,51,1.169435215946844,15,13,0,not_identified
day,2026-08-11,current_catalog_text_output,model_permaslug,total_tokens,302,302,302,353,51,1.1688741721854305,15,13,0,not_identified
day,2026-08-11,current_catalog_text_output,model_permaslug,total_tokens,303,303,303,354,51,1.1683168316831682,15,13,0,not_identified
day,2026-08-11,current_catalog_text_output,model_permaslug,total_tokens,304,304,304,355,51,1.167763157894737,15,14,0,not_identified
day,2026-08-11,current_catalog_text_output,model_permaslug,total_tokens,305,305,305,356,51,1.1672131147540983,15,14,0,not_identified
day,2026-08-11,current_catalog_text_output,model_permaslug,total_tokens,306,306,306,357,51,1.1666666666666667,15,14,0,not_identified
day,2026-08-11,current_catalog_text_output,model_permaslug,total_tokens,307,307,307,358,51,1.1661237785016287,15,14,0,not_identified
day,2026-08-11,current_catalog_text_output,model_permaslug,total_tokens,308,308,308,359,51,1.1655844155844155,15,14,0,not_identified
day,2026-08-11,current_catalog_text_output,model_permaslug,total_tokens,309,309,309,360,51,1.1650485436893203,15,14,0,not_identified
day,2026-08-11,current_catalog_text_output,model_permaslug,total_tokens,310,310,310,361,51,1.164516129032258,15,14,0,not_identified
day,2026-08-11,current_catalog_text_output,model_permaslug,total_tokens,311,311,311,362,51,1.1639871382636655,15,14,0,not_identified
day,2026-08-11,current_catalog_text_output,model_permaslug,total_tokens,312,312,312,363,51,1.1634615384615385,15,14,0,not_identified
day,2026-08-11,current_catalog_text_output,model_permaslug,total_tokens,313,313,313,364,51,1.1629392971246006,16,14,0,not_identified
day,2026-08-11,current_catalog_text_output,model_permaslug,requests,1,1,1,1,0,1.0,1,1,0,not_identified
day,2026-08-11,current_catalog_text_output,model_permaslug,requests,2,2,2,2,0,1.0,1,1,0,not_identified
day,2026-08-11,current_catalog_text_output,model_permaslug,requests,3,3,3,4,1,1.3333333333333333,2,2,0,not_identified
day,2026-08-11,current_catalog_text_output,model_permaslug,requests,4,4,4,6,2,1.5,3,3,0,not_identified
day,2026-08-11,current_catalog_text_output,model_permaslug,requests,5,5,5,8,3,1.6,4,4,0,not_identified
day,2026-08-11,current_catalog_text_output,model_permaslug,requests,6,6,6,10,4,1.6666666666666667,4,4,0,not_identified
day,2026-08-11,current_catalog_text_output,model_permaslug,requests,7,7,7,11,4,1.5714285714285714,5,4,0,not_identified
day,2026-08-11,current_catalog_text_output,model_permaslug,requests,8,8,8,13,5,1.625,5,4,0,not_identified
day,2026-08-11,current_catalog_text_output,model_permaslug,requests,9,9,9,15,6,1.6666666666666667,5,4,0,not_identified
day,2026-08-11,current_catalog_text_output,model_permaslug,requests,10,10,10,17,7,1.7,5,4,0,not_identified
day,2026-08-11,current_catalog_text_output,model_permaslug,requests,11,11,11,18,7,1.6363636363636365,5,4,0,not_identified
day,2026-08-11,current_catalog_text_output,model_permaslug,requests,12,12,12,19,7,1.5833333333333333,5,4,0,not_identified
day,2026-08-11,current_catalog_text_output,model_permaslug,requests,13,13,13,21,8,1.6153846153846154,5,4,0,not_identified
day,2026-08-11,current_catalog_text_output,model_permaslug,requests,14,14,14,22,8,1.5714285714285714,5,4,0,not_identified
day,2026-08-11,current_catalog_text_output,model_permaslug,requests,15,15,15,24,9,1.6,5,4,0,not_identified
day,2026-08-11,current_catalog_text_output,model_permaslug,requests,16,16,16,25,9,1.5625,6,4,0,not_identified
day,2026-08-11,current_catalog_text_output,model_permaslug,requests,17,17,17,26,9,1.5294117647058822,6,5,0,not_identified
day,2026-08-11,current_catalog_text_output,model_permaslug,requests,18,18,18,27,9,1.5,7,5,0,not_identified
day,2026-08-11,current_catalog_text_output,model_permaslug,requests,19,19,19,28,9,1.4736842105263157,7,5,0,not_identified
day,2026-08-11,current_catalog_text_output,model_permaslug,requests,20,20,20,30,10,1.5,8,5,0,not_identified
day,2026-08-11,current_catalog_text_output,model_permaslug,requests,21,21,21,32,11,1.5238095238095237,8,5,0,not_identified
day,2026-08-11,current_catalog_text_output,model_permaslug,requests,22,22,22,34,12,1.5454545454545454,8,5,0,not_identified
day,2026-08-11,current_catalog_text_output,model_permaslug,requests,23,23,23,36,13,1.565217391304348,8,5,0,not_identified
day,2026-08-11,current_catalog_text_output,model_permaslug,requests,24,24,24,37,13,1.5416666666666667,8,5,0,not_identified
day,2026-08-11,current_catalog_text_output,model_permaslug,requests,25,25,25,39,14,1.56,8,5,0,not_identified
day,2026-08-11,current_catalog_text_output,model_permaslug,requests,26,26,26,41,15,1.5769230769230769,8,5,0,not_identified
day,2026-08-11,current_catalog_text_output,model_permaslug,requests,27,27,27,42,15,1.5555555555555556,8,6,0,not_identified
day,2026-08-11,current_catalog_text_output,model_permaslug,requests,28,28,28,43,15,1.5357142857142858,9,6,0,not_identified
day,2026-08-11,current_catalog_text_output,model_permaslug,requests,29,29,29,44,15,1.5172413793103448,9,6,0,not_identified
day,2026-08-11,current_catalog_text_output,model_permaslug,requests,30,30,30,46,16,1.5333333333333334,9,6,0,not_identified
day,2026-08-11,current_catalog_text_output,model_permaslug,requests,31,31,31,47,16,1.5161290322580645,9,6,0,not_identified
day,2026-08-11,current_catalog_text_output,model_permaslug,requests,32,32,32,48,16,1.5,9,6,0,not_identified
day,2026-08-11,current_catalog_text_output,model_permaslug,requests,33,33,33,50,17,1.5151515151515151,9,6,0,not_identified
day,2026-08-11,current_catalog_text_output,model_permaslug,requests,34,34,34,52,18,1.5294117647058822,9,6,0,not_identified
day,2026-08-11,current_catalog_text_output,model_permaslug,requests,35,35,35,54,19,1.542857142857143,9,6,0,not_identified
day,2026-08-11,current_catalog_text_output,model_permaslug,requests,36,36,36,55,19,1.5277777777777777,9,6,0,not_identified
day,2026-08-11,current_catalog_text_output,model_permaslug,requests,37,37,37,56,19,1.5135135135135136,9,6,0,not_identified
day,2026-08-11,current_catalog_text_output,model_permaslug,requests,38,38,38,58,20,1.5263157894736843,9,6,0,not_identified
day,2026-08-11,current_catalog_text_output,model_permaslug,requests,39,39,39,59,20,1.5128205128205128,10,6,0,not_identified
day,2026-08-11,current_catalog_text_output,model_permaslug,requests,40,40,40,60,20,1.5,10,6,0,not_identified
day,2026-08-11,current_catalog_text_output,model_permaslug,requests,41,41,41,62,21,1.5121951219512195,10,6,0,not_identified
day,2026-08-11,current_catalog_text_output,model_permaslug,requests,42,42,42,64,22,1.5238095238095237,10,6,0,not_identified
day,2026-08-11,current_catalog_text_output,model_permaslug,requests,43,43,43,65,22,1.5116279069767442,11,6,0,not_identified
day,2026-08-11,current_catalog_text_output,model_permaslug,requests,44,44,44,66,22,1.5,11,6,0,not_identified
day,2026-08-11,current_catalog_text_output,model_permaslug,requests,45,45,45,67,22,1.488888888888889,11,6,0,not_identified
day,2026-08-11,current_catalog_text_output,model_permaslug,requests,46,46,46,69,23,1.5,11,6,0,not_identified
day,2026-08-11,current_catalog_text_output,model_permaslug,requests,47,47,47,71,24,1.5106382978723405,11,6,0,not_identified
day,2026-08-11,current_catalog_text_output,model_permaslug,requests,48,48,48,72,24,1.5,11,6,0,not_identified
day,2026-08-11,current_catalog_text_output,model_permaslug,requests,49,49,49,74,25,1.510204081632653,11,6,0,not_identified
day,2026-08-11,current_catalog_text_output,model_permaslug,requests,50,50,50,75,25,1.5,11,6,0,not_identified
day,2026-08-11,current_catalog_text_output,model_permaslug,requests,51,51,51,77,26,1.5098039215686274,11,6,0,not_identified
day,2026-08-11,current_catalog_text_output,model_permaslug,requests,52,52,52,78,26,1.5,11,6,0,not_identified
day,2026-08-11,current_catalog_text_output,model_permaslug,requests,53,53,53,79,26,1.490566037735849,11,6,0,not_identified
day,2026-08-11,current_catalog_text_output,model_permaslug,requests,54,54,54,80,26,1.4814814814814814,11,6,0,not_identified
day,2026-08-11,current_catalog_text_output,model_permaslug,requests,55,55,55,81,26,1.4727272727272727,11,6,0,not_identified
day,2026-08-11,current_catalog_text_output,model_permaslug,requests,56,56,56,82,26,1.4642857142857142,12,6,0,not_identified
day,2026-08-11,current_catalog_text_output,model_permaslug,requests,57,57,57,83,26,1.456140350877193,12,6,0,not_identified
day,2026-08-11,current_catalog_text_output,model_permaslug,requests,58,58,58,84,26,1.4482758620689655,13,6,0,not_identified
day,2026-08-11,current_catalog_text_output,model_permaslug,requests,59,59,59,86,27,1.4576271186440677,13,6,0,not_identified
day,2026-08-11,current_catalog_text_output,model_permaslug,requests,60,60,60,88,28,1.4666666666666666,13,6,0,not_identified
day,2026-08-11,current_catalog_text_output,model_permaslug,requests,61,61,61,89,28,1.459016393442623,13,6,0,not_identified
day,2026-08-11,current_catalog_text_output,model_permaslug,requests,62,62,62,90,28,1.4516129032258065,13,6,0,not_identified
day,2026-08-11,current_catalog_text_output,model_permaslug,requests,63,63,63,91,28,1.4444444444444444,13,6,0,not_identified
day,2026-08-11,current_catalog_text_output,model_permaslug,requests,64,64,64,92,28,1.4375,13,6,0,not_identified
day,2026-08-11,current_catalog_text_output,model_permaslug,requests,65,65,65,93,28,1.4307692307692308,13,6,0,not_identified
day,2026-08-11,current_catalog_text_output,model_permaslug,requests,66,66,66,94,28,1.4242424242424243,13,6,0,not_identified
day,2026-08-11,current_catalog_text_output,model_permaslug,requests,67,67,67,95,28,1.4179104477611941,13,6,0,not_identified
day,2026-08-11,current_catalog_text_output,model_permaslug,requests,68,68,68,97,29,1.4264705882352942,13,6,0,not_identified
day,2026-08-11,current_catalog_text_output,model_permaslug,requests,69,69,69,98,29,1.4202898550724639,13,6,0,not_identified
day,2026-08-11,current_catalog_text_output,model_permaslug,requests,70,70,70,99,29,1.4142857142857144,13,6,0,not_identified
day,2026-08-11,current_catalog_text_output,model_permaslug,requests,71,71,71,100,29,1.408450704225352,13,6,0,not_identified
day,2026-08-11,current_catalog_text_output,model_permaslug,requests,72,72,72,101,29,1.4027777777777777,13,6,0,not_identified
day,2026-08-11,current_catalog_text_output,model_permaslug,requests,73,73,73,103,30,1.4109589041095891,13,6,0,not_identified
day,2026-08-11,current_catalog_text_output,model_permaslug,requests,74,74,74,105,31,1.4189189189189189,13,6,0,not_identified
day,2026-08-11,current_catalog_text_output,model_permaslug,requests,75,75,75,107,32,1.4266666666666667,13,6,0,not_identified
day,2026-08-11,current_catalog_text_output,model_permaslug,requests,76,76,76,108,32,1.4210526315789473,13,6,0,not_identified
day,2026-08-11,current_catalog_text_output,model_permaslug,requests,77,77,77,109,32,1.4155844155844155,13,6,0,not_identified
day,2026-08-11,current_catalog_text_output,model_permaslug,requests,78,78,78,111,33,1.4230769230769231,13,6,0,not_identified
day,2026-08-11,current_catalog_text_output,model_permaslug,requests,79,79,79,112,33,1.4177215189873418,13,6,0,not_identified
day,2026-08-11,current_catalog_text_output,model_permaslug,requests,80,80,80,113,33,1.4125,13,6,0,not_identified
day,2026-08-11,current_catalog_text_output,model_permaslug,requests,81,81,81,115,34,1.4197530864197532,13,6,0,not_identified
day,2026-08-11,current_catalog_text_output,model_permaslug,requests,82,82,82,116,34,1.4146341463414633,13,6,0,not_identified
day,2026-08-11,current_catalog_text_output,model_permaslug,requests,83,83,83,117,34,1.4096385542168675,13,6,0,not_identified
day,2026-08-11,current_catalog_text_output,model_permaslug,requests,84,84,84,118,34,1.4047619047619047,13,6,0,not_identified
day,2026-08-11,current_catalog_text_output,model_permaslug,requests,85,85,85,120,35,1.411764705882353,13,6,0,not_identified
day,2026-08-11,current_catalog_text_output,model_permaslug,requests,86,86,86,122,36,1.4186046511627908,14,6,0,not_identified
day,2026-08-11,current_catalog_text_output,model_permaslug,requests,87,87,87,123,36,1.4137931034482758,14,6,0,not_identified
day,2026-08-11,current_catalog_text_output,model_permaslug,requests,88,88,88,124,36,1.4090909090909092,14,6,0,not_identified
day,2026-08-11,current_catalog_text_output,model_permaslug,requests,89,89,89,125,36,1.404494382022472,14,6,0,not_identified
day,2026-08-11,current_catalog_text_output,model_permaslug,requests,90,90,90,126,36,1.4,14,6,0,not_identified
day,2026-08-11,current_catalog_text_output,model_permaslug,requests,91,91,91,127,36,1.3956043956043955,14,6,0,not_identified
day,2026-08-11,current_catalog_text_output,model_permaslug,requests,92,92,92,128,36,1.391304347826087,14,6,0,not_identified
day,2026-08-11,current_catalog_text_output,model_permaslug,requests,93,93,93,129,36,1.3870967741935485,14,6,0,not_identified
day,2026-08-11,current_catalog_text_output,model_permaslug,requests,94,94,94,130,36,1.3829787234042554,14,6,0,not_identified
day,2026-08-11,current_catalog_text_output,model_permaslug,requests,95,95,95,131,36,1.3789473684210527,14,6,0,not_identified
day,2026-08-11,current_catalog_text_output,model_permaslug,requests,96,96,96,133,37,1.3854166666666667,14,6,0,not_identified
day,2026-08-11,current_catalog_text_output,model_permaslug,requests,97,97,97,134,37,1.3814432989690721,14,6,0,not_identified
day,2026-08-11,current_catalog_text_output,model_permaslug,requests,98,98,98,135,37,1.3775510204081634,14,6,0,not_identified
day,2026-08-11,current_catalog_text_output,model_permaslug,requests,99,99,99,136,37,1.3737373737373737,14,6,0,not_identified
day,2026-08-11,current_catalog_text_output,model_permaslug,requests,100,100,100,137,37,1.37,14,6,0,not_identified
day,2026-08-11,current_catalog_text_output,model_permaslug,requests,101,101,101,138,37,1.3663366336633664,14,6,0,not_identified
day,2026-08-11,current_catalog_text_output,model_permaslug,requests,102,102,102,140,38,1.3725490196078431,14,6,0,not_identified
day,2026-08-11,current_catalog_text_output,model_permaslug,requests,103,103,103,141,38,1.3689320388349515,14,6,0,not_identified
day,2026-08-11,current_catalog_text_output,model_permaslug,requests,104,104,104,142,38,1.3653846153846154,14,6,0,not_identified
day,2026-08-11,current_catalog_text_output,model_permaslug,requests,105,105,105,143,38,1.361904761904762,14,6,0,not_identified
day,2026-08-11,current_catalog_text_output,model_permaslug,requests,106,106,106,144,38,1.3584905660377358,14,6,0,not_identified
day,2026-08-11,current_catalog_text_output,model_permaslug,requests,107,107,107,145,38,1.355140186915888,14,6,0,not_identified
day,2026-08-11,current_catalog_text_output,model_permaslug,requests,108,108,108,146,38,1.3518518518518519,14,6,0,not_identified
day,2026-08-11,current_catalog_text_output,model_permaslug,requests,109,109,109,147,38,1.348623853211009,14,6,0,not_identified
day,2026-08-11,current_catalog_text_output,model_permaslug,requests,110,110,110,149,39,1.3545454545454545,14,6,0,not_identified
day,2026-08-11,current_catalog_text_output,model_permaslug,requests,111,111,111,150,39,1.3513513513513513,14,6,0,not_identified
day,2026-08-11,current_catalog_text_output,model_permaslug,requests,112,112,112,151,39,1.3482142857142858,14,6,0,not_identified
day,2026-08-11,current_catalog_text_output,model_permaslug,requests,113,113,113,152,39,1.345132743362832,14,6,0,not_identified
day,2026-08-11,current_catalog_text_output,model_permaslug,requests,114,114,114,153,39,1.3421052631578947,14,6,0,not_identified
day,2026-08-11,current_catalog_text_output,model_permaslug,requests,115,115,115,154,39,1.3391304347826087,14,6,0,not_identified
day,2026-08-11,current_catalog_text_output,model_permaslug,requests,116,116,116,155,39,1.3362068965517242,14,6,0,not_identified
day,2026-08-11,current_catalog_text_output,model_permaslug,requests,117,117,117,156,39,1.3333333333333333,14,6,0,not_identified
day,2026-08-11,current_catalog_text_output,model_permaslug,requests,118,118,118,157,39,1.3305084745762712,14,6,0,not_identified
day,2026-08-11,current_catalog_text_output,model_permaslug,requests,119,119,119,159,40,1.3361344537815125,14,6,0,not_identified
day,2026-08-11,current_catalog_text_output,model_permaslug,requests,120,120,120,161,41,1.3416666666666666,14,6,0,not_identified
day,2026-08-11,current_catalog_text_output,model_permaslug,requests,121,121,121,162,41,1.3388429752066116,14,6,0,not_identified
day,2026-08-11,current_catalog_text_output,model_permaslug,requests,122,122,122,163,41,1.3360655737704918,14,6,0,not_identified
day,2026-08-11,current_catalog_text_output,model_permaslug,requests,123,123,123,164,41,1.3333333333333333,14,6,0,not_identified
day,2026-08-11,current_catalog_text_output,model_permaslug,requests,124,124,124,165,41,1.3306451612903225,14,6,0,not_identified
day,2026-08-11,current_catalog_text_output,model_permaslug,requests,125,125,125,166,41,1.328,14,6,0,not_identified
day,2026-08-11,current_catalog_text_output,model_permaslug,requests,126,126,126,167,41,1.3253968253968254,14,7,0,not_identified
day,2026-08-11,current_catalog_text_output,model_permaslug,requests,127,127,127,168,41,1.3228346456692914,14,7,0,not_identified
day,2026-08-11,current_catalog_text_output,model_permaslug,requests,128,128,128,169,41,1.3203125,14,7,0,not_identified
day,2026-08-11,current_catalog_text_output,model_permaslug,requests,129,129,129,170,41,1.317829457364341,14,7,0,not_identified
day,2026-08-11,current_catalog_text_output,model_permaslug,requests,130,130,130,172,42,1.323076923076923,14,7,0,not_identified
day,2026-08-11,current_catalog_text_output,model_permaslug,requests,131,131,131,173,42,1.3206106870229009,14,7,0,not_identified
day,2026-08-11,current_catalog_text_output,model_permaslug,requests,132,132,132,175,43,1.3257575757575757,14,7,0,not_identified
day,2026-08-11,current_catalog_text_output,model_permaslug,requests,133,133,133,176,43,1.3233082706766917,14,7,0,not_identified
day,2026-08-11,current_catalog_text_output,model_permaslug,requests,134,134,134,177,43,1.3208955223880596,14,7,0,not_identified
day,2026-08-11,current_catalog_text_output,model_permaslug,requests,135,135,135,178,43,1.3185185185185184,14,7,0,not_identified
day,2026-08-11,current_catalog_text_output,model_permaslug,requests,136,136,136,179,43,1.3161764705882353,14,7,0,not_identified
day,2026-08-11,current_catalog_text_output,model_permaslug,requests,137,137,137,180,43,1.313868613138686,14,7,0,not_identified
day,2026-08-11,current_catalog_text_output,model_permaslug,requests,138,138,138,181,43,1.3115942028985508,14,7,0,not_identified
day,2026-08-11,current_catalog_text_output,model_permaslug,requests,139,139,139,182,43,1.3093525179856116,14,7,0,not_identified
day,2026-08-11,current_catalog_text_output,model_permaslug,requests,140,140,140,183,43,1.3071428571428572,14,7,0,not_identified
day,2026-08-11,current_catalog_text_output,model_permaslug,requests,141,141,141,185,44,1.3120567375886525,14,7,0,not_identified
day,2026-08-11,current_catalog_text_output,model_permaslug,requests,142,142,142,186,44,1.3098591549295775,14,7,0,not_identified
day,2026-08-11,current_catalog_text_output,model_permaslug,requests,143,143,143,187,44,1.3076923076923077,14,7,0,not_identified
day,2026-08-11,current_catalog_text_output,model_permaslug,requests,144,144,144,188,44,1.3055555555555556,14,7,0,not_identified
day,2026-08-11,current_catalog_text_output,model_permaslug,requests,145,145,145,189,44,1.303448275862069,14,7,0,not_identified
day,2026-08-11,current_catalog_text_output,model_permaslug,requests,146,146,146,190,44,1.3013698630136987,14,7,0,not_identified
day,2026-08-11,current_catalog_text_output,model_permaslug,requests,147,147,147,191,44,1.2993197278911566,14,7,0,not_identified
day,2026-08-11,current_catalog_text_output,model_permaslug,requests,148,148,148,192,44,1.2972972972972974,14,7,0,not_identified
day,2026-08-11,current_catalog_text_output,model_permaslug,requests,149,149,149,193,44,1.2953020134228188,14,7,0,not_identified
day,2026-08-11,current_catalog_text_output,model_permaslug,requests,150,150,150,194,44,1.2933333333333332,14,7,0,not_identified
day,2026-08-11,current_catalog_text_output,model_permaslug,requests,151,151,151,195,44,1.2913907284768211,14,7,0,not_identified
day,2026-08-11,current_catalog_text_output,model_permaslug,requests,152,152,152,196,44,1.2894736842105263,14,7,0,not_identified
day,2026-08-11,current_catalog_text_output,model_permaslug,requests,153,153,153,197,44,1.2875816993464053,14,7,0,not_identified
day,2026-08-11,current_catalog_text_output,model_permaslug,requests,154,154,154,198,44,1.2857142857142858,14,7,0,not_identified
day,2026-08-11,current_catalog_text_output,model_permaslug,requests,155,155,155,199,44,1.2838709677419355,14,7,0,not_identified
day,2026-08-11,current_catalog_text_output,model_permaslug,requests,156,156,156,200,44,1.2820512820512822,14,7,0,not_identified
day,2026-08-11,current_catalog_text_output,model_permaslug,requests,157,157,157,201,44,1.2802547770700636,14,7,0,not_identified
day,2026-08-11,current_catalog_text_output,model_permaslug,requests,158,158,158,202,44,1.2784810126582278,14,7,0,not_identified
day,2026-08-11,current_catalog_text_output,model_permaslug,requests,159,159,159,203,44,1.2767295597484276,14,7,0,not_identified
day,2026-08-11,current_catalog_text_output,model_permaslug,requests,160,160,160,204,44,1.275,14,8,0,not_identified
day,2026-08-11,current_catalog_text_output,model_permaslug,requests,161,161,161,205,44,1.2732919254658386,14,8,0,not_identified
day,2026-08-11,current_catalog_text_output,model_permaslug,requests,162,162,162,206,44,1.271604938271605,14,8,0,not_identified
day,2026-08-11,current_catalog_text_output,model_permaslug,requests,163,163,163,207,44,1.2699386503067485,14,8,0,not_identified
day,2026-08-11,current_catalog_text_output,model_permaslug,requests,164,164,164,208,44,1.2682926829268293,14,8,0,not_identified
day,2026-08-11,current_catalog_text_output,model_permaslug,requests,165,165,165,209,44,1.2666666666666666,14,8,0,not_identified
day,2026-08-11,current_catalog_text_output,model_permaslug,requests,166,166,166,210,44,1.2650602409638554,14,8,0,not_identified
day,2026-08-11,current_catalog_text_output,model_permaslug,requests,167,167,167,211,44,1.2634730538922156,14,8,0,not_identified
day,2026-08-11,current_catalog_text_output,model_permaslug,requests,168,168,168,212,44,1.2619047619047619,14,8,0,not_identified
day,2026-08-11,current_catalog_text_output,model_permaslug,requests,169,169,169,213,44,1.2603550295857988,14,8,0,not_identified
day,2026-08-11,current_catalog_text_output,model_permaslug,requests,170,170,170,214,44,1.2588235294117647,14,8,0,not_identified
day,2026-08-11,current_catalog_text_output,model_permaslug,requests,171,171,171,215,44,1.2573099415204678,15,8,0,not_identified
day,2026-08-11,current_catalog_text_output,model_permaslug,requests,172,172,172,217,45,1.2616279069767442,15,8,0,not_identified
day,2026-08-11,current_catalog_text_output,model_permaslug,requests,173,173,173,218,45,1.260115606936416,15,8,0,not_identified
day,2026-08-11,current_catalog_text_output,model_permaslug,requests,174,174,174,219,45,1.2586206896551724,15,8,0,not_identified
day,2026-08-11,current_catalog_text_output,model_permaslug,requests,175,175,175,220,45,1.2571428571428571,15,8,0,not_identified
day,2026-08-11,current_catalog_text_output,model_permaslug,requests,176,176,176,221,45,1.2556818181818181,15,8,0,not_identified
day,2026-08-11,current_catalog_text_output,model_permaslug,requests,177,177,177,222,45,1.2542372881355932,15,8,0,not_identified
day,2026-08-11,current_catalog_text_output,model_permaslug,requests,178,178,178,223,45,1.252808988764045,15,8,0,not_identified
day,2026-08-11,current_catalog_text_output,model_permaslug,requests,179,179,179,225,46,1.2569832402234637,15,8,0,not_identified
day,2026-08-11,current_catalog_text_output,model_permaslug,requests,180,180,180,226,46,1.2555555555555555,15,8,0,not_identified
day,2026-08-11,current_catalog_text_output,model_permaslug,requests,181,181,181,228,47,1.2596685082872927,15,8,0,not_identified
day,2026-08-11,current_catalog_text_output,model_permaslug,requests,182,182,182,229,47,1.2582417582417582,15,8,0,not_identified
day,2026-08-11,current_catalog_text_output,model_permaslug,requests,183,183,183,230,47,1.2568306010928962,15,8,0,not_identified
day,2026-08-11,current_catalog_text_output,model_permaslug,requests,184,184,184,231,47,1.2554347826086956,15,8,0,not_identified
day,2026-08-11,current_catalog_text_output,model_permaslug,requests,185,185,185,233,48,1.2594594594594595,15,8,0,not_identified
day,2026-08-11,current_catalog_text_output,model_permaslug,requests,186,186,186,234,48,1.2580645161290323,15,8,0,not_identified
day,2026-08-11,current_catalog_text_output,model_permaslug,requests,187,187,187,235,48,1.2566844919786095,15,8,0,not_identified
day,2026-08-11,current_catalog_text_output,model_permaslug,requests,188,188,188,236,48,1.2553191489361701,15,8,0,not_identified
day,2026-08-11,current_catalog_text_output,model_permaslug,requests,189,189,189,237,48,1.253968253968254,15,8,0,not_identified
day,2026-08-11,current_catalog_text_output,model_permaslug,requests,190,190,190,238,48,1.2526315789473683,15,8,0,not_identified
day,2026-08-11,current_catalog_text_output,model_permaslug,requests,191,191,191,239,48,1.2513089005235603,15,8,0,not_identified
day,2026-08-11,current_catalog_text_output,model_permaslug,requests,192,192,192,240,48,1.25,15,8,0,not_identified
day,2026-08-11,current_catalog_text_output,model_permaslug,requests,193,193,193,241,48,1.2487046632124352,15,8,0,not_identified
day,2026-08-11,current_catalog_text_output,model_permaslug,requests,194,194,194,242,48,1.2474226804123711,15,8,0,not_identified
day,2026-08-11,current_catalog_text_output,model_permaslug,requests,195,195,195,244,49,1.2512820512820513,15,8,0,not_identified
day,2026-08-11,current_catalog_text_output,model_permaslug,requests,196,196,196,245,49,1.25,15,8,0,not_identified
day,2026-08-11,current_catalog_text_output,model_permaslug,requests,197,197,197,246,49,1.248730964467005,15,8,0,not_identified
day,2026-08-11,current_catalog_text_output,model_permaslug,requests,198,198,198,247,49,1.2474747474747474,15,8,0,not_identified
day,2026-08-11,current_catalog_text_output,model_permaslug,requests,199,199,199,248,49,1.2462311557788945,15,9,0,not_identified
day,2026-08-11,current_catalog_text_output,model_permaslug,requests,200,200,200,249,49,1.245,15,9,0,not_identified
day,2026-08-11,current_catalog_text_output,model_permaslug,requests,201,201,201,250,49,1.243781094527363,15,10,0,not_identified
day,2026-08-11,current_catalog_text_output,model_permaslug,requests,202,202,202,251,49,1.2425742574257426,15,10,0,not_identified
day,2026-08-11,current_catalog_text_output,model_permaslug,requests,203,203,203,252,49,1.2413793103448276,15,10,0,not_identified
day,2026-08-11,current_catalog_text_output,model_permaslug,requests,204,204,204,253,49,1.2401960784313726,15,10,0,not_identified
day,2026-08-11,current_catalog_text_output,model_permaslug,requests,205,205,205,254,49,1.2390243902439024,15,10,0,not_identified
day,2026-08-11,current_catalog_text_output,model_permaslug,requests,206,206,206,255,49,1.2378640776699028,15,10,0,not_identified
day,2026-08-11,current_catalog_text_output,model_permaslug,requests,207,207,207,256,49,1.2367149758454106,15,11,0,not_identified
day,2026-08-11,current_catalog_text_output,model_permaslug,requests,208,208,208,257,49,1.2355769230769231,15,11,0,not_identified
day,2026-08-11,current_catalog_text_output,model_permaslug,requests,209,209,209,258,49,1.2344497607655502,15,11,0,not_identified
day,2026-08-11,current_catalog_text_output,model_permaslug,requests,210,210,210,259,49,1.2333333333333334,15,11,0,not_identified
day,2026-08-11,current_catalog_text_output,model_permaslug,requests,211,211,211,260,49,1.2322274881516588,15,11,0,not_identified
day,2026-08-11,current_catalog_text_output,model_permaslug,requests,212,212,212,261,49,1.2311320754716981,15,11,0,not_identified
day,2026-08-11,current_catalog_text_output,model_permaslug,requests,213,213,213,262,49,1.2300469483568075,15,12,0,not_identified
day,2026-08-11,current_catalog_text_output,model_permaslug,requests,214,214,214,263,49,1.2289719626168225,15,12,0,not_identified
day,2026-08-11,current_catalog_text_output,model_permaslug,requests,215,215,215,264,49,1.2279069767441861,15,12,0,not_identified
day,2026-08-11,current_catalog_text_output,model_permaslug,requests,216,216,216,265,49,1.2268518518518519,15,12,0,not_identified
day,2026-08-11,current_catalog_text_output,model_permaslug,requests,217,217,217,266,49,1.2258064516129032,15,12,0,not_identified
day,2026-08-11,current_catalog_text_output,model_permaslug,requests,218,218,218,267,49,1.224770642201835,15,12,0,not_identified
day,2026-08-11,current_catalog_text_output,model_permaslug,requests,219,219,219,268,49,1.2237442922374429,15,12,0,not_identified
day,2026-08-11,current_catalog_text_output,model_permaslug,requests,220,220,220,269,49,1.2227272727272727,15,13,0,not_identified
day,2026-08-11,current_catalog_text_output,model_permaslug,requests,221,221,221,270,49,1.2217194570135748,15,13,0,not_identified
day,2026-08-11,current_catalog_text_output,model_permaslug,requests,222,222,222,271,49,1.2207207207207207,15,13,0,not_identified
day,2026-08-11,current_catalog_text_output,model_permaslug,requests,223,223,223,272,49,1.2197309417040358,15,13,0,not_identified
day,2026-08-11,current_catalog_text_output,model_permaslug,requests,224,224,224,273,49,1.21875,15,13,0,not_identified
day,2026-08-11,current_catalog_text_output,model_permaslug,requests,225,225,225,274,49,1.2177777777777778,15,13,0,not_identified
day,2026-08-11,current_catalog_text_output,model_permaslug,requests,226,226,226,275,49,1.2168141592920354,15,13,0,not_identified
day,2026-08-11,current_catalog_text_output,model_permaslug,requests,227,227,227,276,49,1.2158590308370043,15,13,0,not_identified
day,2026-08-11,current_catalog_text_output,model_permaslug,requests,228,228,228,277,49,1.2149122807017543,15,13,0,not_identified
day,2026-08-11,current_catalog_text_output,model_permaslug,requests,229,229,229,278,49,1.2139737991266375,15,13,0,not_identified
day,2026-08-11,current_catalog_text_output,model_permaslug,requests,230,230,230,279,49,1.2130434782608697,15,13,0,not_identified
day,2026-08-11,current_catalog_text_output,model_permaslug,requests,231,231,231,280,49,1.2121212121212122,15,13,0,not_identified
day,2026-08-11,current_catalog_text_output,model_permaslug,requests,232,232,232,281,49,1.2112068965517242,15,13,0,not_identified
day,2026-08-11,current_catalog_text_output,model_permaslug,requests,233,233,233,282,49,1.2103004291845494,15,13,0,not_identified
day,2026-08-11,current_catalog_text_output,model_permaslug,requests,234,234,234,284,50,1.2136752136752136,15,13,0,not_identified
day,2026-08-11,current_catalog_text_output,model_permaslug,requests,235,235,235,285,50,1.2127659574468086,15,13,0,not_identified
day,2026-08-11,current_catalog_text_output,model_permaslug,requests,236,236,236,286,50,1.2118644067796611,15,13,0,not_identified
day,2026-08-11,current_catalog_text_output,model_permaslug,requests,237,237,237,287,50,1.2109704641350212,15,13,0,not_identified
day,2026-08-11,current_catalog_text_output,model_permaslug,requests,238,238,238,288,50,1.2100840336134453,15,13,0,not_identified
day,2026-08-11,current_catalog_text_output,model_permaslug,requests,239,239,239,289,50,1.209205020920502,15,13,0,not_identified
day,2026-08-11,current_catalog_text_output,model_permaslug,requests,240,240,240,290,50,1.2083333333333333,15,13,0,not_identified
day,2026-08-11,current_catalog_text_output,model_permaslug,requests,241,241,241,291,50,1.2074688796680497,15,13,0,not_identified
day,2026-08-11,current_catalog_text_output,model_permaslug,requests,242,242,242,292,50,1.2066115702479339,15,13,0,not_identified
day,2026-08-11,current_catalog_text_output,model_permaslug,requests,243,243,243,293,50,1.205761316872428,15,13,0,not_identified
day,2026-08-11,current_catalog_text_output,model_permaslug,requests,244,244,244,294,50,1.2049180327868851,15,13,0,not_identified
day,2026-08-11,current_catalog_text_output,model_permaslug,requests,245,245,245,295,50,1.2040816326530612,15,13,0,not_identified
day,2026-08-11,current_catalog_text_output,model_permaslug,requests,246,246,246,296,50,1.2032520325203253,15,13,0,not_identified
day,2026-08-11,current_catalog_text_output,model_permaslug,requests,247,247,247,297,50,1.2024291497975708,15,13,0,not_identified
day,2026-08-11,current_catalog_text_output,model_permaslug,requests,248,248,248,298,50,1.2016129032258065,15,13,0,not_identified
day,2026-08-11,current_catalog_text_output,model_permaslug,requests,249,249,249,299,50,1.2008032128514057,15,13,0,not_identified
day,2026-08-11,current_catalog_text_output,model_permaslug,requests,250,250,250,300,50,1.2,15,13,0,not_identified
day,2026-08-11,current_catalog_text_output,model_permaslug,requests,251,251,251,301,50,1.199203187250996,15,13,0,not_identified
day,2026-08-11,current_catalog_text_output,model_permaslug,requests,252,252,252,302,50,1.1984126984126984,15,13,0,not_identified
day,2026-08-11,current_catalog_text_output,model_permaslug,requests,253,253,253,303,50,1.1976284584980237,15,13,0,not_identified
day,2026-08-11,current_catalog_text_output,model_permaslug,requests,254,254,254,305,51,1.2007874015748032,15,13,0,not_identified
day,2026-08-11,current_catalog_text_output,model_permaslug,requests,255,255,255,306,51,1.2,15,13,0,not_identified
day,2026-08-11,current_catalog_text_output,model_permaslug,requests,256,256,256,307,51,1.19921875,15,13,0,not_identified
day,2026-08-11,current_catalog_text_output,model_permaslug,requests,257,257,257,308,51,1.198443579766537,15,13,0,not_identified
day,2026-08-11,current_catalog_text_output,model_permaslug,requests,258,258,258,309,51,1.197674418604651,15,13,0,not_identified
day,2026-08-11,current_catalog_text_output,model_permaslug,requests,259,259,259,310,51,1.196911196911197,15,13,0,not_identified
day,2026-08-11,current_catalog_text_output,model_permaslug,requests,260,260,260,311,51,1.1961538461538461,15,13,0,not_identified
day,2026-08-11,current_catalog_text_output,model_permaslug,requests,261,261,261,312,51,1.1954022988505748,15,13,0,not_identified
day,2026-08-11,current_catalog_text_output,model_permaslug,requests,262,262,262,313,51,1.1946564885496183,15,13,0,not_identified
day,2026-08-11,current_catalog_text_output,model_permaslug,requests,263,263,263,314,51,1.193916349809886,15,13,0,not_identified
day,2026-08-11,current_catalog_text_output,model_permaslug,requests,264,264,264,315,51,1.1931818181818181,15,13,0,not_identified
day,2026-08-11,current_catalog_text_output,model_permaslug,requests,265,265,265,316,51,1.1924528301886792,15,13,0,not_identified
day,2026-08-11,current_catalog_text_output,model_permaslug,requests,266,266,266,317,51,1.1917293233082706,15,13,0,not_identified
day,2026-08-11,current_catalog_text_output,model_permaslug,requests,267,267,267,318,51,1.1910112359550562,15,13,0,not_identified
day,2026-08-11,current_catalog_text_output,model_permaslug,requests,268,268,268,319,51,1.1902985074626866,15,13,0,not_identified
day,2026-08-11,current_catalog_text_output,model_permaslug,requests,269,269,269,320,51,1.1895910780669146,15,13,0,not_identified
day,2026-08-11,current_catalog_text_output,model_permaslug,requests,270,270,270,321,51,1.1888888888888889,15,13,0,not_identified
day,2026-08-11,current_catalog_text_output,model_permaslug,requests,271,271,271,322,51,1.188191881918819,15,13,0,not_identified
day,2026-08-11,current_catalog_text_output,model_permaslug,requests,272,272,272,323,51,1.1875,15,13,0,not_identified
day,2026-08-11,current_catalog_text_output,model_permaslug,requests,273,273,273,324,51,1.1868131868131868,15,13,0,not_identified
day,2026-08-11,current_catalog_text_output,model_permaslug,requests,274,274,274,325,51,1.186131386861314,15,13,0,not_identified
day,2026-08-11,current_catalog_text_output,model_permaslug,requests,275,275,275,326,51,1.1854545454545455,15,13,0,not_identified
day,2026-08-11,current_catalog_text_output,model_permaslug,requests,276,276,276,327,51,1.184782608695652,15,13,0,not_identified
day,2026-08-11,current_catalog_text_output,model_permaslug,requests,277,277,277,328,51,1.184115523465704,15,13,0,not_identified
day,2026-08-11,current_catalog_text_output,model_permaslug,requests,278,278,278,329,51,1.183453237410072,15,13,0,not_identified
day,2026-08-11,current_catalog_text_output,model_permaslug,requests,279,279,279,330,51,1.1827956989247312,15,13,0,not_identified
day,2026-08-11,current_catalog_text_output,model_permaslug,requests,280,280,280,331,51,1.1821428571428572,15,13,0,not_identified
day,2026-08-11,current_catalog_text_output,model_permaslug,requests,281,281,281,332,51,1.1814946619217082,15,13,0,not_identified
day,2026-08-11,current_catalog_text_output,model_permaslug,requests,282,282,282,333,51,1.1808510638297873,16,13,0,not_identified
day,2026-08-11,current_catalog_text_output,model_permaslug,requests,283,283,283,334,51,1.1802120141342756,16,13,0,not_identified
day,2026-08-11,current_catalog_text_output,model_permaslug,requests,284,284,284,335,51,1.1795774647887325,16,13,0,not_identified
day,2026-08-11,current_catalog_text_output,model_permaslug,requests,285,285,285,336,51,1.1789473684210525,16,13,0,not_identified
day,2026-08-11,current_catalog_text_output,model_permaslug,requests,286,286,286,337,51,1.1783216783216783,16,13,0,not_identified
day,2026-08-11,current_catalog_text_output,model_permaslug,requests,287,287,287,338,51,1.1777003484320558,16,13,0,not_identified
day,2026-08-11,current_catalog_text_output,model_permaslug,requests,288,288,288,339,51,1.1770833333333333,16,13,0,not_identified
day,2026-08-11,current_catalog_text_output,model_permaslug,requests,289,289,289,340,51,1.1764705882352942,16,14,0,not_identified
day,2026-08-11,current_catalog_text_output,model_permaslug,requests,290,290,290,341,51,1.1758620689655173,16,14,0,not_identified
day,2026-08-11,current_catalog_text_output,model_permaslug,requests,291,291,291,342,51,1.175257731958763,16,14,0,not_identified
day,2026-08-11,current_catalog_text_output,model_permaslug,requests,292,292,292,343,51,1.1746575342465753,16,14,0,not_identified
day,2026-08-11,current_catalog_text_output,model_permaslug,requests,293,293,293,344,51,1.174061433447099,16,14,0,not_identified
day,2026-08-11,current_catalog_text_output,model_permaslug,requests,294,294,294,345,51,1.1734693877551021,16,14,0,not_identified
day,2026-08-11,current_catalog_text_output,model_permaslug,requests,295,295,295,346,51,1.1728813559322033,16,14,0,not_identified
day,2026-08-11,current_catalog_text_output,model_permaslug,requests,296,296,296,347,51,1.1722972972972974,16,14,0,not_identified
day,2026-08-11,current_catalog_text_output,model_permaslug,requests,297,297,297,348,51,1.1717171717171717,16,14,0,not_identified
day,2026-08-11,current_catalog_text_output,model_permaslug,requests,298,298,298,349,51,1.1711409395973154,16,14,0,not_identified
day,2026-08-11,current_catalog_text_output,model_permaslug,requests,299,299,299,350,51,1.1705685618729098,16,14,0,not_identified
day,2026-08-11,current_catalog_text_output,model_permaslug,requests,300,300,300,351,51,1.17,16,14,0,not_identified
day,2026-08-11,current_catalog_text_output,model_permaslug,requests,301,301,301,352,51,1.169435215946844,16,14,0,not_identified
day,2026-08-11,current_catalog_text_output,model_permaslug,requests,302,302,302,353,51,1.1688741721854305,16,14,0,not_identified
day,2026-08-11,current_catalog_text_output,model_permaslug,requests,303,303,303,354,51,1.1683168316831682,16,14,0,not_identified
day,2026-08-11,current_catalog_text_output,model_permaslug,requests,304,304,304,355,51,1.167763157894737,16,14,0,not_identified
day,2026-08-11,current_catalog_text_output,model_permaslug,requests,305,305,305,356,51,1.1672131147540983,16,14,0,not_identified
day,2026-08-11,current_catalog_text_output,model_permaslug,requests,306,306,306,357,51,1.1666666666666667,16,14,0,not_identified
day,2026-08-11,current_catalog_text_output,model_permaslug,requests,307,307,307,358,51,1.1661237785016287,16,14,0,not_identified
day,2026-08-11,current_catalog_text_output,model_permaslug,requests,308,308,308,359,51,1.1655844155844155,16,14,0,not_identified
day,2026-08-11,current_catalog_text_output,model_permaslug,requests,309,309,309,360,51,1.1650485436893203,16,14,0,not_identified
day,2026-08-11,current_catalog_text_output,model_permaslug,requests,310,310,310,361,51,1.164516129032258,16,14,0,not_identified
day,2026-08-11,current_catalog_text_output,model_permaslug,requests,311,311,311,362,51,1.1639871382636655,16,14,0,not_identified
day,2026-08-11,current_catalog_text_output,model_permaslug,requests,312,312,312,363,51,1.1634615384615385,16,14,0,not_identified
day,2026-08-11,current_catalog_text_output,model_permaslug,requests,313,313,313,364,51,1.1629392971246006,16,14,0,not_identified
day,2026-08-11,all_observed,model_permaslug,total_tokens,1,1,1,1,0,1.0,1,1,0,not_identified
day,2026-08-11,all_observed,model_permaslug,total_tokens,2,2,2,2,0,1.0,2,1,0,not_identified
day,2026-08-11,all_observed,model_permaslug,total_tokens,3,3,3,4,1,1.3333333333333333,3,2,0,not_identified
day,2026-08-11,all_observed,model_permaslug,total_tokens,4,4,4,5,1,1.25,3,2,0,not_identified
day,2026-08-11,all_observed,model_permaslug,total_tokens,5,5,5,6,1,1.2,3,3,0,not_identified
day,2026-08-11,all_observed,model_permaslug,total_tokens,6,6,6,8,2,1.3333333333333333,3,3,0,not_identified
day,2026-08-11,all_observed,model_permaslug,total_tokens,7,7,7,9,2,1.2857142857142858,3,3,0,not_identified
day,2026-08-11,all_observed,model_permaslug,total_tokens,8,8,8,11,3,1.375,4,3,0,not_identified
day,2026-08-11,all_observed,model_permaslug,total_tokens,9,9,9,12,3,1.3333333333333333,4,4,0,not_identified
day,2026-08-11,all_observed,model_permaslug,total_tokens,10,10,10,14,4,1.4,4,4,0,not_identified
day,2026-08-11,all_observed,model_permaslug,total_tokens,11,11,11,16,5,1.4545454545454546,4,4,0,not_identified
day,2026-08-11,all_observed,model_permaslug,total_tokens,12,12,12,18,6,1.5,4,4,0,not_identified
day,2026-08-11,all_observed,model_permaslug,total_tokens,13,13,13,20,7,1.5384615384615385,5,5,0,not_identified
day,2026-08-11,all_observed,model_permaslug,total_tokens,14,14,14,22,8,1.5714285714285714,5,5,0,not_identified
day,2026-08-11,all_observed,model_permaslug,total_tokens,15,15,15,23,8,1.5333333333333334,5,5,0,not_identified
day,2026-08-11,all_observed,model_permaslug,total_tokens,16,16,16,25,9,1.5625,5,5,0,not_identified
day,2026-08-11,all_observed,model_permaslug,total_tokens,17,17,17,27,10,1.588235294117647,5,5,0,not_identified
day,2026-08-11,all_observed,model_permaslug,total_tokens,18,18,18,29,11,1.6111111111111112,5,5,0,not_identified
day,2026-08-11,all_observed,model_permaslug,total_tokens,19,19,19,30,11,1.5789473684210527,5,5,0,not_identified
day,2026-08-11,all_observed,model_permaslug,total_tokens,20,20,20,32,12,1.6,5,5,0,not_identified
day,2026-08-11,all_observed,model_permaslug,total_tokens,21,21,21,34,13,1.619047619047619,5,5,0,not_identified
day,2026-08-11,all_observed,model_permaslug,total_tokens,22,22,22,35,13,1.5909090909090908,5,5,0,not_identified
day,2026-08-11,all_observed,model_permaslug,total_tokens,23,23,23,37,14,1.608695652173913,6,5,0,not_identified
day,2026-08-11,all_observed,model_permaslug,total_tokens,24,24,24,38,14,1.5833333333333333,6,5,0,not_identified
day,2026-08-11,all_observed,model_permaslug,total_tokens,25,25,25,40,15,1.6,6,5,0,not_identified
day,2026-08-11,all_observed,model_permaslug,total_tokens,26,26,26,42,16,1.6153846153846154,6,5,0,not_identified
day,2026-08-11,all_observed,model_permaslug,total_tokens,27,27,27,43,16,1.5925925925925926,6,5,0,not_identified
day,2026-08-11,all_observed,model_permaslug,total_tokens,28,28,28,45,17,1.6071428571428572,6,5,0,not_identified
day,2026-08-11,all_observed,model_permaslug,total_tokens,29,29,29,46,17,1.5862068965517242,6,5,0,not_identified
day,2026-08-11,all_observed,model_permaslug,total_tokens,30,30,30,47,17,1.5666666666666667,7,5,0,not_identified
day,2026-08-11,all_observed,model_permaslug,total_tokens,31,31,31,49,18,1.5806451612903225,7,5,0,not_identified
day,2026-08-11,all_observed,model_permaslug,total_tokens,32,32,32,50,18,1.5625,8,5,0,not_identified
day,2026-08-11,all_observed,model_permaslug,total_tokens,33,33,33,52,19,1.5757575757575757,8,5,0,not_identified
day,2026-08-11,all_observed,model_permaslug,total_tokens,34,34,34,54,20,1.588235294117647,8,5,0,not_identified
day,2026-08-11,all_observed,model_permaslug,total_tokens,35,35,35,56,21,1.6,8,5,0,not_identified
day,2026-08-11,all_observed,model_permaslug,total_tokens,36,36,36,58,22,1.6111111111111112,8,5,0,not_identified
day,2026-08-11,all_observed,model_permaslug,total_tokens,37,37,37,60,23,1.6216216216216217,8,5,0,not_identified
day,2026-08-11,all_observed,model_permaslug,total_tokens,38,38,38,62,24,1.631578947368421,9,5,0,not_identified
day,2026-08-11,all_observed,model_permaslug,total_tokens,39,39,39,63,24,1.6153846153846154,9,5,0,not_identified
day,2026-08-11,all_observed,model_permaslug,total_tokens,40,40,40,65,25,1.625,9,5,0,not_identified
day,2026-08-11,all_observed,model_permaslug,total_tokens,41,41,41,66,25,1.6097560975609757,9,5,0,not_identified
day,2026-08-11,all_observed,model_permaslug,total_tokens,42,42,42,68,26,1.619047619047619,9,5,0,not_identified
day,2026-08-11,all_observed,model_permaslug,total_tokens,43,43,43,69,26,1.6046511627906976,9,5,0,not_identified
day,2026-08-11,all_observed,model_permaslug,total_tokens,44,44,44,71,27,1.6136363636363635,9,5,0,not_identified
day,2026-08-11,all_observed,model_permaslug,total_tokens,45,45,45,73,28,1.6222222222222222,9,5,0,not_identified
day,2026-08-11,all_observed,model_permaslug,total_tokens,46,46,46,75,29,1.6304347826086956,9,5,0,not_identified
day,2026-08-11,all_observed,model_permaslug,total_tokens,47,47,47,77,30,1.6382978723404256,9,5,0,not_identified
day,2026-08-11,all_observed,model_permaslug,total_tokens,48,48,48,79,31,1.6458333333333333,9,5,0,not_identified
day,2026-08-11,all_observed,model_permaslug,total_tokens,49,49,49,80,31,1.6326530612244898,9,6,0,not_identified
day,2026-08-11,all_observed,model_permaslug,total_tokens,50,50,50,81,31,1.62,9,6,0,not_identified
day,2026-08-11,all_observed,model_permaslug,total_tokens,51,51,51,82,31,1.607843137254902,9,6,0,not_identified
day,2026-08-11,all_observed,model_permaslug,total_tokens,52,52,52,83,31,1.5961538461538463,9,7,0,not_identified
day,2026-08-11,all_observed,model_permaslug,total_tokens,53,53,53,84,31,1.5849056603773586,9,7,0,not_identified
day,2026-08-11,all_observed,model_permaslug,total_tokens,54,54,54,86,32,1.5925925925925926,9,7,0,not_identified
day,2026-08-11,all_observed,model_permaslug,total_tokens,55,55,55,87,32,1.5818181818181818,10,7,0,not_identified
day,2026-08-11,all_observed,model_permaslug,total_tokens,56,56,56,88,32,1.5714285714285714,10,7,0,not_identified
day,2026-08-11,all_observed,model_permaslug,total_tokens,57,57,57,90,33,1.5789473684210527,10,7,0,not_identified
day,2026-08-11,all_observed,model_permaslug,total_tokens,58,58,58,91,33,1.5689655172413792,10,7,0,not_identified
day,2026-08-11,all_observed,model_permaslug,total_tokens,59,59,59,92,33,1.5593220338983051,10,7,0,not_identified
day,2026-08-11,all_observed,model_permaslug,total_tokens,60,60,60,93,33,1.55,10,7,0,not_identified
day,2026-08-11,all_observed,model_permaslug,total_tokens,61,61,61,94,33,1.540983606557377,10,7,0,not_identified
day,2026-08-11,all_observed,model_permaslug,total_tokens,62,62,62,96,34,1.5483870967741935,10,7,0,not_identified
day,2026-08-11,all_observed,model_permaslug,total_tokens,63,63,63,97,34,1.5396825396825398,10,7,0,not_identified
day,2026-08-11,all_observed,model_permaslug,total_tokens,64,64,64,98,34,1.53125,10,7,0,not_identified
day,2026-08-11,all_observed,model_permaslug,total_tokens,65,65,65,99,34,1.523076923076923,10,7,0,not_identified
day,2026-08-11,all_observed,model_permaslug,total_tokens,66,66,66,101,35,1.5303030303030303,10,7,0,not_identified
day,2026-08-11,all_observed,model_permaslug,total_tokens,67,67,67,103,36,1.537313432835821,10,7,0,not_identified
day,2026-08-11,all_observed,model_permaslug,total_tokens,68,68,68,104,36,1.5294117647058822,10,7,0,not_identified
day,2026-08-11,all_observed,model_permaslug,total_tokens,69,69,69,105,36,1.5217391304347827,11,7,0,not_identified
day,2026-08-11,all_observed,model_permaslug,total_tokens,70,70,70,106,36,1.5142857142857142,11,7,0,not_identified
day,2026-08-11,all_observed,model_permaslug,total_tokens,71,71,71,108,37,1.5211267605633803,11,7,0,not_identified
day,2026-08-11,all_observed,model_permaslug,total_tokens,72,72,72,109,37,1.5138888888888888,11,7,0,not_identified
day,2026-08-11,all_observed,model_permaslug,total_tokens,73,73,73,110,37,1.5068493150684932,12,7,0,not_identified
day,2026-08-11,all_observed,model_permaslug,total_tokens,74,74,74,111,37,1.5,12,7,0,not_identified
day,2026-08-11,all_observed,model_permaslug,total_tokens,75,75,75,112,37,1.4933333333333334,12,7,0,not_identified
day,2026-08-11,all_observed,model_permaslug,total_tokens,76,76,76,114,38,1.5,12,7,0,not_identified
day,2026-08-11,all_observed,model_permaslug,total_tokens,77,77,77,115,38,1.4935064935064934,12,7,0,not_identified
day,2026-08-11,all_observed,model_permaslug,total_tokens,78,78,78,117,39,1.5,12,7,0,not_identified
day,2026-08-11,all_observed,model_permaslug,total_tokens,79,79,79,118,39,1.4936708860759493,13,7,0,not_identified
day,2026-08-11,all_observed,model_permaslug,total_tokens,80,80,80,119,39,1.4875,13,7,0,not_identified
day,2026-08-11,all_observed,model_permaslug,total_tokens,81,81,81,120,39,1.4814814814814814,13,7,0,not_identified
day,2026-08-11,all_observed,model_permaslug,total_tokens,82,82,82,122,40,1.4878048780487805,13,7,0,not_identified
day,2026-08-11,all_observed,model_permaslug,total_tokens,83,83,83,123,40,1.4819277108433735,13,7,0,not_identified
day,2026-08-11,all_observed,model_permaslug,total_tokens,84,84,84,124,40,1.4761904761904763,13,7,0,not_identified
day,2026-08-11,all_observed,model_permaslug,total_tokens,85,85,85,126,41,1.4823529411764707,13,7,0,not_identified
day,2026-08-11,all_observed,model_permaslug,total_tokens,86,86,86,127,41,1.4767441860465116,13,7,0,not_identified
day,2026-08-11,all_observed,model_permaslug,total_tokens,87,87,87,128,41,1.471264367816092,13,7,0,not_identified
day,2026-08-11,all_observed,model_permaslug,total_tokens,88,88,88,130,42,1.4772727272727273,13,7,0,not_identified
day,2026-08-11,all_observed,model_permaslug,total_tokens,89,89,89,131,42,1.4719101123595506,13,7,0,not_identified
day,2026-08-11,all_observed,model_permaslug,total_tokens,90,90,90,132,42,1.4666666666666666,13,7,0,not_identified
day,2026-08-11,all_observed,model_permaslug,total_tokens,91,91,91,133,42,1.4615384615384615,13,7,0,not_identified
day,2026-08-11,all_observed,model_permaslug,total_tokens,92,92,92,134,42,1.4565217391304348,13,7,0,not_identified
day,2026-08-11,all_observed,model_permaslug,total_tokens,93,93,93,135,42,1.4516129032258065,13,7,0,not_identified
day,2026-08-11,all_observed,model_permaslug,total_tokens,94,94,94,136,42,1.446808510638298,13,7,0,not_identified
day,2026-08-11,all_observed,model_permaslug,total_tokens,95,95,95,137,42,1.4421052631578948,13,7,0,not_identified
day,2026-08-11,all_observed,model_permaslug,total_tokens,96,96,96,138,42,1.4375,13,7,0,not_identified
day,2026-08-11,all_observed,model_permaslug,total_tokens,97,97,97,139,42,1.4329896907216495,13,7,0,not_identified
day,2026-08-11,all_observed,model_permaslug,total_tokens,98,98,98,140,42,1.4285714285714286,13,7,0,not_identified
day,2026-08-11,all_observed,model_permaslug,total_tokens,99,99,99,141,42,1.4242424242424243,13,7,0,not_identified
day,2026-08-11,all_observed,model_permaslug,total_tokens,100,100,100,142,42,1.42,13,7,0,not_identified
day,2026-08-11,all_observed,model_permaslug,total_tokens,101,101,101,143,42,1.4158415841584158,13,7,0,not_identified
day,2026-08-11,all_observed,model_permaslug,total_tokens,102,102,102,144,42,1.411764705882353,13,7,0,not_identified
day,2026-08-11,all_observed,model_permaslug,total_tokens,103,103,103,145,42,1.4077669902912622,13,7,0,not_identified
day,2026-08-11,all_observed,model_permaslug,total_tokens,104,104,104,146,42,1.4038461538461537,13,7,0,not_identified
day,2026-08-11,all_observed,model_permaslug,total_tokens,105,105,105,147,42,1.4,13,7,0,not_identified
day,2026-08-11,all_observed,model_permaslug,total_tokens,106,106,106,148,42,1.3962264150943395,13,7,0,not_identified
day,2026-08-11,all_observed,model_permaslug,total_tokens,107,107,107,149,42,1.3925233644859814,13,7,0,not_identified
day,2026-08-11,all_observed,model_permaslug,total_tokens,108,108,108,150,42,1.3888888888888888,13,8,0,not_identified
day,2026-08-11,all_observed,model_permaslug,total_tokens,109,109,109,151,42,1.385321100917431,13,8,0,not_identified
day,2026-08-11,all_observed,model_permaslug,total_tokens,110,110,110,152,42,1.3818181818181818,13,8,0,not_identified
day,2026-08-11,all_observed,model_permaslug,total_tokens,111,111,111,153,42,1.3783783783783783,14,8,0,not_identified
day,2026-08-11,all_observed,model_permaslug,total_tokens,112,112,112,154,42,1.375,14,8,0,not_identified
day,2026-08-11,all_observed,model_permaslug,total_tokens,113,113,113,155,42,1.3716814159292035,14,8,0,not_identified
day,2026-08-11,all_observed,model_permaslug,total_tokens,114,114,114,156,42,1.368421052631579,14,8,0,not_identified
day,2026-08-11,all_observed,model_permaslug,total_tokens,115,115,115,157,42,1.3652173913043477,14,8,0,not_identified
day,2026-08-11,all_observed,model_permaslug,total_tokens,116,116,116,158,42,1.3620689655172413,14,8,0,not_identified
day,2026-08-11,all_observed,model_permaslug,total_tokens,117,117,117,159,42,1.358974358974359,14,8,0,not_identified
day,2026-08-11,all_observed,model_permaslug,total_tokens,118,118,118,160,42,1.3559322033898304,14,8,0,not_identified
day,2026-08-11,all_observed,model_permaslug,total_tokens,119,119,119,161,42,1.3529411764705883,14,8,0,not_identified
day,2026-08-11,all_observed,model_permaslug,total_tokens,120,120,120,162,42,1.35,14,8,0,not_identified
day,2026-08-11,all_observed,model_permaslug,total_tokens,121,121,121,163,42,1.3471074380165289,14,8,0,not_identified
day,2026-08-11,all_observed,model_permaslug,total_tokens,122,122,122,164,42,1.3442622950819672,14,8,0,not_identified
day,2026-08-11,all_observed,model_permaslug,total_tokens,123,123,123,165,42,1.3414634146341464,14,8,0,not_identified
day,2026-08-11,all_observed,model_permaslug,total_tokens,124,124,124,167,43,1.346774193548387,14,8,0,not_identified
day,2026-08-11,all_observed,model_permaslug,total_tokens,125,125,125,168,43,1.344,14,8,0,not_identified
day,2026-08-11,all_observed,model_permaslug,total_tokens,126,126,126,170,44,1.3492063492063493,14,8,0,not_identified
day,2026-08-11,all_observed,model_permaslug,total_tokens,127,127,127,172,45,1.3543307086614174,14,8,0,not_identified
day,2026-08-11,all_observed,model_permaslug,total_tokens,128,128,128,173,45,1.3515625,14,8,0,not_identified
day,2026-08-11,all_observed,model_permaslug,total_tokens,129,129,129,174,45,1.3488372093023255,14,9,0,not_identified
day,2026-08-11,all_observed,model_permaslug,total_tokens,130,130,130,175,45,1.3461538461538463,14,9,0,not_identified
day,2026-08-11,all_observed,model_permaslug,total_tokens,131,131,131,176,45,1.3435114503816794,14,9,0,not_identified
day,2026-08-11,all_observed,model_permaslug,total_tokens,132,132,132,177,45,1.3409090909090908,14,9,0,not_identified
day,2026-08-11,all_observed,model_permaslug,total_tokens,133,133,133,178,45,1.3383458646616542,14,9,0,not_identified
day,2026-08-11,all_observed,model_permaslug,total_tokens,134,134,134,179,45,1.335820895522388,14,10,0,not_identified
day,2026-08-11,all_observed,model_permaslug,total_tokens,135,135,135,180,45,1.3333333333333333,14,10,0,not_identified
day,2026-08-11,all_observed,model_permaslug,total_tokens,136,136,136,181,45,1.3308823529411764,14,10,0,not_identified
day,2026-08-11,all_observed,model_permaslug,total_tokens,137,137,137,183,46,1.3357664233576643,14,10,0,not_identified
day,2026-08-11,all_observed,model_permaslug,total_tokens,138,138,138,184,46,1.3333333333333333,14,10,0,not_identified
day,2026-08-11,all_observed,model_permaslug,total_tokens,139,139,139,185,46,1.330935251798561,14,10,0,not_identified
day,2026-08-11,all_observed,model_permaslug,total_tokens,140,140,140,186,46,1.3285714285714285,14,10,0,not_identified
day,2026-08-11,all_observed,model_permaslug,total_tokens,141,141,141,187,46,1.326241134751773,14,10,0,not_identified
day,2026-08-11,all_observed,model_permaslug,total_tokens,142,142,142,188,46,1.323943661971831,14,10,0,not_identified
day,2026-08-11,all_observed,model_permaslug,total_tokens,143,143,143,189,46,1.3216783216783217,14,10,0,not_identified
day,2026-08-11,all_observed,model_permaslug,total_tokens,144,144,144,190,46,1.3194444444444444,14,10,0,not_identified
day,2026-08-11,all_observed,model_permaslug,total_tokens,145,145,145,192,47,1.3241379310344827,14,10,0,not_identified
day,2026-08-11,all_observed,model_permaslug,total_tokens,146,146,146,193,47,1.321917808219178,14,10,0,not_identified
day,2026-08-11,all_observed,model_permaslug,total_tokens,147,147,147,194,47,1.3197278911564625,14,10,0,not_identified
day,2026-08-11,all_observed,model_permaslug,total_tokens,148,148,148,195,47,1.3175675675675675,14,10,0,not_identified
day,2026-08-11,all_observed,model_permaslug,total_tokens,149,149,149,196,47,1.3154362416107384,14,10,0,not_identified
day,2026-08-11,all_observed,model_permaslug,total_tokens,150,150,150,197,47,1.3133333333333332,14,10,0,not_identified
day,2026-08-11,all_observed,model_permaslug,total_tokens,151,151,151,198,47,1.3112582781456954,14,10,0,not_identified
day,2026-08-11,all_observed,model_permaslug,total_tokens,152,152,152,199,47,1.3092105263157894,14,10,0,not_identified
day,2026-08-11,all_observed,model_permaslug,total_tokens,153,153,153,200,47,1.3071895424836601,14,10,0,not_identified
day,2026-08-11,all_observed,model_permaslug,total_tokens,154,154,154,201,47,1.3051948051948052,14,10,0,not_identified
day,2026-08-11,all_observed,model_permaslug,total_tokens,155,155,155,202,47,1.303225806451613,14,10,0,not_identified
day,2026-08-11,all_observed,model_permaslug,total_tokens,156,156,156,203,47,1.3012820512820513,14,10,0,not_identified
day,2026-08-11,all_observed,model_permaslug,total_tokens,157,157,157,204,47,1.2993630573248407,14,10,0,not_identified
day,2026-08-11,all_observed,model_permaslug,total_tokens,158,158,158,205,47,1.2974683544303798,14,10,0,not_identified
day,2026-08-11,all_observed,model_permaslug,total_tokens,159,159,159,206,47,1.2955974842767295,14,10,0,not_identified
day,2026-08-11,all_observed,model_permaslug,total_tokens,160,160,160,207,47,1.29375,14,10,0,not_identified
day,2026-08-11,all_observed,model_permaslug,total_tokens,161,161,161,208,47,1.2919254658385093,14,10,0,not_identified
day,2026-08-11,all_observed,model_permaslug,total_tokens,162,162,162,209,47,1.2901234567901234,14,10,0,not_identified
day,2026-08-11,all_observed,model_permaslug,total_tokens,163,163,163,210,47,1.2883435582822085,14,11,0,not_identified
day,2026-08-11,all_observed,model_permaslug,total_tokens,164,164,164,211,47,1.2865853658536586,14,11,0,not_identified
day,2026-08-11,all_observed,model_permaslug,total_tokens,165,165,165,212,47,1.284848484848485,14,11,0,not_identified
day,2026-08-11,all_observed,model_permaslug,total_tokens,166,166,166,213,47,1.283132530120482,14,11,0,not_identified
day,2026-08-11,all_observed,model_permaslug,total_tokens,167,167,167,214,47,1.281437125748503,14,11,0,not_identified
day,2026-08-11,all_observed,model_permaslug,total_tokens,168,168,168,215,47,1.2797619047619047,14,11,0,not_identified
day,2026-08-11,all_observed,model_permaslug,total_tokens,169,169,169,216,47,1.2781065088757397,14,12,0,not_identified
day,2026-08-11,all_observed,model_permaslug,total_tokens,170,170,170,217,47,1.276470588235294,14,12,0,not_identified
day,2026-08-11,all_observed,model_permaslug,total_tokens,171,171,171,218,47,1.2748538011695907,14,13,0,not_identified
day,2026-08-11,all_observed,model_permaslug,total_tokens,172,172,172,219,47,1.2732558139534884,14,13,0,not_identified
day,2026-08-11,all_observed,model_permaslug,total_tokens,173,173,173,220,47,1.2716763005780347,14,13,0,not_identified
day,2026-08-11,all_observed,model_permaslug,total_tokens,174,174,174,221,47,1.2701149425287357,14,13,0,not_identified
day,2026-08-11,all_observed,model_permaslug,total_tokens,175,175,175,222,47,1.2685714285714285,14,13,0,not_identified
day,2026-08-11,all_observed,model_permaslug,total_tokens,176,176,176,223,47,1.2670454545454546,14,13,0,not_identified
day,2026-08-11,all_observed,model_permaslug,total_tokens,177,177,177,224,47,1.265536723163842,14,13,0,not_identified
day,2026-08-11,all_observed,model_permaslug,total_tokens,178,178,178,225,47,1.2640449438202248,14,13,0,not_identified
day,2026-08-11,all_observed,model_permaslug,total_tokens,179,179,179,226,47,1.2625698324022345,14,13,0,not_identified
day,2026-08-11,all_observed,model_permaslug,total_tokens,180,180,180,227,47,1.261111111111111,14,13,0,not_identified
day,2026-08-11,all_observed,model_permaslug,total_tokens,181,181,181,228,47,1.2596685082872927,14,13,0,not_identified
day,2026-08-11,all_observed,model_permaslug,total_tokens,182,182,182,229,47,1.2582417582417582,14,13,0,not_identified
day,2026-08-11,all_observed,model_permaslug,total_tokens,183,183,183,230,47,1.2568306010928962,14,13,0,not_identified
day,2026-08-11,all_observed,model_permaslug,total_tokens,184,184,184,231,47,1.2554347826086956,14,13,0,not_identified
day,2026-08-11,all_observed,model_permaslug,total_tokens,185,185,185,232,47,1.2540540540540541,14,13,0,not_identified
day,2026-08-11,all_observed,model_permaslug,total_tokens,186,186,186,233,47,1.2526881720430108,14,13,0,not_identified
day,2026-08-11,all_observed,model_permaslug,total_tokens,187,187,187,234,47,1.2513368983957218,14,13,0,not_identified
day,2026-08-11,all_observed,model_permaslug,total_tokens,188,188,188,235,47,1.25,14,13,0,not_identified
day,2026-08-11,all_observed,model_permaslug,total_tokens,189,189,189,236,47,1.2486772486772486,14,13,0,not_identified
day,2026-08-11,all_observed,model_permaslug,total_tokens,190,190,190,237,47,1.2473684210526317,14,13,0,not_identified
day,2026-08-11,all_observed,model_permaslug,total_tokens,191,191,191,238,47,1.2460732984293195,14,13,0,not_identified
day,2026-08-11,all_observed,model_permaslug,total_tokens,192,192,192,239,47,1.2447916666666667,14,13,0,not_identified
day,2026-08-11,all_observed,model_permaslug,total_tokens,193,193,193,240,47,1.2435233160621761,14,13,0,not_identified
day,2026-08-11,all_observed,model_permaslug,total_tokens,194,194,194,241,47,1.2422680412371134,14,13,0,not_identified
day,2026-08-11,all_observed,model_permaslug,total_tokens,195,195,195,242,47,1.241025641025641,14,13,0,not_identified
day,2026-08-11,all_observed,model_permaslug,total_tokens,196,196,196,243,47,1.239795918367347,14,13,0,not_identified
day,2026-08-11,all_observed,model_permaslug,total_tokens,197,197,197,244,47,1.2385786802030456,14,14,0,not_identified
day,2026-08-11,all_observed,model_permaslug,total_tokens,198,198,198,245,47,1.2373737373737375,14,14,0,not_identified
day,2026-08-11,all_observed,model_permaslug,total_tokens,199,199,199,246,47,1.236180904522613,14,14,0,not_identified
day,2026-08-11,all_observed,model_permaslug,total_tokens,200,200,200,247,47,1.235,14,14,0,not_identified
day,2026-08-11,all_observed,model_permaslug,total_tokens,201,201,201,248,47,1.2338308457711442,14,14,0,not_identified
day,2026-08-11,all_observed,model_permaslug,total_tokens,202,202,202,249,47,1.2326732673267327,14,14,0,not_identified
day,2026-08-11,all_observed,model_permaslug,total_tokens,203,203,203,250,47,1.2315270935960592,14,14,0,not_identified
day,2026-08-11,all_observed,model_permaslug,total_tokens,204,204,204,251,47,1.2303921568627452,14,14,0,not_identified
day,2026-08-11,all_observed,model_permaslug,total_tokens,205,205,205,252,47,1.2292682926829268,14,14,0,not_identified
day,2026-08-11,all_observed,model_permaslug,total_tokens,206,206,206,253,47,1.2281553398058251,14,14,0,not_identified
day,2026-08-11,all_observed,model_permaslug,total_tokens,207,207,207,254,47,1.2270531400966183,14,14,0,not_identified
day,2026-08-11,all_observed,model_permaslug,total_tokens,208,208,208,255,47,1.2259615384615385,14,14,0,not_identified
day,2026-08-11,all_observed,model_permaslug,total_tokens,209,209,209,256,47,1.2248803827751196,14,14,0,not_identified
day,2026-08-11,all_observed,model_permaslug,total_tokens,210,210,210,257,47,1.223809523809524,14,14,0,not_identified
day,2026-08-11,all_observed,model_permaslug,total_tokens,211,211,211,258,47,1.2227488151658767,14,15,0,not_identified
day,2026-08-11,all_observed,model_permaslug,total_tokens,212,212,212,259,47,1.221698113207547,14,15,0,not_identified
day,2026-08-11,all_observed,model_permaslug,total_tokens,213,213,213,260,47,1.2206572769953052,14,15,0,not_identified
day,2026-08-11,all_observed,model_permaslug,total_tokens,214,214,214,261,47,1.219626168224299,14,15,0,not_identified
day,2026-08-11,all_observed,model_permaslug,total_tokens,215,215,215,262,47,1.2186046511627906,14,15,0,not_identified
day,2026-08-11,all_observed,model_permaslug,total_tokens,216,216,216,263,47,1.2175925925925926,14,15,0,not_identified
day,2026-08-11,all_observed,model_permaslug,total_tokens,217,217,217,264,47,1.2165898617511521,14,15,0,not_identified
day,2026-08-11,all_observed,model_permaslug,total_tokens,218,218,218,265,47,1.2155963302752293,14,15,0,not_identified
day,2026-08-11,all_observed,model_permaslug,total_tokens,219,219,219,266,47,1.2146118721461188,14,15,0,not_identified
day,2026-08-11,all_observed,model_permaslug,total_tokens,220,220,220,267,47,1.2136363636363636,14,15,0,not_identified
day,2026-08-11,all_observed,model_permaslug,total_tokens,221,221,221,268,47,1.2126696832579185,14,15,0,not_identified
day,2026-08-11,all_observed,model_permaslug,total_tokens,222,222,222,269,47,1.2117117117117118,14,15,0,not_identified
day,2026-08-11,all_observed,model_permaslug,total_tokens,223,223,223,270,47,1.210762331838565,14,15,0,not_identified
day,2026-08-11,all_observed,model_permaslug,total_tokens,224,224,224,271,47,1.2098214285714286,14,15,0,not_identified
day,2026-08-11,all_observed,model_permaslug,total_tokens,225,225,225,272,47,1.208888888888889,14,15,0,not_identified
day,2026-08-11,all_observed,model_permaslug,total_tokens,226,226,226,273,47,1.2079646017699115,14,15,0,not_identified
day,2026-08-11,all_observed,model_permaslug,total_tokens,227,227,227,274,47,1.2070484581497798,14,15,0,not_identified
day,2026-08-11,all_observed,model_permaslug,total_tokens,228,228,228,275,47,1.206140350877193,14,15,0,not_identified
day,2026-08-11,all_observed,model_permaslug,total_tokens,229,229,229,276,47,1.205240174672489,14,15,0,not_identified
day,2026-08-11,all_observed,model_permaslug,total_tokens,230,230,230,277,47,1.2043478260869565,14,15,0,not_identified
day,2026-08-11,all_observed,model_permaslug,total_tokens,231,231,231,278,47,1.2034632034632036,14,15,0,not_identified
day,2026-08-11,all_observed,model_permaslug,total_tokens,232,232,232,279,47,1.2025862068965518,14,15,0,not_identified
day,2026-08-11,all_observed,model_permaslug,total_tokens,233,233,233,280,47,1.201716738197425,14,15,0,not_identified
day,2026-08-11,all_observed,model_permaslug,total_tokens,234,234,234,281,47,1.2008547008547008,14,15,0,not_identified
day,2026-08-11,all_observed,model_permaslug,total_tokens,235,235,235,282,47,1.2,14,15,0,not_identified
day,2026-08-11,all_observed,model_permaslug,total_tokens,236,236,236,283,47,1.1991525423728813,14,15,0,not_identified
day,2026-08-11,all_observed,model_permaslug,total_tokens,237,237,237,284,47,1.1983122362869199,14,15,0,not_identified
day,2026-08-11,all_observed,model_permaslug,total_tokens,238,238,238,285,47,1.1974789915966386,14,15,0,not_identified
day,2026-08-11,all_observed,model_permaslug,total_tokens,239,239,239,286,47,1.1966527196652719,14,15,0,not_identified
day,2026-08-11,all_observed,model_permaslug,total_tokens,240,240,240,288,48,1.2,14,15,0,not_identified
day,2026-08-11,all_observed,model_permaslug,total_tokens,241,241,241,289,48,1.1991701244813278,14,15,0,not_identified
day,2026-08-11,all_observed,model_permaslug,total_tokens,242,242,242,290,48,1.1983471074380165,14,15,0,not_identified
day,2026-08-11,all_observed,model_permaslug,total_tokens,243,243,243,291,48,1.1975308641975309,14,15,0,not_identified
day,2026-08-11,all_observed,model_permaslug,total_tokens,244,244,244,292,48,1.1967213114754098,14,15,0,not_identified
day,2026-08-11,all_observed,model_permaslug,total_tokens,245,245,245,294,49,1.2,14,15,0,not_identified
day,2026-08-11,all_observed,model_permaslug,total_tokens,246,246,246,295,49,1.1991869918699187,14,15,0,not_identified
day,2026-08-11,all_observed,model_permaslug,total_tokens,247,247,247,296,49,1.1983805668016194,14,15,0,not_identified
day,2026-08-11,all_observed,model_permaslug,total_tokens,248,248,248,297,49,1.1975806451612903,14,15,0,not_identified
day,2026-08-11,all_observed,model_permaslug,total_tokens,249,249,249,298,49,1.1967871485943775,14,15,0,not_identified
day,2026-08-11,all_observed,model_permaslug,total_tokens,250,250,250,299,49,1.196,14,15,0,not_identified
day,2026-08-11,all_observed,model_permaslug,total_tokens,251,251,251,300,49,1.1952191235059761,14,15,0,not_identified
day,2026-08-11,all_observed,model_permaslug,total_tokens,252,252,252,301,49,1.1944444444444444,15,15,0,not_identified
day,2026-08-11,all_observed,model_permaslug,total_tokens,253,253,253,302,49,1.1936758893280632,15,15,0,not_identified
day,2026-08-11,all_observed,model_permaslug,total_tokens,254,254,254,303,49,1.1929133858267718,15,15,0,not_identified
day,2026-08-11,all_observed,model_permaslug,total_tokens,255,255,255,304,49,1.192156862745098,15,15,0,not_identified
day,2026-08-11,all_observed,model_permaslug,total_tokens,256,256,256,305,49,1.19140625,15,15,0,not_identified
day,2026-08-11,all_observed,model_permaslug,total_tokens,257,257,257,306,49,1.1906614785992218,15,16,0,not_identified
day,2026-08-11,all_observed,model_permaslug,total_tokens,258,258,258,307,49,1.189922480620155,15,16,0,not_identified
day,2026-08-11,all_observed,model_permaslug,total_tokens,259,259,259,308,49,1.1891891891891893,15,16,0,not_identified
day,2026-08-11,all_observed,model_permaslug,total_tokens,260,260,260,309,49,1.1884615384615385,15,17,0,not_identified
day,2026-08-11,all_observed,model_permaslug,total_tokens,261,261,261,310,49,1.1877394636015326,15,17,0,not_identified
day,2026-08-11,all_observed,model_permaslug,total_tokens,262,262,262,311,49,1.1870229007633588,15,17,0,not_identified
day,2026-08-11,all_observed,model_permaslug,total_tokens,263,263,263,312,49,1.1863117870722433,15,17,0,not_identified
day,2026-08-11,all_observed,model_permaslug,total_tokens,264,264,264,313,49,1.1856060606060606,15,17,0,not_identified
day,2026-08-11,all_observed,model_permaslug,total_tokens,265,265,265,314,49,1.1849056603773584,15,17,0,not_identified
day,2026-08-11,all_observed,model_permaslug,total_tokens,266,266,266,315,49,1.1842105263157894,15,17,0,not_identified
day,2026-08-11,all_observed,model_permaslug,total_tokens,267,267,267,316,49,1.1835205992509363,15,17,0,not_identified
day,2026-08-11,all_observed,model_permaslug,total_tokens,268,268,268,317,49,1.1828358208955223,15,17,0,not_identified
day,2026-08-11,all_observed,model_permaslug,total_tokens,269,269,269,319,50,1.1858736059479553,15,17,0,not_identified
day,2026-08-11,all_observed,model_permaslug,total_tokens,270,270,270,320,50,1.1851851851851851,15,17,0,not_identified
day,2026-08-11,all_observed,model_permaslug,total_tokens,271,271,271,321,50,1.1845018450184501,15,17,0,not_identified
day,2026-08-11,all_observed,model_permaslug,total_tokens,272,272,272,322,50,1.1838235294117647,15,17,0,not_identified
day,2026-08-11,all_observed,model_permaslug,total_tokens,273,273,273,323,50,1.1831501831501832,15,18,0,not_identified
day,2026-08-11,all_observed,model_permaslug,total_tokens,274,274,274,324,50,1.1824817518248176,15,18,0,not_identified
day,2026-08-11,all_observed,model_permaslug,total_tokens,275,275,275,325,50,1.1818181818181819,15,18,0,not_identified
day,2026-08-11,all_observed,model_permaslug,total_tokens,276,276,276,326,50,1.181159420289855,15,18,0,not_identified
day,2026-08-11,all_observed,model_permaslug,total_tokens,277,277,277,327,50,1.1805054151624548,15,18,0,not_identified
day,2026-08-11,all_observed,model_permaslug,total_tokens,278,278,278,328,50,1.1798561151079137,15,18,0,not_identified
day,2026-08-11,all_observed,model_permaslug,total_tokens,279,279,279,329,50,1.17921146953405,15,18,0,not_identified
day,2026-08-11,all_observed,model_permaslug,total_tokens,280,280,280,330,50,1.1785714285714286,15,18,0,not_identified
day,2026-08-11,all_observed,model_permaslug,total_tokens,281,281,281,331,50,1.1779359430604983,15,18,0,not_identified
day,2026-08-11,all_observed,model_permaslug,total_tokens,282,282,282,332,50,1.177304964539007,15,18,0,not_identified
day,2026-08-11,all_observed,model_permaslug,total_tokens,283,283,283,333,50,1.176678445229682,15,18,0,not_identified
day,2026-08-11,all_observed,model_permaslug,total_tokens,284,284,284,334,50,1.176056338028169,15,18,0,not_identified
day,2026-08-11,all_observed,model_permaslug,total_tokens,285,285,285,335,50,1.1754385964912282,15,18,0,not_identified
day,2026-08-11,all_observed,model_permaslug,total_tokens,286,286,286,336,50,1.1748251748251748,15,18,0,not_identified
day,2026-08-11,all_observed,model_permaslug,total_tokens,287,287,287,337,50,1.1742160278745644,15,18,0,not_identified
day,2026-08-11,all_observed,model_permaslug,total_tokens,288,288,288,338,50,1.1736111111111112,15,18,0,not_identified
day,2026-08-11,all_observed,model_permaslug,total_tokens,289,289,289,339,50,1.1730103806228374,15,18,0,not_identified
day,2026-08-11,all_observed,model_permaslug,total_tokens,290,290,290,340,50,1.1724137931034482,15,19,0,not_identified
day,2026-08-11,all_observed,model_permaslug,total_tokens,291,291,291,341,50,1.1718213058419245,15,19,0,not_identified
day,2026-08-11,all_observed,model_permaslug,total_tokens,292,292,292,342,50,1.1712328767123288,15,19,0,not_identified
day,2026-08-11,all_observed,model_permaslug,total_tokens,293,293,293,343,50,1.1706484641638226,15,19,0,not_identified
day,2026-08-11,all_observed,model_permaslug,total_tokens,294,294,294,345,51,1.1734693877551021,15,19,0,not_identified
day,2026-08-11,all_observed,model_permaslug,total_tokens,295,295,295,346,51,1.1728813559322033,15,19,0,not_identified
day,2026-08-11,all_observed,model_permaslug,total_tokens,296,296,296,347,51,1.1722972972972974,15,19,0,not_identified
day,2026-08-11,all_observed,model_permaslug,total_tokens,297,297,297,348,51,1.1717171717171717,15,19,0,not_identified
day,2026-08-11,all_observed,model_permaslug,total_tokens,298,298,298,349,51,1.1711409395973154,15,20,0,not_identified
day,2026-08-11,all_observed,model_permaslug,total_tokens,299,299,299,350,51,1.1705685618729098,15,20,0,not_identified
day,2026-08-11,all_observed,model_permaslug,total_tokens,300,300,300,351,51,1.17,15,20,0,not_identified
day,2026-08-11,all_observed,model_permaslug,total_tokens,301,301,301,352,51,1.169435215946844,15,20,0,not_identified
day,2026-08-11,all_observed,model_permaslug,total_tokens,302,302,302,353,51,1.1688741721854305,15,20,0,not_identified
day,2026-08-11,all_observed,model_permaslug,total_tokens,303,303,303,354,51,1.1683168316831682,15,20,0,not_identified
day,2026-08-11,all_observed,model_permaslug,total_tokens,304,304,304,355,51,1.167763157894737,15,20,0,not_identified
day,2026-08-11,all_observed,model_permaslug,total_tokens,305,305,305,356,51,1.1672131147540983,15,20,0,not_identified
day,2026-08-11,all_observed,model_permaslug,total_tokens,306,306,306,357,51,1.1666666666666667,15,20,0,not_identified
day,2026-08-11,all_observed,model_permaslug,total_tokens,307,307,307,358,51,1.1661237785016287,15,20,0,not_identified
day,2026-08-11,all_observed,model_permaslug,total_tokens,308,308,308,359,51,1.1655844155844155,15,20,0,not_identified
day,2026-08-11,all_observed,model_permaslug,total_tokens,309,309,309,360,51,1.1650485436893203,15,20,0,not_identified
day,2026-08-11,all_observed,model_permaslug,total_tokens,310,310,310,361,51,1.164516129032258,15,20,0,not_identified
day,2026-08-11,all_observed,model_permaslug,total_tokens,311,311,311,362,51,1.1639871382636655,15,20,0,not_identified
day,2026-08-11,all_observed,model_permaslug,total_tokens,312,312,312,363,51,1.1634615384615385,15,20,0,not_identified
day,2026-08-11,all_observed,model_permaslug,total_tokens,313,313,313,364,51,1.1629392971246006,15,20,0,not_identified
day,2026-08-11,all_observed,model_permaslug,total_tokens,314,314,314,365,51,1.1624203821656052,16,20,0,not_identified
day,2026-08-11,all_observed,model_permaslug,total_tokens,315,315,315,366,51,1.161904761904762,16,20,0,not_identified
day,2026-08-11,all_observed,model_permaslug,total_tokens,316,316,316,367,51,1.1613924050632911,16,21,0,not_identified
day,2026-08-11,all_observed,model_permaslug,total_tokens,317,317,317,368,51,1.160883280757098,16,21,0,not_identified
day,2026-08-11,all_observed,model_permaslug,total_tokens,318,318,318,369,51,1.1603773584905661,16,21,0,not_identified
day,2026-08-11,all_observed,model_permaslug,total_tokens,319,319,319,370,51,1.1598746081504703,16,21,0,not_identified
day,2026-08-11,all_observed,model_permaslug,total_tokens,320,320,320,371,51,1.159375,16,21,0,not_identified
day,2026-08-11,all_observed,model_permaslug,total_tokens,321,321,321,372,51,1.158878504672897,16,21,0,not_identified
day,2026-08-11,all_observed,model_permaslug,total_tokens,322,322,322,373,51,1.1583850931677018,16,21,0,not_identified
day,2026-08-11,all_observed,model_permaslug,total_tokens,323,323,323,374,51,1.1578947368421053,16,21,0,not_identified
day,2026-08-11,all_observed,model_permaslug,total_tokens,324,324,324,375,51,1.1574074074074074,16,21,0,not_identified
day,2026-08-11,all_observed,model_permaslug,total_tokens,325,325,325,376,51,1.156923076923077,16,21,0,not_identified
day,2026-08-11,all_observed,model_permaslug,total_tokens,326,326,326,377,51,1.156441717791411,16,21,0,not_identified
day,2026-08-11,all_observed,model_permaslug,total_tokens,327,327,327,378,51,1.1559633027522935,16,21,0,not_identified
day,2026-08-11,all_observed,model_permaslug,total_tokens,328,328,328,379,51,1.1554878048780488,16,21,0,not_identified
day,2026-08-11,all_observed,model_permaslug,total_tokens,329,329,329,380,51,1.155015197568389,16,21,0,not_identified
day,2026-08-11,all_observed,model_permaslug,total_tokens,330,330,330,381,51,1.1545454545454545,16,21,0,not_identified
day,2026-08-11,all_observed,model_permaslug,total_tokens,331,331,331,382,51,1.1540785498489425,16,21,0,not_identified
day,2026-08-11,all_observed,model_permaslug,total_tokens,332,332,332,383,51,1.1536144578313252,16,21,0,not_identified
day,2026-08-11,all_observed,model_permaslug,total_tokens,333,333,333,384,51,1.1531531531531531,16,21,0,not_identified
day,2026-08-11,all_observed,model_permaslug,total_tokens,334,334,334,385,51,1.152694610778443,16,21,0,not_identified
day,2026-08-11,all_observed,model_permaslug,total_tokens,335,335,335,386,51,1.1522388059701492,16,21,0,not_identified
day,2026-08-11,all_observed,model_permaslug,total_tokens,336,336,336,387,51,1.1517857142857142,16,21,0,not_identified
day,2026-08-11,all_observed,model_permaslug,total_tokens,337,337,337,388,51,1.1513353115727003,16,21,0,not_identified
day,2026-08-11,all_observed,model_permaslug,total_tokens,338,338,338,389,51,1.150887573964497,16,21,0,not_identified
day,2026-08-11,all_observed,model_permaslug,total_tokens,339,339,339,390,51,1.1504424778761062,16,21,0,not_identified
day,2026-08-11,all_observed,model_permaslug,total_tokens,340,340,340,391,51,1.15,16,21,0,not_identified
day,2026-08-11,all_observed,model_permaslug,total_tokens,341,341,341,392,51,1.1495601173020529,16,21,0,not_identified
day,2026-08-11,all_observed,model_permaslug,total_tokens,342,342,342,393,51,1.1491228070175439,16,21,0,not_identified
day,2026-08-11,all_observed,model_permaslug,total_tokens,343,343,343,394,51,1.1486880466472302,16,21,0,not_identified
day,2026-08-11,all_observed,model_permaslug,total_tokens,344,344,344,395,51,1.1482558139534884,16,21,0,not_identified
day,2026-08-11,all_observed,model_permaslug,total_tokens,345,345,345,396,51,1.1478260869565218,16,21,0,not_identified
day,2026-08-11,all_observed,model_permaslug,total_tokens,346,346,346,397,51,1.1473988439306357,16,21,0,not_identified
day,2026-08-11,all_observed,model_permaslug,total_tokens,347,347,347,398,51,1.1469740634005763,16,21,0,not_identified
day,2026-08-11,all_observed,model_permaslug,total_tokens,348,348,348,399,51,1.146551724137931,16,21,0,not_identified
day,2026-08-11,all_observed,model_permaslug,total_tokens,349,349,349,400,51,1.146131805157593,16,21,0,not_identified
day,2026-08-11,all_observed,model_permaslug,total_tokens,350,350,350,401,51,1.1457142857142857,16,21,0,not_identified
day,2026-08-11,all_observed,model_permaslug,total_tokens,351,351,351,402,51,1.1452991452991452,16,21,0,not_identified
day,2026-08-11,all_observed,model_permaslug,total_tokens,352,352,352,403,51,1.1448863636363635,16,21,0,not_identified
day,2026-08-11,all_observed,model_permaslug,total_tokens,353,353,353,404,51,1.1444759206798867,16,21,0,not_identified
day,2026-08-11,all_observed,model_permaslug,total_tokens,354,354,354,405,51,1.1440677966101696,16,21,0,not_identified
day,2026-08-11,all_observed,model_permaslug,total_tokens,355,355,355,406,51,1.143661971830986,16,21,0,not_identified
day,2026-08-11,all_observed,model_permaslug,total_tokens,356,356,356,407,51,1.1432584269662922,16,21,0,not_identified
day,2026-08-11,all_observed,model_permaslug,total_tokens,357,357,357,408,51,1.1428571428571428,16,21,0,not_identified
day,2026-08-11,all_observed,model_permaslug,total_tokens,358,358,358,409,51,1.1424581005586592,16,21,0,not_identified
day,2026-08-11,all_observed,model_permaslug,total_tokens,359,359,359,410,51,1.1420612813370474,16,21,0,not_identified
day,2026-08-11,all_observed,model_permaslug,total_tokens,360,360,360,411,51,1.1416666666666666,16,22,0,not_identified
day,2026-08-11,all_observed,model_permaslug,total_tokens,361,361,361,412,51,1.1412742382271468,16,22,0,not_identified
day,2026-08-11,all_observed,model_permaslug,total_tokens,362,362,362,413,51,1.1408839779005524,16,22,0,not_identified
day,2026-08-11,all_observed,model_permaslug,total_tokens,363,363,363,414,51,1.140495867768595,16,22,0,not_identified
day,2026-08-11,all_observed,model_permaslug,total_tokens,364,364,364,415,51,1.14010989010989,16,22,0,not_identified
day,2026-08-11,all_observed,model_permaslug,total_tokens,365,365,365,416,51,1.1397260273972603,16,22,0,not_identified
day,2026-08-11,all_observed,model_permaslug,total_tokens,366,366,366,417,51,1.139344262295082,16,22,0,not_identified
day,2026-08-11,all_observed,model_permaslug,total_tokens,367,367,367,418,51,1.1389645776566757,16,22,0,not_identified
day,2026-08-11,all_observed,model_permaslug,total_tokens,368,368,368,419,51,1.138586956521739,16,22,0,not_identified
day,2026-08-11,all_observed,model_permaslug,total_tokens,369,369,369,420,51,1.1382113821138211,16,22,0,not_identified
day,2026-08-11,all_observed,model_permaslug,total_tokens,370,370,370,421,51,1.1378378378378378,16,22,0,not_identified
day,2026-08-11,all_observed,model_permaslug,total_tokens,371,371,371,422,51,1.137466307277628,16,22,0,not_identified
day,2026-08-11,all_observed,model_permaslug,total_tokens,372,372,372,423,51,1.1370967741935485,16,22,0,not_identified
day,2026-08-11,all_observed,model_permaslug,total_tokens,373,373,373,424,51,1.1367292225201073,16,22,0,not_identified
day,2026-08-11,all_observed,model_permaslug,total_tokens,374,374,374,425,51,1.1363636363636365,16,22,0,not_identified
day,2026-08-11,all_observed,model_permaslug,total_tokens,375,375,375,426,51,1.136,16,22,0,not_identified
day,2026-08-11,all_observed,model_permaslug,total_tokens,376,376,376,427,51,1.1356382978723405,16,22,0,not_identified
day,2026-08-11,all_observed,model_permaslug,total_tokens,377,377,377,428,51,1.1352785145888593,16,22,0,not_identified
day,2026-08-11,all_observed,model_permaslug,total_tokens,378,378,378,429,51,1.1349206349206349,16,22,0,not_identified
day,2026-08-11,all_observed,model_permaslug,total_tokens,379,379,379,430,51,1.1345646437994723,16,22,0,not_identified
day,2026-08-11,all_observed,model_permaslug,total_tokens,380,380,380,431,51,1.1342105263157896,16,22,0,not_identified
day,2026-08-11,all_observed,model_permaslug,total_tokens,381,381,381,432,51,1.1338582677165354,16,22,0,not_identified
day,2026-08-11,all_observed,model_permaslug,total_tokens,382,382,382,433,51,1.1335078534031413,16,22,0,not_identified
day,2026-08-11,all_observed,model_permaslug,total_tokens,383,383,383,434,51,1.133159268929504,16,22,0,not_identified
day,2026-08-11,all_observed,model_permaslug,total_tokens,384,384,384,435,51,1.1328125,16,22,0,not_identified
day,2026-08-11,all_observed,model_permaslug,total_tokens,385,385,385,436,51,1.1324675324675324,16,22,0,not_identified
day,2026-08-11,all_observed,model_permaslug,total_tokens,386,386,386,437,51,1.1321243523316062,16,22,0,not_identified
day,2026-08-11,all_observed,model_permaslug,total_tokens,387,387,387,438,51,1.1317829457364341,16,22,0,not_identified
day,2026-08-11,all_observed,model_permaslug,total_tokens,388,388,388,439,51,1.1314432989690721,16,22,0,not_identified
day,2026-08-11,all_observed,model_permaslug,total_tokens,389,389,389,440,51,1.1311053984575836,16,22,0,not_identified
day,2026-08-11,all_observed,model_permaslug,total_tokens,390,390,390,441,51,1.1307692307692307,16,22,0,not_identified
day,2026-08-11,all_observed,model_permaslug,total_tokens,391,391,391,442,51,1.1304347826086956,16,22,0,not_identified
day,2026-08-11,all_observed,model_permaslug,total_tokens,392,392,392,443,51,1.1301020408163265,16,22,0,not_identified
day,2026-08-11,all_observed,model_permaslug,total_tokens,393,393,393,444,51,1.1297709923664123,16,22,0,not_identified
day,2026-08-11,all_observed,model_permaslug,total_tokens,394,394,394,445,51,1.1294416243654823,16,22,0,not_identified
day,2026-08-11,all_observed,model_permaslug,total_tokens,395,395,395,446,51,1.129113924050633,16,22,0,not_identified
day,2026-08-11,all_observed,model_permaslug,total_tokens,396,396,396,447,51,1.128787878787879,16,22,0,not_identified
day,2026-08-11,all_observed,model_permaslug,total_tokens,397,397,397,448,51,1.128463476070529,16,22,0,not_identified
day,2026-08-11,all_observed,model_permaslug,total_tokens,398,398,398,449,51,1.1281407035175879,16,22,0,not_identified
day,2026-08-11,all_observed,model_permaslug,total_tokens,399,399,399,450,51,1.1278195488721805,16,22,0,not_identified
day,2026-08-11,all_observed,model_permaslug,total_tokens,400,400,400,451,51,1.1275,16,22,0,not_identified
day,2026-08-11,all_observed,model_permaslug,total_tokens,401,401,401,452,51,1.1271820448877805,16,22,0,not_identified
day,2026-08-11,all_observed,model_permaslug,total_tokens,402,402,402,453,51,1.126865671641791,16,22,0,not_identified
day,2026-08-11,all_observed,model_permaslug,total_tokens,403,403,403,454,51,1.1265508684863523,16,23,0,not_identified
day,2026-08-11,all_observed,model_permaslug,total_tokens,404,404,404,455,51,1.1262376237623761,16,23,0,not_identified
day,2026-08-11,all_observed,model_permaslug,total_tokens,405,405,405,456,51,1.125925925925926,16,23,0,not_identified
day,2026-08-11,all_observed,model_permaslug,total_tokens,406,406,406,457,51,1.125615763546798,16,23,0,not_identified
day,2026-08-11,all_observed,model_permaslug,total_tokens,407,407,407,458,51,1.1253071253071254,16,24,0,not_identified
day,2026-08-11,all_observed,model_permaslug,total_tokens,408,408,408,459,51,1.125,16,24,0,not_identified
day,2026-08-11,all_observed,model_permaslug,total_tokens,409,409,409,460,51,1.1246943765281174,16,25,0,not_identified
day,2026-08-11,all_observed,model_permaslug,total_tokens,410,410,410,461,51,1.1243902439024391,16,25,0,not_identified
day,2026-08-11,all_observed,model_permaslug,total_tokens,411,411,411,462,51,1.1240875912408759,16,25,0,not_identified
day,2026-08-11,all_observed,model_permaslug,total_tokens,412,412,412,463,51,1.1237864077669903,16,25,0,not_identified
day,2026-08-11,all_observed,model_permaslug,total_tokens,413,413,413,464,51,1.1234866828087167,16,25,0,not_identified
day,2026-08-11,all_observed,model_permaslug,total_tokens,414,414,414,465,51,1.1231884057971016,16,25,0,not_identified
day,2026-08-11,all_observed,model_permaslug,total_tokens,415,415,415,466,51,1.1228915662650603,16,25,0,not_identified
day,2026-08-11,all_observed,model_permaslug,total_tokens,416,416,416,467,51,1.1225961538461537,16,25,0,not_identified
day,2026-08-11,all_observed,model_permaslug,total_tokens,417,417,417,468,51,1.1223021582733812,16,25,0,not_identified
day,2026-08-11,all_observed,model_permaslug,total_tokens,418,418,418,469,51,1.1220095693779903,16,25,0,not_identified
day,2026-08-11,all_observed,model_permaslug,total_tokens,419,419,419,470,51,1.1217183770883055,16,25,0,not_identified
day,2026-08-11,all_observed,model_permaslug,total_tokens,420,420,420,471,51,1.1214285714285714,16,25,0,not_identified
day,2026-08-11,all_observed,model_permaslug,total_tokens,421,421,421,472,51,1.1211401425178147,16,25,0,not_identified
day,2026-08-11,all_observed,model_permaslug,total_tokens,422,422,422,473,51,1.1208530805687205,16,25,0,not_identified
day,2026-08-11,all_observed,model_permaslug,total_tokens,423,423,423,474,51,1.1205673758865249,16,25,0,not_identified
day,2026-08-11,all_observed,model_permaslug,total_tokens,424,424,424,475,51,1.1202830188679245,16,25,0,not_identified
day,2026-08-11,all_observed,model_permaslug,total_tokens,425,425,425,476,51,1.12,16,25,0,not_identified
day,2026-08-11,all_observed,model_permaslug,total_tokens,426,426,426,477,51,1.119718309859155,16,25,0,not_identified
day,2026-08-11,all_observed,model_permaslug,total_tokens,427,427,427,478,51,1.1194379391100702,16,25,0,not_identified
day,2026-08-11,all_observed,model_permaslug,total_tokens,428,428,428,479,51,1.1191588785046729,16,25,0,not_identified
day,2026-08-11,all_observed,model_permaslug,total_tokens,429,429,429,480,51,1.118881118881119,16,25,0,not_identified
day,2026-08-11,all_observed,model_permaslug,total_tokens,430,430,430,481,51,1.1186046511627907,16,25,0,not_identified
day,2026-08-11,all_observed,model_permaslug,total_tokens,431,431,431,482,51,1.1183294663573087,16,25,0,not_identified
day,2026-08-11,all_observed,model_permaslug,total_tokens,432,432,432,483,51,1.1180555555555556,16,25,0,not_identified
day,2026-08-11,all_observed,model_permaslug,total_tokens,433,433,433,484,51,1.117782909930716,17,25,0,not_identified
day,2026-08-11,all_observed,model_permaslug,total_tokens,434,434,434,485,51,1.1175115207373272,17,25,0,not_identified
day,2026-08-11,all_observed,model_permaslug,total_tokens,435,435,435,486,51,1.1172413793103448,17,25,0,not_identified
day,2026-08-11,all_observed,model_permaslug,total_tokens,436,436,436,487,51,1.1169724770642202,17,25,0,not_identified
day,2026-08-11,all_observed,model_permaslug,total_tokens,437,437,437,488,51,1.1167048054919908,17,25,0,not_identified
day,2026-08-11,all_observed,model_permaslug,total_tokens,438,438,438,489,51,1.1164383561643836,17,25,0,not_identified
day,2026-08-11,all_observed,model_permaslug,total_tokens,439,439,439,490,51,1.1161731207289294,17,25,0,not_identified
day,2026-08-11,all_observed,model_permaslug,requests,1,1,1,1,0,1.0,1,1,0,not_identified
day,2026-08-11,all_observed,model_permaslug,requests,2,2,2,2,0,1.0,1,1,0,not_identified
day,2026-08-11,all_observed,model_permaslug,requests,3,3,3,4,1,1.3333333333333333,2,2,0,not_identified
day,2026-08-11,all_observed,model_permaslug,requests,4,4,4,6,2,1.5,3,3,0,not_identified
day,2026-08-11,all_observed,model_permaslug,requests,5,5,5,8,3,1.6,4,4,0,not_identified
day,2026-08-11,all_observed,model_permaslug,requests,6,6,6,10,4,1.6666666666666667,4,4,0,not_identified
day,2026-08-11,all_observed,model_permaslug,requests,7,7,7,11,4,1.5714285714285714,5,4,0,not_identified
day,2026-08-11,all_observed,model_permaslug,requests,8,8,8,13,5,1.625,5,4,0,not_identified
day,2026-08-11,all_observed,model_permaslug,requests,9,9,9,15,6,1.6666666666666667,5,4,0,not_identified
day,2026-08-11,all_observed,model_permaslug,requests,10,10,10,17,7,1.7,5,4,0,not_identified
day,2026-08-11,all_observed,model_permaslug,requests,11,11,11,18,7,1.6363636363636365,5,4,0,not_identified
day,2026-08-11,all_observed,model_permaslug,requests,12,12,12,19,7,1.5833333333333333,5,4,0,not_identified
day,2026-08-11,all_observed,model_permaslug,requests,13,13,13,20,7,1.5384615384615385,5,5,0,not_identified
day,2026-08-11,all_observed,model_permaslug,requests,14,14,14,22,8,1.5714285714285714,5,5,0,not_identified
day,2026-08-11,all_observed,model_permaslug,requests,15,15,15,23,8,1.5333333333333334,5,5,0,not_identified
day,2026-08-11,all_observed,model_permaslug,requests,16,16,16,25,9,1.5625,5,5,0,not_identified
day,2026-08-11,all_observed,model_permaslug,requests,17,17,17,26,9,1.5294117647058822,5,5,0,not_identified
day,2026-08-11,all_observed,model_permaslug,requests,18,18,18,27,9,1.5,6,5,0,not_identified
day,2026-08-11,all_observed,model_permaslug,requests,19,19,19,28,9,1.4736842105263157,6,6,0,not_identified
day,2026-08-11,all_observed,model_permaslug,requests,20,20,20,29,9,1.45,7,6,0,not_identified
day,2026-08-11,all_observed,model_permaslug,requests,21,21,21,30,9,1.4285714285714286,7,6,0,not_identified
day,2026-08-11,all_observed,model_permaslug,requests,22,22,22,32,10,1.4545454545454546,8,6,0,not_identified
day,2026-08-11,all_observed,model_permaslug,requests,23,23,23,34,11,1.4782608695652173,8,6,0,not_identified
day,2026-08-11,all_observed,model_permaslug,requests,24,24,24,36,12,1.5,8,6,0,not_identified
day,2026-08-11,all_observed,model_permaslug,requests,25,25,25,38,13,1.52,8,6,0,not_identified
day,2026-08-11,all_observed,model_permaslug,requests,26,26,26,39,13,1.5,8,6,0,not_identified
day,2026-08-11,all_observed,model_permaslug,requests,27,27,27,41,14,1.5185185185185186,8,6,0,not_identified
day,2026-08-11,all_observed,model_permaslug,requests,28,28,28,43,15,1.5357142857142858,8,6,0,not_identified
day,2026-08-11,all_observed,model_permaslug,requests,29,29,29,44,15,1.5172413793103448,8,7,0,not_identified
day,2026-08-11,all_observed,model_permaslug,requests,30,30,30,45,15,1.5,9,7,0,not_identified
day,2026-08-11,all_observed,model_permaslug,requests,31,31,31,46,15,1.4838709677419355,9,7,0,not_identified
day,2026-08-11,all_observed,model_permaslug,requests,32,32,32,48,16,1.5,9,7,0,not_identified
day,2026-08-11,all_observed,model_permaslug,requests,33,33,33,49,16,1.4848484848484849,9,7,0,not_identified
day,2026-08-11,all_observed,model_permaslug,requests,34,34,34,50,16,1.4705882352941178,9,7,0,not_identified
day,2026-08-11,all_observed,model_permaslug,requests,35,35,35,52,17,1.4857142857142858,9,7,0,not_identified
day,2026-08-11,all_observed,model_permaslug,requests,36,36,36,54,18,1.5,9,7,0,not_identified
day,2026-08-11,all_observed,model_permaslug,requests,37,37,37,56,19,1.5135135135135136,9,7,0,not_identified
day,2026-08-11,all_observed,model_permaslug,requests,38,38,38,57,19,1.5,9,7,0,not_identified
day,2026-08-11,all_observed,model_permaslug,requests,39,39,39,58,19,1.4871794871794872,9,7,0,not_identified
day,2026-08-11,all_observed,model_permaslug,requests,40,40,40,60,20,1.5,9,7,0,not_identified
day,2026-08-11,all_observed,model_permaslug,requests,41,41,41,61,20,1.4878048780487805,10,7,0,not_identified
day,2026-08-11,all_observed,model_permaslug,requests,42,42,42,62,20,1.4761904761904763,10,7,0,not_identified
day,2026-08-11,all_observed,model_permaslug,requests,43,43,43,64,21,1.4883720930232558,10,7,0,not_identified
day,2026-08-11,all_observed,model_permaslug,requests,44,44,44,66,22,1.5,10,7,0,not_identified
day,2026-08-11,all_observed,model_permaslug,requests,45,45,45,67,22,1.488888888888889,11,7,0,not_identified
day,2026-08-11,all_observed,model_permaslug,requests,46,46,46,68,22,1.4782608695652173,11,7,0,not_identified
day,2026-08-11,all_observed,model_permaslug,requests,47,47,47,69,22,1.4680851063829787,11,7,0,not_identified
day,2026-08-11,all_observed,model_permaslug,requests,48,48,48,70,22,1.4583333333333333,11,7,0,not_identified
day,2026-08-11,all_observed,model_permaslug,requests,49,49,49,71,22,1.4489795918367347,11,7,0,not_identified
day,2026-08-11,all_observed,model_permaslug,requests,50,50,50,72,22,1.44,11,7,0,not_identified
day,2026-08-11,all_observed,model_permaslug,requests,51,51,51,74,23,1.4509803921568627,11,7,0,not_identified
day,2026-08-11,all_observed,model_permaslug,requests,52,52,52,75,23,1.4423076923076923,11,7,0,not_identified
day,2026-08-11,all_observed,model_permaslug,requests,53,53,53,76,23,1.4339622641509433,11,8,0,not_identified
day,2026-08-11,all_observed,model_permaslug,requests,54,54,54,78,24,1.4444444444444444,11,8,0,not_identified
day,2026-08-11,all_observed,model_permaslug,requests,55,55,55,79,24,1.4363636363636363,11,8,0,not_identified
day,2026-08-11,all_observed,model_permaslug,requests,56,56,56,81,25,1.4464285714285714,11,8,0,not_identified
day,2026-08-11,all_observed,model_permaslug,requests,57,57,57,82,25,1.4385964912280702,11,8,0,not_identified
day,2026-08-11,all_observed,model_permaslug,requests,58,58,58,84,26,1.4482758620689655,11,8,0,not_identified
day,2026-08-11,all_observed,model_permaslug,requests,59,59,59,85,26,1.4406779661016949,11,8,0,not_identified
day,2026-08-11,all_observed,model_permaslug,requests,60,60,60,86,26,1.4333333333333333,11,8,0,not_identified
day,2026-08-11,all_observed,model_permaslug,requests,61,61,61,87,26,1.4262295081967213,11,8,0,not_identified
day,2026-08-11,all_observed,model_permaslug,requests,62,62,62,88,26,1.4193548387096775,11,8,0,not_identified
day,2026-08-11,all_observed,model_permaslug,requests,63,63,63,89,26,1.4126984126984128,12,8,0,not_identified
day,2026-08-11,all_observed,model_permaslug,requests,64,64,64,90,26,1.40625,12,8,0,not_identified
day,2026-08-11,all_observed,model_permaslug,requests,65,65,65,91,26,1.4,13,8,0,not_identified
day,2026-08-11,all_observed,model_permaslug,requests,66,66,66,93,27,1.4090909090909092,13,8,0,not_identified
day,2026-08-11,all_observed,model_permaslug,requests,67,67,67,95,28,1.4179104477611941,13,8,0,not_identified
day,2026-08-11,all_observed,model_permaslug,requests,68,68,68,96,28,1.411764705882353,13,8,0,not_identified
day,2026-08-11,all_observed,model_permaslug,requests,69,69,69,97,28,1.4057971014492754,13,8,0,not_identified
day,2026-08-11,all_observed,model_permaslug,requests,70,70,70,98,28,1.4,13,8,0,not_identified
day,2026-08-11,all_observed,model_permaslug,requests,71,71,71,99,28,1.3943661971830985,13,8,0,not_identified
day,2026-08-11,all_observed,model_permaslug,requests,72,72,72,100,28,1.3888888888888888,13,8,0,not_identified
day,2026-08-11,all_observed,model_permaslug,requests,73,73,73,101,28,1.3835616438356164,13,8,0,not_identified
day,2026-08-11,all_observed,model_permaslug,requests,74,74,74,102,28,1.3783783783783783,13,8,0,not_identified
day,2026-08-11,all_observed,model_permaslug,requests,75,75,75,104,29,1.3866666666666667,13,8,0,not_identified
day,2026-08-11,all_observed,model_permaslug,requests,76,76,76,105,29,1.381578947368421,13,8,0,not_identified
day,2026-08-11,all_observed,model_permaslug,requests,77,77,77,106,29,1.3766233766233766,13,8,0,not_identified
day,2026-08-11,all_observed,model_permaslug,requests,78,78,78,107,29,1.3717948717948718,13,8,0,not_identified
day,2026-08-11,all_observed,model_permaslug,requests,79,79,79,108,29,1.3670886075949367,13,8,0,not_identified
day,2026-08-11,all_observed,model_permaslug,requests,80,80,80,110,30,1.375,13,8,0,not_identified
day,2026-08-11,all_observed,model_permaslug,requests,81,81,81,112,31,1.382716049382716,13,8,0,not_identified
day,2026-08-11,all_observed,model_permaslug,requests,82,82,82,114,32,1.3902439024390243,13,8,0,not_identified
day,2026-08-11,all_observed,model_permaslug,requests,83,83,83,115,32,1.3855421686746987,13,8,0,not_identified
day,2026-08-11,all_observed,model_permaslug,requests,84,84,84,116,32,1.380952380952381,13,8,0,not_identified
day,2026-08-11,all_observed,model_permaslug,requests,85,85,85,118,33,1.388235294117647,13,8,0,not_identified
day,2026-08-11,all_observed,model_permaslug,requests,86,86,86,119,33,1.3837209302325582,13,8,0,not_identified
day,2026-08-11,all_observed,model_permaslug,requests,87,87,87,120,33,1.3793103448275863,13,9,0,not_identified
day,2026-08-11,all_observed,model_permaslug,requests,88,88,88,121,33,1.375,13,9,0,not_identified
day,2026-08-11,all_observed,model_permaslug,requests,89,89,89,123,34,1.3820224719101124,13,9,0,not_identified
day,2026-08-11,all_observed,model_permaslug,requests,90,90,90,124,34,1.3777777777777778,13,9,0,not_identified
day,2026-08-11,all_observed,model_permaslug,requests,91,91,91,125,34,1.3736263736263736,13,9,0,not_identified
day,2026-08-11,all_observed,model_permaslug,requests,92,92,92,126,34,1.3695652173913044,13,9,0,not_identified
day,2026-08-11,all_observed,model_permaslug,requests,93,93,93,128,35,1.3763440860215055,13,9,0,not_identified
day,2026-08-11,all_observed,model_permaslug,requests,94,94,94,130,36,1.3829787234042554,14,9,0,not_identified
day,2026-08-11,all_observed,model_permaslug,requests,95,95,95,131,36,1.3789473684210527,14,9,0,not_identified
day,2026-08-11,all_observed,model_permaslug,requests,96,96,96,132,36,1.375,14,9,0,not_identified
day,2026-08-11,all_observed,model_permaslug,requests,97,97,97,133,36,1.3711340206185567,14,9,0,not_identified
day,2026-08-11,all_observed,model_permaslug,requests,98,98,98,134,36,1.3673469387755102,14,9,0,not_identified
day,2026-08-11,all_observed,model_permaslug,requests,99,99,99,135,36,1.3636363636363635,14,9,0,not_identified
day,2026-08-11,all_observed,model_permaslug,requests,100,100,100,136,36,1.36,14,9,0,not_identified
day,2026-08-11,all_observed,model_permaslug,requests,101,101,101,137,36,1.3564356435643565,14,9,0,not_identified
day,2026-08-11,all_observed,model_permaslug,requests,102,102,102,138,36,1.3529411764705883,14,9,0,not_identified
day,2026-08-11,all_observed,model_permaslug,requests,103,103,103,139,36,1.3495145631067962,14,9,0,not_identified
day,2026-08-11,all_observed,model_permaslug,requests,104,104,104,140,36,1.3461538461538463,14,9,0,not_identified
day,2026-08-11,all_observed,model_permaslug,requests,105,105,105,142,37,1.3523809523809525,14,9,0,not_identified
day,2026-08-11,all_observed,model_permaslug,requests,106,106,106,143,37,1.349056603773585,14,9,0,not_identified
day,2026-08-11,all_observed,model_permaslug,requests,107,107,107,144,37,1.3457943925233644,14,9,0,not_identified
day,2026-08-11,all_observed,model_permaslug,requests,108,108,108,145,37,1.3425925925925926,14,10,0,not_identified
day,2026-08-11,all_observed,model_permaslug,requests,109,109,109,146,37,1.3394495412844036,14,10,0,not_identified
day,2026-08-11,all_observed,model_permaslug,requests,110,110,110,147,37,1.3363636363636364,14,10,0,not_identified
day,2026-08-11,all_observed,model_permaslug,requests,111,111,111,148,37,1.3333333333333333,14,10,0,not_identified
day,2026-08-11,all_observed,model_permaslug,requests,112,112,112,150,38,1.3392857142857142,14,10,0,not_identified
day,2026-08-11,all_observed,model_permaslug,requests,113,113,113,151,38,1.336283185840708,14,10,0,not_identified
day,2026-08-11,all_observed,model_permaslug,requests,114,114,114,152,38,1.3333333333333333,14,10,0,not_identified
day,2026-08-11,all_observed,model_permaslug,requests,115,115,115,153,38,1.3304347826086957,14,10,0,not_identified
day,2026-08-11,all_observed,model_permaslug,requests,116,116,116,154,38,1.3275862068965518,14,10,0,not_identified
day,2026-08-11,all_observed,model_permaslug,requests,117,117,117,155,38,1.3247863247863247,14,10,0,not_identified
day,2026-08-11,all_observed,model_permaslug,requests,118,118,118,156,38,1.3220338983050848,14,10,0,not_identified
day,2026-08-11,all_observed,model_permaslug,requests,119,119,119,157,38,1.319327731092437,14,10,0,not_identified
day,2026-08-11,all_observed,model_permaslug,requests,120,120,120,158,38,1.3166666666666667,14,10,0,not_identified
day,2026-08-11,all_observed,model_permaslug,requests,121,121,121,159,38,1.3140495867768596,14,10,0,not_identified
day,2026-08-11,all_observed,model_permaslug,requests,122,122,122,161,39,1.319672131147541,14,10,0,not_identified
day,2026-08-11,all_observed,model_permaslug,requests,123,123,123,162,39,1.3170731707317074,14,10,0,not_identified
day,2026-08-11,all_observed,model_permaslug,requests,124,124,124,163,39,1.314516129032258,14,10,0,not_identified
day,2026-08-11,all_observed,model_permaslug,requests,125,125,125,164,39,1.312,14,10,0,not_identified
day,2026-08-11,all_observed,model_permaslug,requests,126,126,126,165,39,1.3095238095238095,14,10,0,not_identified
day,2026-08-11,all_observed,model_permaslug,requests,127,127,127,166,39,1.3070866141732282,14,11,0,not_identified
day,2026-08-11,all_observed,model_permaslug,requests,128,128,128,167,39,1.3046875,14,11,0,not_identified
day,2026-08-11,all_observed,model_permaslug,requests,129,129,129,168,39,1.302325581395349,14,11,0,not_identified
day,2026-08-11,all_observed,model_permaslug,requests,130,130,130,169,39,1.3,14,11,0,not_identified
day,2026-08-11,all_observed,model_permaslug,requests,131,131,131,170,39,1.297709923664122,14,11,0,not_identified
day,2026-08-11,all_observed,model_permaslug,requests,132,132,132,171,39,1.2954545454545454,14,12,0,not_identified
day,2026-08-11,all_observed,model_permaslug,requests,133,133,133,172,39,1.2932330827067668,14,12,0,not_identified
day,2026-08-11,all_observed,model_permaslug,requests,134,134,134,173,39,1.291044776119403,14,12,0,not_identified
day,2026-08-11,all_observed,model_permaslug,requests,135,135,135,175,40,1.2962962962962963,14,12,0,not_identified
day,2026-08-11,all_observed,model_permaslug,requests,136,136,136,177,41,1.3014705882352942,14,12,0,not_identified
day,2026-08-11,all_observed,model_permaslug,requests,137,137,137,178,41,1.2992700729927007,14,12,0,not_identified
day,2026-08-11,all_observed,model_permaslug,requests,138,138,138,179,41,1.2971014492753623,14,12,0,not_identified
day,2026-08-11,all_observed,model_permaslug,requests,139,139,139,180,41,1.2949640287769784,14,12,0,not_identified
day,2026-08-11,all_observed,model_permaslug,requests,140,140,140,181,41,1.292857142857143,14,12,0,not_identified
day,2026-08-11,all_observed,model_permaslug,requests,141,141,141,182,41,1.2907801418439717,14,12,0,not_identified
day,2026-08-11,all_observed,model_permaslug,requests,142,142,142,183,41,1.2887323943661972,14,12,0,not_identified
day,2026-08-11,all_observed,model_permaslug,requests,143,143,143,184,41,1.2867132867132867,14,13,0,not_identified
day,2026-08-11,all_observed,model_permaslug,requests,144,144,144,185,41,1.2847222222222223,14,13,0,not_identified
day,2026-08-11,all_observed,model_permaslug,requests,145,145,145,186,41,1.282758620689655,14,13,0,not_identified
day,2026-08-11,all_observed,model_permaslug,requests,146,146,146,187,41,1.2808219178082192,14,13,0,not_identified
day,2026-08-11,all_observed,model_permaslug,requests,147,147,147,188,41,1.2789115646258504,14,13,0,not_identified
day,2026-08-11,all_observed,model_permaslug,requests,148,148,148,190,42,1.2837837837837838,14,13,0,not_identified
day,2026-08-11,all_observed,model_permaslug,requests,149,149,149,191,42,1.2818791946308725,14,13,0,not_identified
day,2026-08-11,all_observed,model_permaslug,requests,150,150,150,193,43,1.2866666666666666,14,13,0,not_identified
day,2026-08-11,all_observed,model_permaslug,requests,151,151,151,194,43,1.2847682119205297,14,13,0,not_identified
day,2026-08-11,all_observed,model_permaslug,requests,152,152,152,195,43,1.2828947368421053,14,13,0,not_identified
day,2026-08-11,all_observed,model_permaslug,requests,153,153,153,196,43,1.2810457516339868,14,13,0,not_identified
day,2026-08-11,all_observed,model_permaslug,requests,154,154,154,197,43,1.2792207792207793,14,13,0,not_identified
day,2026-08-11,all_observed,model_permaslug,requests,155,155,155,198,43,1.2774193548387096,14,13,0,not_identified
day,2026-08-11,all_observed,model_permaslug,requests,156,156,156,199,43,1.2756410256410255,14,13,0,not_identified
day,2026-08-11,all_observed,model_permaslug,requests,157,157,157,200,43,1.2738853503184713,14,13,0,not_identified
day,2026-08-11,all_observed,model_permaslug,requests,158,158,158,201,43,1.2721518987341771,14,13,0,not_identified
day,2026-08-11,all_observed,model_permaslug,requests,159,159,159,202,43,1.270440251572327,14,13,0,not_identified
day,2026-08-11,all_observed,model_permaslug,requests,160,160,160,203,43,1.26875,14,14,0,not_identified
day,2026-08-11,all_observed,model_permaslug,requests,161,161,161,204,43,1.2670807453416149,14,14,0,not_identified
day,2026-08-11,all_observed,model_permaslug,requests,162,162,162,206,44,1.271604938271605,14,14,0,not_identified
day,2026-08-11,all_observed,model_permaslug,requests,163,163,163,207,44,1.2699386503067485,14,14,0,not_identified
day,2026-08-11,all_observed,model_permaslug,requests,164,164,164,208,44,1.2682926829268293,14,14,0,not_identified
day,2026-08-11,all_observed,model_permaslug,requests,165,165,165,209,44,1.2666666666666666,14,14,0,not_identified
day,2026-08-11,all_observed,model_permaslug,requests,166,166,166,210,44,1.2650602409638554,14,14,0,not_identified
day,2026-08-11,all_observed,model_permaslug,requests,167,167,167,211,44,1.2634730538922156,14,14,0,not_identified
day,2026-08-11,all_observed,model_permaslug,requests,168,168,168,212,44,1.2619047619047619,14,14,0,not_identified
day,2026-08-11,all_observed,model_permaslug,requests,169,169,169,213,44,1.2603550295857988,14,14,0,not_identified
day,2026-08-11,all_observed,model_permaslug,requests,170,170,170,214,44,1.2588235294117647,14,14,0,not_identified
day,2026-08-11,all_observed,model_permaslug,requests,171,171,171,215,44,1.2573099415204678,14,14,0,not_identified
day,2026-08-11,all_observed,model_permaslug,requests,172,172,172,216,44,1.255813953488372,14,14,0,not_identified
day,2026-08-11,all_observed,model_permaslug,requests,173,173,173,217,44,1.254335260115607,14,14,0,not_identified
day,2026-08-11,all_observed,model_permaslug,requests,174,174,174,218,44,1.2528735632183907,14,14,0,not_identified
day,2026-08-11,all_observed,model_permaslug,requests,175,175,175,219,44,1.2514285714285713,14,14,0,not_identified
day,2026-08-11,all_observed,model_permaslug,requests,176,176,176,220,44,1.25,14,14,0,not_identified
day,2026-08-11,all_observed,model_permaslug,requests,177,177,177,221,44,1.2485875706214689,14,14,0,not_identified
day,2026-08-11,all_observed,model_permaslug,requests,178,178,178,222,44,1.247191011235955,14,14,0,not_identified
day,2026-08-11,all_observed,model_permaslug,requests,179,179,179,223,44,1.2458100558659218,14,14,0,not_identified
day,2026-08-11,all_observed,model_permaslug,requests,180,180,180,224,44,1.2444444444444445,14,14,0,not_identified
day,2026-08-11,all_observed,model_permaslug,requests,181,181,181,225,44,1.2430939226519337,14,14,0,not_identified
day,2026-08-11,all_observed,model_permaslug,requests,182,182,182,226,44,1.2417582417582418,14,14,0,not_identified
day,2026-08-11,all_observed,model_permaslug,requests,183,183,183,227,44,1.2404371584699454,14,14,0,not_identified
day,2026-08-11,all_observed,model_permaslug,requests,184,184,184,228,44,1.2391304347826086,14,14,0,not_identified
day,2026-08-11,all_observed,model_permaslug,requests,185,185,185,229,44,1.2378378378378379,14,15,0,not_identified
day,2026-08-11,all_observed,model_permaslug,requests,186,186,186,230,44,1.2365591397849462,14,15,0,not_identified
day,2026-08-11,all_observed,model_permaslug,requests,187,187,187,231,44,1.2352941176470589,14,15,0,not_identified
day,2026-08-11,all_observed,model_permaslug,requests,188,188,188,232,44,1.2340425531914894,14,15,0,not_identified
day,2026-08-11,all_observed,model_permaslug,requests,189,189,189,233,44,1.2328042328042328,14,15,0,not_identified
day,2026-08-11,all_observed,model_permaslug,requests,190,190,190,234,44,1.231578947368421,14,15,0,not_identified
day,2026-08-11,all_observed,model_permaslug,requests,191,191,191,235,44,1.2303664921465969,14,15,0,not_identified
day,2026-08-11,all_observed,model_permaslug,requests,192,192,192,236,44,1.2291666666666667,14,15,0,not_identified
day,2026-08-11,all_observed,model_permaslug,requests,193,193,193,237,44,1.2279792746113989,14,15,0,not_identified
day,2026-08-11,all_observed,model_permaslug,requests,194,194,194,238,44,1.2268041237113403,14,15,0,not_identified
day,2026-08-11,all_observed,model_permaslug,requests,195,195,195,239,44,1.2256410256410257,14,15,0,not_identified
day,2026-08-11,all_observed,model_permaslug,requests,196,196,196,240,44,1.2244897959183674,14,15,0,not_identified
day,2026-08-11,all_observed,model_permaslug,requests,197,197,197,241,44,1.2233502538071066,14,15,0,not_identified
day,2026-08-11,all_observed,model_permaslug,requests,198,198,198,242,44,1.2222222222222223,15,15,0,not_identified
day,2026-08-11,all_observed,model_permaslug,requests,199,199,199,243,44,1.221105527638191,15,15,0,not_identified
day,2026-08-11,all_observed,model_permaslug,requests,200,200,200,245,45,1.225,15,15,0,not_identified
day,2026-08-11,all_observed,model_permaslug,requests,201,201,201,246,45,1.2238805970149254,15,15,0,not_identified
day,2026-08-11,all_observed,model_permaslug,requests,202,202,202,247,45,1.2227722772277227,15,15,0,not_identified
day,2026-08-11,all_observed,model_permaslug,requests,203,203,203,248,45,1.2216748768472907,15,15,0,not_identified
day,2026-08-11,all_observed,model_permaslug,requests,204,204,204,249,45,1.2205882352941178,15,15,0,not_identified
day,2026-08-11,all_observed,model_permaslug,requests,205,205,205,250,45,1.2195121951219512,15,15,0,not_identified
day,2026-08-11,all_observed,model_permaslug,requests,206,206,206,251,45,1.2184466019417475,15,16,0,not_identified
day,2026-08-11,all_observed,model_permaslug,requests,207,207,207,252,45,1.2173913043478262,15,16,0,not_identified
day,2026-08-11,all_observed,model_permaslug,requests,208,208,208,253,45,1.2163461538461537,15,16,0,not_identified
day,2026-08-11,all_observed,model_permaslug,requests,209,209,209,254,45,1.215311004784689,15,16,0,not_identified
day,2026-08-11,all_observed,model_permaslug,requests,210,210,210,256,46,1.2190476190476192,15,16,0,not_identified
day,2026-08-11,all_observed,model_permaslug,requests,211,211,211,257,46,1.2180094786729858,15,16,0,not_identified
day,2026-08-11,all_observed,model_permaslug,requests,212,212,212,259,47,1.221698113207547,15,16,0,not_identified
day,2026-08-11,all_observed,model_permaslug,requests,213,213,213,260,47,1.2206572769953052,15,16,0,not_identified
day,2026-08-11,all_observed,model_permaslug,requests,214,214,214,261,47,1.219626168224299,15,16,0,not_identified
day,2026-08-11,all_observed,model_permaslug,requests,215,215,215,262,47,1.2186046511627906,15,16,0,not_identified
day,2026-08-11,all_observed,model_permaslug,requests,216,216,216,263,47,1.2175925925925926,15,16,0,not_identified
day,2026-08-11,all_observed,model_permaslug,requests,217,217,217,264,47,1.2165898617511521,15,16,0,not_identified
day,2026-08-11,all_observed,model_permaslug,requests,218,218,218,266,48,1.2201834862385321,15,16,0,not_identified
day,2026-08-11,all_observed,model_permaslug,requests,219,219,219,267,48,1.2191780821917808,15,16,0,not_identified
day,2026-08-11,all_observed,model_permaslug,requests,220,220,220,268,48,1.2181818181818183,15,16,0,not_identified
day,2026-08-11,all_observed,model_permaslug,requests,221,221,221,269,48,1.2171945701357465,15,16,0,not_identified
day,2026-08-11,all_observed,model_permaslug,requests,222,222,222,270,48,1.2162162162162162,15,16,0,not_identified
day,2026-08-11,all_observed,model_permaslug,requests,223,223,223,271,48,1.2152466367713004,15,16,0,not_identified
day,2026-08-11,all_observed,model_permaslug,requests,224,224,224,272,48,1.2142857142857142,15,16,0,not_identified
day,2026-08-11,all_observed,model_permaslug,requests,225,225,225,273,48,1.2133333333333334,15,16,0,not_identified
day,2026-08-11,all_observed,model_permaslug,requests,226,226,226,274,48,1.2123893805309736,15,16,0,not_identified
day,2026-08-11,all_observed,model_permaslug,requests,227,227,227,275,48,1.2114537444933922,15,16,0,not_identified
day,2026-08-11,all_observed,model_permaslug,requests,228,228,228,276,48,1.2105263157894737,15,16,0,not_identified
day,2026-08-11,all_observed,model_permaslug,requests,229,229,229,277,48,1.2096069868995634,15,16,0,not_identified
day,2026-08-11,all_observed,model_permaslug,requests,230,230,230,279,49,1.2130434782608697,15,16,0,not_identified
day,2026-08-11,all_observed,model_permaslug,requests,231,231,231,280,49,1.2121212121212122,15,16,0,not_identified
day,2026-08-11,all_observed,model_permaslug,requests,232,232,232,281,49,1.2112068965517242,15,16,0,not_identified
day,2026-08-11,all_observed,model_permaslug,requests,233,233,233,282,49,1.2103004291845494,15,16,0,not_identified
day,2026-08-11,all_observed,model_permaslug,requests,234,234,234,283,49,1.2094017094017093,15,17,0,not_identified
day,2026-08-11,all_observed,model_permaslug,requests,235,235,235,284,49,1.2085106382978723,15,17,0,not_identified
day,2026-08-11,all_observed,model_permaslug,requests,236,236,236,285,49,1.2076271186440677,15,17,0,not_identified
day,2026-08-11,all_observed,model_permaslug,requests,237,237,237,286,49,1.2067510548523206,15,18,0,not_identified
day,2026-08-11,all_observed,model_permaslug,requests,238,238,238,287,49,1.2058823529411764,15,18,0,not_identified
day,2026-08-11,all_observed,model_permaslug,requests,239,239,239,288,49,1.205020920502092,15,18,0,not_identified
day,2026-08-11,all_observed,model_permaslug,requests,240,240,240,289,49,1.2041666666666666,15,18,0,not_identified
day,2026-08-11,all_observed,model_permaslug,requests,241,241,241,290,49,1.2033195020746887,15,18,0,not_identified
day,2026-08-11,all_observed,model_permaslug,requests,242,242,242,291,49,1.2024793388429753,15,18,0,not_identified
day,2026-08-11,all_observed,model_permaslug,requests,243,243,243,292,49,1.2016460905349795,15,18,0,not_identified
day,2026-08-11,all_observed,model_permaslug,requests,244,244,244,293,49,1.2008196721311475,15,19,0,not_identified
day,2026-08-11,all_observed,model_permaslug,requests,245,245,245,294,49,1.2,15,19,0,not_identified
day,2026-08-11,all_observed,model_permaslug,requests,246,246,246,295,49,1.1991869918699187,15,19,0,not_identified
day,2026-08-11,all_observed,model_permaslug,requests,247,247,247,296,49,1.1983805668016194,15,19,0,not_identified
day,2026-08-11,all_observed,model_permaslug,requests,248,248,248,297,49,1.1975806451612903,15,19,0,not_identified
day,2026-08-11,all_observed,model_permaslug,requests,249,249,249,298,49,1.1967871485943775,15,19,0,not_identified
day,2026-08-11,all_observed,model_permaslug,requests,250,250,250,299,49,1.196,15,19,0,not_identified
day,2026-08-11,all_observed,model_permaslug,requests,251,251,251,300,49,1.1952191235059761,15,19,0,not_identified
day,2026-08-11,all_observed,model_permaslug,requests,252,252,252,301,49,1.1944444444444444,15,19,0,not_identified
day,2026-08-11,all_observed,model_permaslug,requests,253,253,253,302,49,1.1936758893280632,15,20,0,not_identified
day,2026-08-11,all_observed,model_permaslug,requests,254,254,254,303,49,1.1929133858267718,15,20,0,not_identified
day,2026-08-11,all_observed,model_permaslug,requests,255,255,255,304,49,1.192156862745098,15,20,0,not_identified
day,2026-08-11,all_observed,model_permaslug,requests,256,256,256,305,49,1.19140625,15,20,0,not_identified
day,2026-08-11,all_observed,model_permaslug,requests,257,257,257,306,49,1.1906614785992218,15,20,0,not_identified
day,2026-08-11,all_observed,model_permaslug,requests,258,258,258,307,49,1.189922480620155,15,20,0,not_identified
day,2026-08-11,all_observed,model_permaslug,requests,259,259,259,308,49,1.1891891891891893,15,20,0,not_identified
day,2026-08-11,all_observed,model_permaslug,requests,260,260,260,309,49,1.1884615384615385,15,20,0,not_identified
day,2026-08-11,all_observed,model_permaslug,requests,261,261,261,310,49,1.1877394636015326,15,20,0,not_identified
day,2026-08-11,all_observed,model_permaslug,requests,262,262,262,311,49,1.1870229007633588,15,21,0,not_identified
day,2026-08-11,all_observed,model_permaslug,requests,263,263,263,312,49,1.1863117870722433,15,21,0,not_identified
day,2026-08-11,all_observed,model_permaslug,requests,264,264,264,313,49,1.1856060606060606,15,21,0,not_identified
day,2026-08-11,all_observed,model_permaslug,requests,265,265,265,314,49,1.1849056603773584,15,21,0,not_identified
day,2026-08-11,all_observed,model_permaslug,requests,266,266,266,315,49,1.1842105263157894,15,21,0,not_identified
day,2026-08-11,all_observed,model_permaslug,requests,267,267,267,316,49,1.1835205992509363,15,21,0,not_identified
day,2026-08-11,all_observed,model_permaslug,requests,268,268,268,317,49,1.1828358208955223,15,21,0,not_identified
day,2026-08-11,all_observed,model_permaslug,requests,269,269,269,318,49,1.1821561338289963,15,21,0,not_identified
day,2026-08-11,all_observed,model_permaslug,requests,270,270,270,319,49,1.1814814814814816,15,21,0,not_identified
day,2026-08-11,all_observed,model_permaslug,requests,271,271,271,320,49,1.1808118081180812,15,21,0,not_identified
day,2026-08-11,all_observed,model_permaslug,requests,272,272,272,321,49,1.1801470588235294,15,21,0,not_identified
day,2026-08-11,all_observed,model_permaslug,requests,273,273,273,322,49,1.1794871794871795,15,21,0,not_identified
day,2026-08-11,all_observed,model_permaslug,requests,274,274,274,323,49,1.1788321167883211,15,21,0,not_identified
day,2026-08-11,all_observed,model_permaslug,requests,275,275,275,324,49,1.1781818181818182,15,21,0,not_identified
day,2026-08-11,all_observed,model_permaslug,requests,276,276,276,325,49,1.1775362318840579,15,21,0,not_identified
day,2026-08-11,all_observed,model_permaslug,requests,277,277,277,326,49,1.1768953068592058,15,21,0,not_identified
day,2026-08-11,all_observed,model_permaslug,requests,278,278,278,327,49,1.1762589928057554,15,21,0,not_identified
day,2026-08-11,all_observed,model_permaslug,requests,279,279,279,328,49,1.1756272401433692,15,21,0,not_identified
day,2026-08-11,all_observed,model_permaslug,requests,280,280,280,329,49,1.175,15,21,0,not_identified
day,2026-08-11,all_observed,model_permaslug,requests,281,281,281,331,50,1.1779359430604983,15,21,0,not_identified
day,2026-08-11,all_observed,model_permaslug,requests,282,282,282,332,50,1.177304964539007,15,21,0,not_identified
day,2026-08-11,all_observed,model_permaslug,requests,283,283,283,333,50,1.176678445229682,15,21,0,not_identified
day,2026-08-11,all_observed,model_permaslug,requests,284,284,284,334,50,1.176056338028169,15,21,0,not_identified
day,2026-08-11,all_observed,model_permaslug,requests,285,285,285,335,50,1.1754385964912282,15,21,0,not_identified
day,2026-08-11,all_observed,model_permaslug,requests,286,286,286,336,50,1.1748251748251748,15,21,0,not_identified
day,2026-08-11,all_observed,model_permaslug,requests,287,287,287,337,50,1.1742160278745644,15,21,0,not_identified
day,2026-08-11,all_observed,model_permaslug,requests,288,288,288,338,50,1.1736111111111112,15,21,0,not_identified
day,2026-08-11,all_observed,model_permaslug,requests,289,289,289,339,50,1.1730103806228374,15,21,0,not_identified
day,2026-08-11,all_observed,model_permaslug,requests,290,290,290,340,50,1.1724137931034482,15,21,0,not_identified
day,2026-08-11,all_observed,model_permaslug,requests,291,291,291,341,50,1.1718213058419245,15,21,0,not_identified
day,2026-08-11,all_observed,model_permaslug,requests,292,292,292,342,50,1.1712328767123288,15,21,0,not_identified
day,2026-08-11,all_observed,model_permaslug,requests,293,293,293,343,50,1.1706484641638226,15,21,0,not_identified
day,2026-08-11,all_observed,model_permaslug,requests,294,294,294,344,50,1.1700680272108843,15,21,0,not_identified
day,2026-08-11,all_observed,model_permaslug,requests,295,295,295,345,50,1.1694915254237288,15,21,0,not_identified
day,2026-08-11,all_observed,model_permaslug,requests,296,296,296,346,50,1.1689189189189189,15,21,0,not_identified
day,2026-08-11,all_observed,model_permaslug,requests,297,297,297,347,50,1.1683501683501682,15,21,0,not_identified
day,2026-08-11,all_observed,model_permaslug,requests,298,298,298,348,50,1.167785234899329,15,21,0,not_identified
day,2026-08-11,all_observed,model_permaslug,requests,299,299,299,349,50,1.1672240802675586,15,21,0,not_identified
day,2026-08-11,all_observed,model_permaslug,requests,300,300,300,350,50,1.1666666666666667,15,21,0,not_identified
day,2026-08-11,all_observed,model_permaslug,requests,301,301,301,351,50,1.1661129568106312,15,21,0,not_identified
day,2026-08-11,all_observed,model_permaslug,requests,302,302,302,352,50,1.1655629139072847,15,21,0,not_identified
day,2026-08-11,all_observed,model_permaslug,requests,303,303,303,353,50,1.165016501650165,15,21,0,not_identified
day,2026-08-11,all_observed,model_permaslug,requests,304,304,304,354,50,1.1644736842105263,15,21,0,not_identified
day,2026-08-11,all_observed,model_permaslug,requests,305,305,305,355,50,1.1639344262295082,15,21,0,not_identified
day,2026-08-11,all_observed,model_permaslug,requests,306,306,306,357,51,1.1666666666666667,15,21,0,not_identified
day,2026-08-11,all_observed,model_permaslug,requests,307,307,307,358,51,1.1661237785016287,15,21,0,not_identified
day,2026-08-11,all_observed,model_permaslug,requests,308,308,308,359,51,1.1655844155844155,15,21,0,not_identified
day,2026-08-11,all_observed,model_permaslug,requests,309,309,309,360,51,1.1650485436893203,15,21,0,not_identified
day,2026-08-11,all_observed,model_permaslug,requests,310,310,310,361,51,1.164516129032258,15,21,0,not_identified
day,2026-08-11,all_observed,model_permaslug,requests,311,311,311,362,51,1.1639871382636655,15,21,0,not_identified
day,2026-08-11,all_observed,model_permaslug,requests,312,312,312,363,51,1.1634615384615385,15,21,0,not_identified
day,2026-08-11,all_observed,model_permaslug,requests,313,313,313,364,51,1.1629392971246006,15,21,0,not_identified
day,2026-08-11,all_observed,model_permaslug,requests,314,314,314,365,51,1.1624203821656052,15,21,0,not_identified
day,2026-08-11,all_observed,model_permaslug,requests,315,315,315,366,51,1.161904761904762,15,21,0,not_identified
day,2026-08-11,all_observed,model_permaslug,requests,316,316,316,367,51,1.1613924050632911,15,21,0,not_identified
day,2026-08-11,all_observed,model_permaslug,requests,317,317,317,368,51,1.160883280757098,15,21,0,not_identified
day,2026-08-11,all_observed,model_permaslug,requests,318,318,318,369,51,1.1603773584905661,15,21,0,not_identified
day,2026-08-11,all_observed,model_permaslug,requests,319,319,319,370,51,1.1598746081504703,15,21,0,not_identified
day,2026-08-11,all_observed,model_permaslug,requests,320,320,320,371,51,1.159375,15,21,0,not_identified
day,2026-08-11,all_observed,model_permaslug,requests,321,321,321,372,51,1.158878504672897,15,22,0,not_identified
day,2026-08-11,all_observed,model_permaslug,requests,322,322,322,373,51,1.1583850931677018,15,22,0,not_identified
day,2026-08-11,all_observed,model_permaslug,requests,323,323,323,374,51,1.1578947368421053,15,22,0,not_identified
day,2026-08-11,all_observed,model_permaslug,requests,324,324,324,375,51,1.1574074074074074,15,22,0,not_identified
day,2026-08-11,all_observed,model_permaslug,requests,325,325,325,376,51,1.156923076923077,15,22,0,not_identified
day,2026-08-11,all_observed,model_permaslug,requests,326,326,326,377,51,1.156441717791411,15,22,0,not_identified
day,2026-08-11,all_observed,model_permaslug,requests,327,327,327,378,51,1.1559633027522935,15,22,0,not_identified
day,2026-08-11,all_observed,model_permaslug,requests,328,328,328,379,51,1.1554878048780488,15,22,0,not_identified
day,2026-08-11,all_observed,model_permaslug,requests,329,329,329,380,51,1.155015197568389,15,22,0,not_identified
day,2026-08-11,all_observed,model_permaslug,requests,330,330,330,381,51,1.1545454545454545,15,22,0,not_identified
day,2026-08-11,all_observed,model_permaslug,requests,331,331,331,382,51,1.1540785498489425,15,22,0,not_identified
day,2026-08-11,all_observed,model_permaslug,requests,332,332,332,383,51,1.1536144578313252,15,22,0,not_identified
day,2026-08-11,all_observed,model_permaslug,requests,333,333,333,384,51,1.1531531531531531,15,22,0,not_identified
day,2026-08-11,all_observed,model_permaslug,requests,334,334,334,385,51,1.152694610778443,15,22,0,not_identified
day,2026-08-11,all_observed,model_permaslug,requests,335,335,335,386,51,1.1522388059701492,15,22,0,not_identified
day,2026-08-11,all_observed,model_permaslug,requests,336,336,336,387,51,1.1517857142857142,15,22,0,not_identified
day,2026-08-11,all_observed,model_permaslug,requests,337,337,337,388,51,1.1513353115727003,15,22,0,not_identified
day,2026-08-11,all_observed,model_permaslug,requests,338,338,338,389,51,1.150887573964497,15,22,0,not_identified
day,2026-08-11,all_observed,model_permaslug,requests,339,339,339,390,51,1.1504424778761062,15,22,0,not_identified
day,2026-08-11,all_observed,model_permaslug,requests,340,340,340,391,51,1.15,15,22,0,not_identified
day,2026-08-11,all_observed,model_permaslug,requests,341,341,341,392,51,1.1495601173020529,15,22,0,not_identified
day,2026-08-11,all_observed,model_permaslug,requests,342,342,342,393,51,1.1491228070175439,16,22,0,not_identified
day,2026-08-11,all_observed,model_permaslug,requests,343,343,343,394,51,1.1486880466472302,16,22,0,not_identified
day,2026-08-11,all_observed,model_permaslug,requests,344,344,344,395,51,1.1482558139534884,16,22,0,not_identified
day,2026-08-11,all_observed,model_permaslug,requests,345,345,345,396,51,1.1478260869565218,16,22,0,not_identified
day,2026-08-11,all_observed,model_permaslug,requests,346,346,346,397,51,1.1473988439306357,16,22,0,not_identified
day,2026-08-11,all_observed,model_permaslug,requests,347,347,347,398,51,1.1469740634005763,16,22,0,not_identified
day,2026-08-11,all_observed,model_permaslug,requests,348,348,348,399,51,1.146551724137931,17,22,0,not_identified
day,2026-08-11,all_observed,model_permaslug,requests,349,349,349,400,51,1.146131805157593,17,23,0,not_identified
day,2026-08-11,all_observed,model_permaslug,requests,350,350,350,401,51,1.1457142857142857,17,23,0,not_identified
day,2026-08-11,all_observed,model_permaslug,requests,351,351,351,402,51,1.1452991452991452,17,23,0,not_identified
day,2026-08-11,all_observed,model_permaslug,requests,352,352,352,403,51,1.1448863636363635,17,23,0,not_identified
day,2026-08-11,all_observed,model_permaslug,requests,353,353,353,404,51,1.1444759206798867,17,23,0,not_identified
day,2026-08-11,all_observed,model_permaslug,requests,354,354,354,405,51,1.1440677966101696,17,23,0,not_identified
day,2026-08-11,all_observed,model_permaslug,requests,355,355,355,406,51,1.143661971830986,17,23,0,not_identified
day,2026-08-11,all_observed,model_permaslug,requests,356,356,356,407,51,1.1432584269662922,17,23,0,not_identified
day,2026-08-11,all_observed,model_permaslug,requests,357,357,357,408,51,1.1428571428571428,17,23,0,not_identified
day,2026-08-11,all_observed,model_permaslug,requests,358,358,358,409,51,1.1424581005586592,17,23,0,not_identified
day,2026-08-11,all_observed,model_permaslug,requests,359,359,359,410,51,1.1420612813370474,17,23,0,not_identified
day,2026-08-11,all_observed,model_permaslug,requests,360,360,360,411,51,1.1416666666666666,17,24,0,not_identified
day,2026-08-11,all_observed,model_permaslug,requests,361,361,361,412,51,1.1412742382271468,17,24,0,not_identified
day,2026-08-11,all_observed,model_permaslug,requests,362,362,362,413,51,1.1408839779005524,17,24,0,not_identified
day,2026-08-11,all_observed,model_permaslug,requests,363,363,363,414,51,1.140495867768595,17,24,0,not_identified
day,2026-08-11,all_observed,model_permaslug,requests,364,364,364,415,51,1.14010989010989,17,24,0,not_identified
day,2026-08-11,all_observed,model_permaslug,requests,365,365,365,416,51,1.1397260273972603,17,24,0,not_identified
day,2026-08-11,all_observed,model_permaslug,requests,366,366,366,417,51,1.139344262295082,17,24,0,not_identified
day,2026-08-11,all_observed,model_permaslug,requests,367,367,367,418,51,1.1389645776566757,17,24,0,not_identified
day,2026-08-11,all_observed,model_permaslug,requests,368,368,368,419,51,1.138586956521739,17,24,0,not_identified
day,2026-08-11,all_observed,model_permaslug,requests,369,369,369,420,51,1.1382113821138211,17,24,0,not_identified
day,2026-08-11,all_observed,model_permaslug,requests,370,370,370,421,51,1.1378378378378378,17,24,0,not_identified
day,2026-08-11,all_observed,model_permaslug,requests,371,371,371,422,51,1.137466307277628,17,24,0,not_identified
day,2026-08-11,all_observed,model_permaslug,requests,372,372,372,423,51,1.1370967741935485,17,24,0,not_identified
day,2026-08-11,all_observed,model_permaslug,requests,373,373,373,424,51,1.1367292225201073,17,24,0,not_identified
day,2026-08-11,all_observed,model_permaslug,requests,374,374,374,425,51,1.1363636363636365,17,24,0,not_identified
day,2026-08-11,all_observed,model_permaslug,requests,375,375,375,426,51,1.136,17,24,0,not_identified
day,2026-08-11,all_observed,model_permaslug,requests,376,376,376,427,51,1.1356382978723405,17,24,0,not_identified
day,2026-08-11,all_observed,model_permaslug,requests,377,377,377,428,51,1.1352785145888593,17,24,0,not_identified
day,2026-08-11,all_observed,model_permaslug,requests,378,378,378,429,51,1.1349206349206349,17,24,0,not_identified
day,2026-08-11,all_observed,model_permaslug,requests,379,379,379,430,51,1.1345646437994723,17,24,0,not_identified
day,2026-08-11,all_observed,model_permaslug,requests,380,380,380,431,51,1.1342105263157896,17,24,0,not_identified
day,2026-08-11,all_observed,model_permaslug,requests,381,381,381,432,51,1.1338582677165354,17,24,0,not_identified
day,2026-08-11,all_observed,model_permaslug,requests,382,382,382,433,51,1.1335078534031413,17,24,0,not_identified
day,2026-08-11,all_observed,model_permaslug,requests,383,383,383,434,51,1.133159268929504,17,24,0,not_identified
day,2026-08-11,all_observed,model_permaslug,requests,384,384,384,435,51,1.1328125,17,24,0,not_identified
day,2026-08-11,all_observed,model_permaslug,requests,385,385,385,436,51,1.1324675324675324,17,24,0,not_identified
day,2026-08-11,all_observed,model_permaslug,requests,386,386,386,437,51,1.1321243523316062,17,24,0,not_identified
day,2026-08-11,all_observed,model_permaslug,requests,387,387,387,438,51,1.1317829457364341,17,24,0,not_identified
day,2026-08-11,all_observed,model_permaslug,requests,388,388,388,439,51,1.1314432989690721,17,24,0,not_identified
day,2026-08-11,all_observed,model_permaslug,requests,389,389,389,440,51,1.1311053984575836,17,24,0,not_identified
day,2026-08-11,all_observed,model_permaslug,requests,390,390,390,441,51,1.1307692307692307,17,24,0,not_identified
day,2026-08-11,all_observed,model_permaslug,requests,391,391,391,442,51,1.1304347826086956,17,24,0,not_identified
day,2026-08-11,all_observed,model_permaslug,requests,392,392,392,443,51,1.1301020408163265,17,24,0,not_identified
day,2026-08-11,all_observed,model_permaslug,requests,393,393,393,444,51,1.1297709923664123,17,24,0,not_identified
day,2026-08-11,all_observed,model_permaslug,requests,394,394,394,445,51,1.1294416243654823,17,24,0,not_identified
day,2026-08-11,all_observed,model_permaslug,requests,395,395,395,446,51,1.129113924050633,17,24,0,not_identified
day,2026-08-11,all_observed,model_permaslug,requests,396,396,396,447,51,1.128787878787879,17,24,0,not_identified
day,2026-08-11,all_observed,model_permaslug,requests,397,397,397,448,51,1.128463476070529,17,24,0,not_identified
day,2026-08-11,all_observed,model_permaslug,requests,398,398,398,449,51,1.1281407035175879,17,24,0,not_identified
day,2026-08-11,all_observed,model_permaslug,requests,399,399,399,450,51,1.1278195488721805,17,24,0,not_identified
day,2026-08-11,all_observed,model_permaslug,requests,400,400,400,451,51,1.1275,17,24,0,not_identified
day,2026-08-11,all_observed,model_permaslug,requests,401,401,401,452,51,1.1271820448877805,17,24,0,not_identified
day,2026-08-11,all_observed,model_permaslug,requests,402,402,402,453,51,1.126865671641791,17,24,0,not_identified
day,2026-08-11,all_observed,model_permaslug,requests,403,403,403,454,51,1.1265508684863523,17,24,0,not_identified
day,2026-08-11,all_observed,model_permaslug,requests,404,404,404,455,51,1.1262376237623761,17,24,0,not_identified
day,2026-08-11,all_observed,model_permaslug,requests,405,405,405,456,51,1.125925925925926,17,24,0,not_identified
day,2026-08-11,all_observed,model_permaslug,requests,406,406,406,457,51,1.125615763546798,17,24,0,not_identified
day,2026-08-11,all_observed,model_permaslug,requests,407,407,407,458,51,1.1253071253071254,17,24,0,not_identified
day,2026-08-11,all_observed,model_permaslug,requests,408,408,408,459,51,1.125,17,24,0,not_identified
day,2026-08-11,all_observed,model_permaslug,requests,409,409,409,460,51,1.1246943765281174,17,24,0,not_identified
day,2026-08-11,all_observed,model_permaslug,requests,410,410,410,461,51,1.1243902439024391,17,24,0,not_identified
day,2026-08-11,all_observed,model_permaslug,requests,411,411,411,462,51,1.1240875912408759,17,24,0,not_identified
day,2026-08-11,all_observed,model_permaslug,requests,412,412,412,463,51,1.1237864077669903,17,24,0,not_identified
day,2026-08-11,all_observed,model_permaslug,requests,413,413,413,464,51,1.1234866828087167,17,24,0,not_identified
day,2026-08-11,all_observed,model_permaslug,requests,414,414,414,465,51,1.1231884057971016,17,24,0,not_identified
day,2026-08-11,all_observed,model_permaslug,requests,415,415,415,466,51,1.1228915662650603,17,24,0,not_identified
day,2026-08-11,all_observed,model_permaslug,requests,416,416,416,467,51,1.1225961538461537,17,24,0,not_identified
day,2026-08-11,all_observed,model_permaslug,requests,417,417,417,468,51,1.1223021582733812,17,25,0,not_identified
day,2026-08-11,all_observed,model_permaslug,requests,418,418,418,469,51,1.1220095693779903,17,25,0,not_identified
day,2026-08-11,all_observed,model_permaslug,requests,419,419,419,470,51,1.1217183770883055,17,25,0,not_identified
day,2026-08-11,all_observed,model_permaslug,requests,420,420,420,471,51,1.1214285714285714,17,25,0,not_identified
day,2026-08-11,all_observed,model_permaslug,requests,421,421,421,472,51,1.1211401425178147,17,25,0,not_identified
day,2026-08-11,all_observed,model_permaslug,requests,422,422,422,473,51,1.1208530805687205,17,25,0,not_identified
day,2026-08-11,all_observed,model_permaslug,requests,423,423,423,474,51,1.1205673758865249,17,25,0,not_identified
day,2026-08-11,all_observed,model_permaslug,requests,424,424,424,475,51,1.1202830188679245,17,25,0,not_identified
day,2026-08-11,all_observed,model_permaslug,requests,425,425,425,476,51,1.12,17,25,0,not_identified
day,2026-08-11,all_observed,model_permaslug,requests,426,426,426,477,51,1.119718309859155,17,25,0,not_identified
day,2026-08-11,all_observed,model_permaslug,requests,427,427,427,478,51,1.1194379391100702,17,25,0,not_identified
day,2026-08-11,all_observed,model_permaslug,requests,428,428,428,479,51,1.1191588785046729,17,25,0,not_identified
day,2026-08-11,all_observed,model_permaslug,requests,429,429,429,480,51,1.118881118881119,17,25,0,not_identified
day,2026-08-11,all_observed,model_permaslug,requests,430,430,430,481,51,1.1186046511627907,17,25,0,not_identified
day,2026-08-11,all_observed,model_permaslug,requests,431,431,431,482,51,1.1183294663573087,17,25,0,not_identified
day,2026-08-11,all_observed,model_permaslug,requests,432,432,432,483,51,1.1180555555555556,17,25,0,not_identified
day,2026-08-11,all_observed,model_permaslug,requests,433,433,433,484,51,1.117782909930716,17,25,0,not_identified
day,2026-08-11,all_observed,model_permaslug,requests,434,434,434,485,51,1.1175115207373272,17,25,0,not_identified
day,2026-08-11,all_observed,model_permaslug,requests,435,435,435,486,51,1.1172413793103448,17,25,0,not_identified
day,2026-08-11,all_observed,model_permaslug,requests,436,436,436,487,51,1.1169724770642202,17,25,0,not_identified
day,2026-08-11,all_observed,model_permaslug,requests,437,437,437,488,51,1.1167048054919908,17,25,0,not_identified
day,2026-08-11,all_observed,model_permaslug,requests,438,438,438,489,51,1.1164383561643836,17,25,0,not_identified
day,2026-08-11,all_observed,model_permaslug,requests,439,439,439,490,51,1.1161731207289294,17,25,0,not_identified
week,2026-08-11,current_catalog_text_output,exact_model_variant,total_tokens,1,1,1,1,0,1.0,1,1,0,not_identified
week,2026-08-11,current_catalog_text_output,exact_model_variant,total_tokens,2,2,2,2,0,1.0,2,1,0,not_identified
week,2026-08-11,current_catalog_text_output,exact_model_variant,total_tokens,3,3,3,3,0,1.0,2,1,0,not_identified
week,2026-08-11,current_catalog_text_output,exact_model_variant,total_tokens,4,4,4,4,0,1.0,2,2,0,not_identified
week,2026-08-11,current_catalog_text_output,exact_model_variant,total_tokens,5,5,5,5,0,1.0,3,3,0,not_identified
week,2026-08-11,current_catalog_text_output,exact_model_variant,total_tokens,6,6,6,6,0,1.0,3,3,0,not_identified
week,2026-08-11,current_catalog_text_output,exact_model_variant,total_tokens,7,7,7,7,0,1.0,3,3,0,not_identified
week,2026-08-11,current_catalog_text_output,exact_model_variant,total_tokens,8,8,8,8,0,1.0,4,4,0,not_identified
week,2026-08-11,current_catalog_text_output,exact_model_variant,total_tokens,9,9,9,9,0,1.0,4,4,0,not_identified
week,2026-08-11,current_catalog_text_output,exact_model_variant,total_tokens,10,10,10,10,0,1.0,4,4,0,not_identified
week,2026-08-11,current_catalog_text_output,exact_model_variant,total_tokens,11,11,11,11,0,1.0,4,5,0,not_identified
week,2026-08-11,current_catalog_text_output,exact_model_variant,total_tokens,12,12,12,12,0,1.0,4,5,0,not_identified
week,2026-08-11,current_catalog_text_output,exact_model_variant,total_tokens,13,13,13,13,0,1.0,5,5,0,not_identified
week,2026-08-11,current_catalog_text_output,exact_model_variant,total_tokens,14,14,14,14,0,1.0,5,5,0,not_identified
week,2026-08-11,current_catalog_text_output,exact_model_variant,total_tokens,15,15,15,15,0,1.0,5,5,0,not_identified
week,2026-08-11,current_catalog_text_output,exact_model_variant,total_tokens,16,16,16,16,0,1.0,5,5,0,not_identified
week,2026-08-11,current_catalog_text_output,exact_model_variant,total_tokens,17,17,17,17,0,1.0,5,5,0,not_identified
week,2026-08-11,current_catalog_text_output,exact_model_variant,total_tokens,18,18,18,18,0,1.0,5,5,0,not_identified
week,2026-08-11,current_catalog_text_output,exact_model_variant,total_tokens,19,19,19,19,0,1.0,5,5,0,not_identified
week,2026-08-11,current_catalog_text_output,exact_model_variant,total_tokens,20,20,20,20,0,1.0,5,5,0,not_identified
week,2026-08-11,current_catalog_text_output,exact_model_variant,total_tokens,21,21,21,21,0,1.0,5,5,0,not_identified
week,2026-08-11,current_catalog_text_output,exact_model_variant,total_tokens,22,22,22,22,0,1.0,5,5,0,not_identified
week,2026-08-11,current_catalog_text_output,exact_model_variant,total_tokens,23,23,23,23,0,1.0,5,5,0,not_identified
week,2026-08-11,current_catalog_text_output,exact_model_variant,total_tokens,24,24,24,24,0,1.0,5,5,0,not_identified
week,2026-08-11,current_catalog_text_output,exact_model_variant,total_tokens,25,25,25,25,0,1.0,6,5,0,not_identified
week,2026-08-11,current_catalog_text_output,exact_model_variant,total_tokens,26,26,26,26,0,1.0,6,5,0,not_identified
week,2026-08-11,current_catalog_text_output,exact_model_variant,total_tokens,27,27,27,27,0,1.0,6,5,0,not_identified
week,2026-08-11,current_catalog_text_output,exact_model_variant,total_tokens,28,28,28,28,0,1.0,6,5,0,not_identified
week,2026-08-11,current_catalog_text_output,exact_model_variant,total_tokens,29,29,29,29,0,1.0,6,5,0,not_identified
week,2026-08-11,current_catalog_text_output,exact_model_variant,total_tokens,30,30,30,30,0,1.0,6,5,0,not_identified
week,2026-08-11,current_catalog_text_output,exact_model_variant,total_tokens,31,31,31,31,0,1.0,7,5,0,not_identified
week,2026-08-11,current_catalog_text_output,exact_model_variant,total_tokens,32,32,32,32,0,1.0,7,5,0,not_identified
week,2026-08-11,current_catalog_text_output,exact_model_variant,total_tokens,33,33,33,33,0,1.0,8,5,0,not_identified
week,2026-08-11,current_catalog_text_output,exact_model_variant,total_tokens,34,34,34,34,0,1.0,8,5,0,not_identified
week,2026-08-11,current_catalog_text_output,exact_model_variant,total_tokens,35,35,35,35,0,1.0,8,5,0,not_identified
week,2026-08-11,current_catalog_text_output,exact_model_variant,total_tokens,36,36,36,36,0,1.0,8,5,0,not_identified
week,2026-08-11,current_catalog_text_output,exact_model_variant,total_tokens,37,37,37,37,0,1.0,9,5,0,not_identified
week,2026-08-11,current_catalog_text_output,exact_model_variant,total_tokens,38,38,38,38,0,1.0,9,5,0,not_identified
week,2026-08-11,current_catalog_text_output,exact_model_variant,total_tokens,39,39,39,39,0,1.0,9,5,0,not_identified
week,2026-08-11,current_catalog_text_output,exact_model_variant,total_tokens,40,40,40,40,0,1.0,9,5,0,not_identified
week,2026-08-11,current_catalog_text_output,exact_model_variant,total_tokens,41,41,41,41,0,1.0,9,5,0,not_identified
week,2026-08-11,current_catalog_text_output,exact_model_variant,total_tokens,42,42,42,42,0,1.0,9,6,0,not_identified
week,2026-08-11,current_catalog_text_output,exact_model_variant,total_tokens,43,43,43,43,0,1.0,9,6,0,not_identified
week,2026-08-11,current_catalog_text_output,exact_model_variant,total_tokens,44,44,44,44,0,1.0,9,6,0,not_identified
week,2026-08-11,current_catalog_text_output,exact_model_variant,total_tokens,45,45,45,45,0,1.0,9,6,0,not_identified
week,2026-08-11,current_catalog_text_output,exact_model_variant,total_tokens,46,46,46,46,0,1.0,9,6,0,not_identified
week,2026-08-11,current_catalog_text_output,exact_model_variant,total_tokens,47,47,47,47,0,1.0,9,6,0,not_identified
week,2026-08-11,current_catalog_text_output,exact_model_variant,total_tokens,48,48,48,48,0,1.0,9,6,0,not_identified
week,2026-08-11,current_catalog_text_output,exact_model_variant,total_tokens,49,49,49,49,0,1.0,9,6,0,not_identified
week,2026-08-11,current_catalog_text_output,exact_model_variant,total_tokens,50,50,50,50,0,1.0,9,6,0,not_identified
week,2026-08-11,current_catalog_text_output,exact_model_variant,total_tokens,51,51,51,51,0,1.0,9,6,0,not_identified
week,2026-08-11,current_catalog_text_output,exact_model_variant,total_tokens,52,52,52,52,0,1.0,9,6,0,not_identified
week,2026-08-11,current_catalog_text_output,exact_model_variant,total_tokens,53,53,53,53,0,1.0,10,6,0,not_identified
week,2026-08-11,current_catalog_text_output,exact_model_variant,total_tokens,54,54,54,54,0,1.0,10,6,0,not_identified
week,2026-08-11,current_catalog_text_output,exact_model_variant,total_tokens,55,55,55,55,0,1.0,10,6,0,not_identified
week,2026-08-11,current_catalog_text_output,exact_model_variant,total_tokens,56,56,56,56,0,1.0,10,6,0,not_identified
week,2026-08-11,current_catalog_text_output,exact_model_variant,total_tokens,57,57,57,57,0,1.0,10,6,0,not_identified
week,2026-08-11,current_catalog_text_output,exact_model_variant,total_tokens,58,58,58,58,0,1.0,10,6,0,not_identified
week,2026-08-11,current_catalog_text_output,exact_model_variant,total_tokens,59,59,59,59,0,1.0,10,6,0,not_identified
week,2026-08-11,current_catalog_text_output,exact_model_variant,total_tokens,60,60,60,60,0,1.0,10,6,0,not_identified
week,2026-08-11,current_catalog_text_output,exact_model_variant,total_tokens,61,61,61,61,0,1.0,10,6,0,not_identified
week,2026-08-11,current_catalog_text_output,exact_model_variant,total_tokens,62,62,62,62,0,1.0,10,6,0,not_identified
week,2026-08-11,current_catalog_text_output,exact_model_variant,total_tokens,63,63,63,63,0,1.0,10,6,0,not_identified
week,2026-08-11,current_catalog_text_output,exact_model_variant,total_tokens,64,64,64,64,0,1.0,10,6,0,not_identified
week,2026-08-11,current_catalog_text_output,exact_model_variant,total_tokens,65,65,65,65,0,1.0,10,6,0,not_identified
week,2026-08-11,current_catalog_text_output,exact_model_variant,total_tokens,66,66,66,66,0,1.0,10,6,0,not_identified
week,2026-08-11,current_catalog_text_output,exact_model_variant,total_tokens,67,67,67,67,0,1.0,10,6,0,not_identified
week,2026-08-11,current_catalog_text_output,exact_model_variant,total_tokens,68,68,68,68,0,1.0,11,6,0,not_identified
week,2026-08-11,current_catalog_text_output,exact_model_variant,total_tokens,69,69,68,69,1,1.0147058823529411,11,6,0,not_identified
week,2026-08-11,current_catalog_text_output,exact_model_variant,total_tokens,70,70,69,70,1,1.0144927536231885,11,6,0,not_identified
week,2026-08-11,current_catalog_text_output,exact_model_variant,total_tokens,71,71,70,71,1,1.0142857142857142,11,6,0,not_identified
week,2026-08-11,current_catalog_text_output,exact_model_variant,total_tokens,72,72,71,72,1,1.0140845070422535,11,6,0,not_identified
week,2026-08-11,current_catalog_text_output,exact_model_variant,total_tokens,73,73,72,73,1,1.0138888888888888,12,6,0,not_identified
week,2026-08-11,current_catalog_text_output,exact_model_variant,total_tokens,74,74,73,74,1,1.0136986301369864,12,6,0,not_identified
week,2026-08-11,current_catalog_text_output,exact_model_variant,total_tokens,75,75,74,75,1,1.0135135135135136,12,6,0,not_identified
week,2026-08-11,current_catalog_text_output,exact_model_variant,total_tokens,76,76,75,76,1,1.0133333333333334,12,6,0,not_identified
week,2026-08-11,current_catalog_text_output,exact_model_variant,total_tokens,77,77,75,77,2,1.0266666666666666,12,6,0,not_identified
week,2026-08-11,current_catalog_text_output,exact_model_variant,total_tokens,78,78,76,78,2,1.0263157894736843,12,6,0,not_identified
week,2026-08-11,current_catalog_text_output,exact_model_variant,total_tokens,79,79,76,79,3,1.0394736842105263,12,6,0,not_identified
week,2026-08-11,current_catalog_text_output,exact_model_variant,total_tokens,80,80,77,80,3,1.0389610389610389,13,6,0,not_identified
week,2026-08-11,current_catalog_text_output,exact_model_variant,total_tokens,81,81,78,81,3,1.0384615384615385,13,6,0,not_identified
week,2026-08-11,current_catalog_text_output,exact_model_variant,total_tokens,82,82,79,82,3,1.0379746835443038,13,6,0,not_identified
week,2026-08-11,current_catalog_text_output,exact_model_variant,total_tokens,83,83,80,83,3,1.0375,13,6,0,not_identified
week,2026-08-11,current_catalog_text_output,exact_model_variant,total_tokens,84,84,81,84,3,1.037037037037037,13,6,0,not_identified
week,2026-08-11,current_catalog_text_output,exact_model_variant,total_tokens,85,85,82,85,3,1.0365853658536586,13,6,0,not_identified
week,2026-08-11,current_catalog_text_output,exact_model_variant,total_tokens,86,86,83,86,3,1.036144578313253,13,6,0,not_identified
week,2026-08-11,current_catalog_text_output,exact_model_variant,total_tokens,87,87,84,87,3,1.0357142857142858,13,6,0,not_identified
week,2026-08-11,current_catalog_text_output,exact_model_variant,total_tokens,88,88,85,88,3,1.035294117647059,13,6,0,not_identified
week,2026-08-11,current_catalog_text_output,exact_model_variant,total_tokens,89,89,85,89,4,1.0470588235294118,13,6,0,not_identified
week,2026-08-11,current_catalog_text_output,exact_model_variant,total_tokens,90,90,86,90,4,1.0465116279069768,13,6,0,not_identified
week,2026-08-11,current_catalog_text_output,exact_model_variant,total_tokens,91,91,87,91,4,1.0459770114942528,13,6,0,not_identified
week,2026-08-11,current_catalog_text_output,exact_model_variant,total_tokens,92,92,88,92,4,1.0454545454545454,13,6,0,not_identified
week,2026-08-11,current_catalog_text_output,exact_model_variant,total_tokens,93,93,89,93,4,1.0449438202247192,13,6,0,not_identified
week,2026-08-11,current_catalog_text_output,exact_model_variant,total_tokens,94,94,90,94,4,1.0444444444444445,13,6,0,not_identified
week,2026-08-11,current_catalog_text_output,exact_model_variant,total_tokens,95,95,91,95,4,1.043956043956044,13,6,0,not_identified
week,2026-08-11,current_catalog_text_output,exact_model_variant,total_tokens,96,96,92,96,4,1.0434782608695652,13,6,0,not_identified
week,2026-08-11,current_catalog_text_output,exact_model_variant,total_tokens,97,97,93,97,4,1.043010752688172,13,6,0,not_identified
week,2026-08-11,current_catalog_text_output,exact_model_variant,total_tokens,98,98,94,98,4,1.0425531914893618,13,6,0,not_identified
week,2026-08-11,current_catalog_text_output,exact_model_variant,total_tokens,99,99,95,99,4,1.0421052631578946,13,6,0,not_identified
week,2026-08-11,current_catalog_text_output,exact_model_variant,total_tokens,100,100,96,100,4,1.0416666666666667,13,6,0,not_identified
week,2026-08-11,current_catalog_text_output,exact_model_variant,total_tokens,101,101,97,101,4,1.041237113402062,13,6,0,not_identified
week,2026-08-11,current_catalog_text_output,exact_model_variant,total_tokens,102,102,98,102,4,1.0408163265306123,13,6,0,not_identified
week,2026-08-11,current_catalog_text_output,exact_model_variant,total_tokens,103,103,99,103,4,1.0404040404040404,13,6,0,not_identified
week,2026-08-11,current_catalog_text_output,exact_model_variant,total_tokens,104,104,100,104,4,1.04,14,6,0,not_identified
week,2026-08-11,current_catalog_text_output,exact_model_variant,total_tokens,105,105,101,105,4,1.0396039603960396,14,6,0,not_identified
week,2026-08-11,current_catalog_text_output,exact_model_variant,total_tokens,106,106,102,106,4,1.0392156862745099,14,6,0,not_identified
week,2026-08-11,current_catalog_text_output,exact_model_variant,total_tokens,107,107,103,107,4,1.0388349514563107,14,6,0,not_identified
week,2026-08-11,current_catalog_text_output,exact_model_variant,total_tokens,108,108,104,108,4,1.0384615384615385,14,6,0,not_identified
week,2026-08-11,current_catalog_text_output,exact_model_variant,total_tokens,109,109,105,109,4,1.0380952380952382,14,6,0,not_identified
week,2026-08-11,current_catalog_text_output,exact_model_variant,total_tokens,110,110,106,110,4,1.0377358490566038,14,6,0,not_identified
week,2026-08-11,current_catalog_text_output,exact_model_variant,total_tokens,111,111,107,111,4,1.0373831775700935,14,6,0,not_identified
week,2026-08-11,current_catalog_text_output,exact_model_variant,total_tokens,112,112,107,112,5,1.0467289719626167,14,6,0,not_identified
week,2026-08-11,current_catalog_text_output,exact_model_variant,total_tokens,113,113,108,113,5,1.0462962962962963,14,6,0,not_identified
week,2026-08-11,current_catalog_text_output,exact_model_variant,total_tokens,114,114,109,114,5,1.0458715596330275,14,6,0,not_identified
week,2026-08-11,current_catalog_text_output,exact_model_variant,total_tokens,115,115,110,115,5,1.0454545454545454,14,7,0,not_identified
week,2026-08-11,current_catalog_text_output,exact_model_variant,total_tokens,116,116,111,116,5,1.045045045045045,14,7,0,not_identified
week,2026-08-11,current_catalog_text_output,exact_model_variant,total_tokens,117,117,112,117,5,1.0446428571428572,14,7,0,not_identified
week,2026-08-11,current_catalog_text_output,exact_model_variant,total_tokens,118,118,112,118,6,1.0535714285714286,14,7,0,not_identified
week,2026-08-11,current_catalog_text_output,exact_model_variant,total_tokens,119,119,113,119,6,1.0530973451327434,14,7,0,not_identified
week,2026-08-11,current_catalog_text_output,exact_model_variant,total_tokens,120,120,114,120,6,1.0526315789473684,14,7,0,not_identified
week,2026-08-11,current_catalog_text_output,exact_model_variant,total_tokens,121,121,115,121,6,1.0521739130434782,14,7,0,not_identified
week,2026-08-11,current_catalog_text_output,exact_model_variant,total_tokens,122,122,116,122,6,1.0517241379310345,14,7,0,not_identified
week,2026-08-11,current_catalog_text_output,exact_model_variant,total_tokens,123,123,117,123,6,1.0512820512820513,14,7,0,not_identified
week,2026-08-11,current_catalog_text_output,exact_model_variant,total_tokens,124,124,118,124,6,1.0508474576271187,14,7,0,not_identified
week,2026-08-11,current_catalog_text_output,exact_model_variant,total_tokens,125,125,119,125,6,1.050420168067227,14,7,0,not_identified
week,2026-08-11,current_catalog_text_output,exact_model_variant,total_tokens,126,126,120,126,6,1.05,14,7,0,not_identified
week,2026-08-11,current_catalog_text_output,exact_model_variant,total_tokens,127,127,121,127,6,1.0495867768595042,14,7,0,not_identified
week,2026-08-11,current_catalog_text_output,exact_model_variant,total_tokens,128,128,122,128,6,1.0491803278688525,14,7,0,not_identified
week,2026-08-11,current_catalog_text_output,exact_model_variant,total_tokens,129,129,123,129,6,1.048780487804878,14,7,0,not_identified
week,2026-08-11,current_catalog_text_output,exact_model_variant,total_tokens,130,130,124,130,6,1.0483870967741935,14,7,0,not_identified
week,2026-08-11,current_catalog_text_output,exact_model_variant,total_tokens,131,131,125,131,6,1.048,14,7,0,not_identified
week,2026-08-11,current_catalog_text_output,exact_model_variant,total_tokens,132,132,126,132,6,1.0476190476190477,14,7,0,not_identified
week,2026-08-11,current_catalog_text_output,exact_model_variant,total_tokens,133,133,127,133,6,1.047244094488189,14,7,0,not_identified
week,2026-08-11,current_catalog_text_output,exact_model_variant,total_tokens,134,134,128,134,6,1.046875,14,7,0,not_identified
week,2026-08-11,current_catalog_text_output,exact_model_variant,total_tokens,135,135,129,135,6,1.0465116279069768,14,7,0,not_identified
week,2026-08-11,current_catalog_text_output,exact_model_variant,total_tokens,136,136,130,136,6,1.0461538461538462,14,7,0,not_identified
week,2026-08-11,current_catalog_text_output,exact_model_variant,total_tokens,137,137,131,137,6,1.0458015267175573,14,7,0,not_identified
week,2026-08-11,current_catalog_text_output,exact_model_variant,total_tokens,138,138,132,138,6,1.0454545454545454,14,7,0,not_identified
week,2026-08-11,current_catalog_text_output,exact_model_variant,total_tokens,139,139,133,139,6,1.0451127819548873,14,7,0,not_identified
week,2026-08-11,current_catalog_text_output,exact_model_variant,total_tokens,140,140,133,140,7,1.0526315789473684,14,7,0,not_identified
week,2026-08-11,current_catalog_text_output,exact_model_variant,total_tokens,141,141,134,141,7,1.0522388059701493,14,7,0,not_identified
week,2026-08-11,current_catalog_text_output,exact_model_variant,total_tokens,142,142,135,142,7,1.0518518518518518,14,7,0,not_identified
week,2026-08-11,current_catalog_text_output,exact_model_variant,total_tokens,143,143,135,143,8,1.0592592592592593,14,7,0,not_identified
week,2026-08-11,current_catalog_text_output,exact_model_variant,total_tokens,144,144,136,144,8,1.0588235294117647,14,7,0,not_identified
week,2026-08-11,current_catalog_text_output,exact_model_variant,total_tokens,145,145,137,145,8,1.0583941605839415,14,7,0,not_identified
week,2026-08-11,current_catalog_text_output,exact_model_variant,total_tokens,146,146,138,146,8,1.0579710144927537,14,7,0,not_identified
week,2026-08-11,current_catalog_text_output,exact_model_variant,total_tokens,147,147,139,147,8,1.0575539568345325,14,7,0,not_identified
week,2026-08-11,current_catalog_text_output,exact_model_variant,total_tokens,148,148,140,148,8,1.0571428571428572,14,7,0,not_identified
week,2026-08-11,current_catalog_text_output,exact_model_variant,total_tokens,149,149,141,149,8,1.0567375886524824,14,7,0,not_identified
week,2026-08-11,current_catalog_text_output,exact_model_variant,total_tokens,150,150,142,150,8,1.056338028169014,14,7,0,not_identified
week,2026-08-11,current_catalog_text_output,exact_model_variant,total_tokens,151,151,143,151,8,1.055944055944056,14,7,0,not_identified
week,2026-08-11,current_catalog_text_output,exact_model_variant,total_tokens,152,152,144,152,8,1.0555555555555556,14,7,0,not_identified
week,2026-08-11,current_catalog_text_output,exact_model_variant,total_tokens,153,153,145,153,8,1.0551724137931036,14,7,0,not_identified
week,2026-08-11,current_catalog_text_output,exact_model_variant,total_tokens,154,154,146,154,8,1.0547945205479452,14,7,0,not_identified
week,2026-08-11,current_catalog_text_output,exact_model_variant,total_tokens,155,155,147,155,8,1.054421768707483,14,8,0,not_identified
week,2026-08-11,current_catalog_text_output,exact_model_variant,total_tokens,156,156,148,156,8,1.054054054054054,14,8,0,not_identified
week,2026-08-11,current_catalog_text_output,exact_model_variant,total_tokens,157,157,149,157,8,1.0536912751677852,14,8,0,not_identified
week,2026-08-11,current_catalog_text_output,exact_model_variant,total_tokens,158,158,150,158,8,1.0533333333333332,14,8,0,not_identified
week,2026-08-11,current_catalog_text_output,exact_model_variant,total_tokens,159,159,151,159,8,1.0529801324503312,14,8,0,not_identified
week,2026-08-11,current_catalog_text_output,exact_model_variant,total_tokens,160,160,152,160,8,1.0526315789473684,14,8,0,not_identified
week,2026-08-11,current_catalog_text_output,exact_model_variant,total_tokens,161,161,153,161,8,1.0522875816993464,14,8,0,not_identified
week,2026-08-11,current_catalog_text_output,exact_model_variant,total_tokens,162,162,154,162,8,1.051948051948052,14,8,0,not_identified
week,2026-08-11,current_catalog_text_output,exact_model_variant,total_tokens,163,163,155,163,8,1.0516129032258064,14,8,0,not_identified
week,2026-08-11,current_catalog_text_output,exact_model_variant,total_tokens,164,164,156,164,8,1.0512820512820513,14,8,0,not_identified
week,2026-08-11,current_catalog_text_output,exact_model_variant,total_tokens,165,165,157,165,8,1.0509554140127388,14,8,0,not_identified
week,2026-08-11,current_catalog_text_output,exact_model_variant,total_tokens,166,166,158,166,8,1.0506329113924051,14,8,0,not_identified
week,2026-08-11,current_catalog_text_output,exact_model_variant,total_tokens,167,167,159,167,8,1.050314465408805,14,8,0,not_identified
week,2026-08-11,current_catalog_text_output,exact_model_variant,total_tokens,168,168,160,168,8,1.05,14,8,0,not_identified
week,2026-08-11,current_catalog_text_output,exact_model_variant,total_tokens,169,169,161,169,8,1.049689440993789,14,8,0,not_identified
week,2026-08-11,current_catalog_text_output,exact_model_variant,total_tokens,170,170,162,170,8,1.0493827160493827,14,8,0,not_identified
week,2026-08-11,current_catalog_text_output,exact_model_variant,total_tokens,171,171,163,171,8,1.049079754601227,14,8,0,not_identified
week,2026-08-11,current_catalog_text_output,exact_model_variant,total_tokens,172,172,164,172,8,1.048780487804878,14,8,0,not_identified
week,2026-08-11,current_catalog_text_output,exact_model_variant,total_tokens,173,173,165,173,8,1.0484848484848486,14,8,0,not_identified
week,2026-08-11,current_catalog_text_output,exact_model_variant,total_tokens,174,174,166,174,8,1.0481927710843373,14,8,0,not_identified
week,2026-08-11,current_catalog_text_output,exact_model_variant,total_tokens,175,175,167,175,8,1.0479041916167664,14,8,0,not_identified
week,2026-08-11,current_catalog_text_output,exact_model_variant,total_tokens,176,176,168,176,8,1.0476190476190477,14,8,0,not_identified
week,2026-08-11,current_catalog_text_output,exact_model_variant,total_tokens,177,177,169,177,8,1.047337278106509,14,8,0,not_identified
week,2026-08-11,current_catalog_text_output,exact_model_variant,total_tokens,178,178,170,178,8,1.0470588235294118,14,8,0,not_identified
week,2026-08-11,current_catalog_text_output,exact_model_variant,total_tokens,179,179,171,179,8,1.0467836257309941,14,8,0,not_identified
week,2026-08-11,current_catalog_text_output,exact_model_variant,total_tokens,180,180,172,180,8,1.0465116279069768,14,8,0,not_identified
week,2026-08-11,current_catalog_text_output,exact_model_variant,total_tokens,181,181,173,181,8,1.046242774566474,14,8,0,not_identified
week,2026-08-11,current_catalog_text_output,exact_model_variant,total_tokens,182,182,174,182,8,1.0459770114942528,14,8,0,not_identified
week,2026-08-11,current_catalog_text_output,exact_model_variant,total_tokens,183,183,175,183,8,1.0457142857142858,14,8,0,not_identified
week,2026-08-11,current_catalog_text_output,exact_model_variant,total_tokens,184,184,176,184,8,1.0454545454545454,14,8,0,not_identified
week,2026-08-11,current_catalog_text_output,exact_model_variant,total_tokens,185,185,177,185,8,1.0451977401129944,14,8,0,not_identified
week,2026-08-11,current_catalog_text_output,exact_model_variant,total_tokens,186,186,178,186,8,1.0449438202247192,14,8,0,not_identified
week,2026-08-11,current_catalog_text_output,exact_model_variant,total_tokens,187,187,179,187,8,1.0446927374301676,14,8,0,not_identified
week,2026-08-11,current_catalog_text_output,exact_model_variant,total_tokens,188,188,180,188,8,1.0444444444444445,14,8,0,not_identified
week,2026-08-11,current_catalog_text_output,exact_model_variant,total_tokens,189,189,181,189,8,1.0441988950276244,14,8,0,not_identified
week,2026-08-11,current_catalog_text_output,exact_model_variant,total_tokens,190,190,182,190,8,1.043956043956044,14,8,0,not_identified
week,2026-08-11,current_catalog_text_output,exact_model_variant,total_tokens,191,191,183,191,8,1.0437158469945356,14,8,0,not_identified
week,2026-08-11,current_catalog_text_output,exact_model_variant,total_tokens,192,192,184,192,8,1.0434782608695652,14,8,0,not_identified
week,2026-08-11,current_catalog_text_output,exact_model_variant,total_tokens,193,193,185,193,8,1.0432432432432432,14,8,0,not_identified
week,2026-08-11,current_catalog_text_output,exact_model_variant,total_tokens,194,194,186,194,8,1.043010752688172,14,8,0,not_identified
week,2026-08-11,current_catalog_text_output,exact_model_variant,total_tokens,195,195,187,195,8,1.0427807486631016,14,8,0,not_identified
week,2026-08-11,current_catalog_text_output,exact_model_variant,total_tokens,196,196,188,196,8,1.0425531914893618,14,8,0,not_identified
week,2026-08-11,current_catalog_text_output,exact_model_variant,total_tokens,197,197,189,197,8,1.0423280423280423,14,8,0,not_identified
week,2026-08-11,current_catalog_text_output,exact_model_variant,total_tokens,198,198,189,198,9,1.0476190476190477,14,8,0,not_identified
week,2026-08-11,current_catalog_text_output,exact_model_variant,total_tokens,199,199,190,199,9,1.0473684210526315,14,8,0,not_identified
week,2026-08-11,current_catalog_text_output,exact_model_variant,total_tokens,200,200,191,200,9,1.0471204188481675,14,8,0,not_identified
week,2026-08-11,current_catalog_text_output,exact_model_variant,total_tokens,201,201,192,201,9,1.046875,14,8,0,not_identified
week,2026-08-11,current_catalog_text_output,exact_model_variant,total_tokens,202,202,193,202,9,1.0466321243523315,14,8,0,not_identified
week,2026-08-11,current_catalog_text_output,exact_model_variant,total_tokens,203,203,194,203,9,1.0463917525773196,14,8,0,not_identified
week,2026-08-11,current_catalog_text_output,exact_model_variant,total_tokens,204,204,195,204,9,1.0461538461538462,14,8,0,not_identified
week,2026-08-11,current_catalog_text_output,exact_model_variant,total_tokens,205,205,196,205,9,1.0459183673469388,14,8,0,not_identified
week,2026-08-11,current_catalog_text_output,exact_model_variant,total_tokens,206,206,197,206,9,1.0456852791878173,14,8,0,not_identified
week,2026-08-11,current_catalog_text_output,exact_model_variant,total_tokens,207,207,197,207,10,1.0507614213197969,14,8,0,not_identified
week,2026-08-11,current_catalog_text_output,exact_model_variant,total_tokens,208,208,198,208,10,1.0505050505050506,14,8,0,not_identified
week,2026-08-11,current_catalog_text_output,exact_model_variant,total_tokens,209,209,199,209,10,1.050251256281407,14,8,0,not_identified
week,2026-08-11,current_catalog_text_output,exact_model_variant,total_tokens,210,210,200,210,10,1.05,14,8,0,not_identified
week,2026-08-11,current_catalog_text_output,exact_model_variant,total_tokens,211,211,201,211,10,1.0497512437810945,14,9,0,not_identified
week,2026-08-11,current_catalog_text_output,exact_model_variant,total_tokens,212,212,202,212,10,1.0495049504950495,14,9,0,not_identified
week,2026-08-11,current_catalog_text_output,exact_model_variant,total_tokens,213,213,203,213,10,1.0492610837438423,14,9,0,not_identified
week,2026-08-11,current_catalog_text_output,exact_model_variant,total_tokens,214,214,204,214,10,1.0490196078431373,14,9,0,not_identified
week,2026-08-11,current_catalog_text_output,exact_model_variant,total_tokens,215,215,205,215,10,1.048780487804878,14,9,0,not_identified
week,2026-08-11,current_catalog_text_output,exact_model_variant,total_tokens,216,216,206,216,10,1.0485436893203883,14,9,0,not_identified
week,2026-08-11,current_catalog_text_output,exact_model_variant,total_tokens,217,217,207,217,10,1.0483091787439613,14,9,0,not_identified
week,2026-08-11,current_catalog_text_output,exact_model_variant,total_tokens,218,218,208,218,10,1.0480769230769231,14,9,0,not_identified
week,2026-08-11,current_catalog_text_output,exact_model_variant,total_tokens,219,219,209,219,10,1.0478468899521531,14,9,0,not_identified
week,2026-08-11,current_catalog_text_output,exact_model_variant,total_tokens,220,220,210,220,10,1.0476190476190477,14,9,0,not_identified
week,2026-08-11,current_catalog_text_output,exact_model_variant,total_tokens,221,221,211,221,10,1.04739336492891,14,9,0,not_identified
week,2026-08-11,current_catalog_text_output,exact_model_variant,total_tokens,222,222,212,222,10,1.0471698113207548,14,9,0,not_identified
week,2026-08-11,current_catalog_text_output,exact_model_variant,total_tokens,223,223,213,223,10,1.0469483568075117,14,9,0,not_identified
week,2026-08-11,current_catalog_text_output,exact_model_variant,total_tokens,224,224,214,224,10,1.0467289719626167,14,9,0,not_identified
week,2026-08-11,current_catalog_text_output,exact_model_variant,total_tokens,225,225,215,225,10,1.0465116279069768,14,9,0,not_identified
week,2026-08-11,current_catalog_text_output,exact_model_variant,total_tokens,226,226,216,226,10,1.0462962962962963,14,9,0,not_identified
week,2026-08-11,current_catalog_text_output,exact_model_variant,total_tokens,227,227,217,227,10,1.0460829493087558,14,9,0,not_identified
week,2026-08-11,current_catalog_text_output,exact_model_variant,total_tokens,228,228,218,228,10,1.0458715596330275,14,9,0,not_identified
week,2026-08-11,current_catalog_text_output,exact_model_variant,total_tokens,229,229,219,229,10,1.0456621004566211,14,10,0,not_identified
week,2026-08-11,current_catalog_text_output,exact_model_variant,total_tokens,230,230,220,230,10,1.0454545454545454,14,10,0,not_identified
week,2026-08-11,current_catalog_text_output,exact_model_variant,total_tokens,231,231,221,231,10,1.0452488687782806,14,10,0,not_identified
week,2026-08-11,current_catalog_text_output,exact_model_variant,total_tokens,232,232,222,232,10,1.045045045045045,14,10,0,not_identified
week,2026-08-11,current_catalog_text_output,exact_model_variant,total_tokens,233,233,223,233,10,1.0448430493273542,14,10,0,not_identified
week,2026-08-11,current_catalog_text_output,exact_model_variant,total_tokens,234,234,224,234,10,1.0446428571428572,14,10,0,not_identified
week,2026-08-11,current_catalog_text_output,exact_model_variant,total_tokens,235,235,225,235,10,1.0444444444444445,14,10,0,not_identified
week,2026-08-11,current_catalog_text_output,exact_model_variant,total_tokens,236,236,226,236,10,1.0442477876106195,15,10,0,not_identified
week,2026-08-11,current_catalog_text_output,exact_model_variant,total_tokens,237,237,227,237,10,1.0440528634361232,15,10,0,not_identified
week,2026-08-11,current_catalog_text_output,exact_model_variant,total_tokens,238,238,228,238,10,1.043859649122807,15,10,0,not_identified
week,2026-08-11,current_catalog_text_output,exact_model_variant,total_tokens,239,239,229,239,10,1.0436681222707425,15,10,0,not_identified
week,2026-08-11,current_catalog_text_output,exact_model_variant,total_tokens,240,240,230,240,10,1.0434782608695652,15,10,0,not_identified
week,2026-08-11,current_catalog_text_output,exact_model_variant,total_tokens,241,241,231,241,10,1.0432900432900434,15,10,0,not_identified
week,2026-08-11,current_catalog_text_output,exact_model_variant,total_tokens,242,242,232,242,10,1.043103448275862,15,10,0,not_identified
week,2026-08-11,current_catalog_text_output,exact_model_variant,total_tokens,243,243,233,243,10,1.0429184549356223,15,10,0,not_identified
week,2026-08-11,current_catalog_text_output,exact_model_variant,total_tokens,244,244,234,244,10,1.0427350427350428,15,10,0,not_identified
week,2026-08-11,current_catalog_text_output,exact_model_variant,total_tokens,245,245,234,245,11,1.047008547008547,15,10,0,not_identified
week,2026-08-11,current_catalog_text_output,exact_model_variant,total_tokens,246,246,235,246,11,1.0468085106382978,15,10,0,not_identified
week,2026-08-11,current_catalog_text_output,exact_model_variant,total_tokens,247,247,236,247,11,1.0466101694915255,15,10,0,not_identified
week,2026-08-11,current_catalog_text_output,exact_model_variant,total_tokens,248,248,237,248,11,1.0464135021097047,15,10,0,not_identified
week,2026-08-11,current_catalog_text_output,exact_model_variant,total_tokens,249,249,238,249,11,1.046218487394958,15,10,0,not_identified
week,2026-08-11,current_catalog_text_output,exact_model_variant,total_tokens,250,250,239,250,11,1.0460251046025104,15,11,0,not_identified
week,2026-08-11,current_catalog_text_output,exact_model_variant,total_tokens,251,251,240,251,11,1.0458333333333334,15,11,0,not_identified
week,2026-08-11,current_catalog_text_output,exact_model_variant,total_tokens,252,252,241,252,11,1.045643153526971,15,11,0,not_identified
week,2026-08-11,current_catalog_text_output,exact_model_variant,total_tokens,253,253,242,253,11,1.0454545454545454,15,11,0,not_identified
week,2026-08-11,current_catalog_text_output,exact_model_variant,total_tokens,254,254,243,254,11,1.045267489711934,15,11,0,not_identified
week,2026-08-11,current_catalog_text_output,exact_model_variant,total_tokens,255,255,244,255,11,1.0450819672131149,15,11,0,not_identified
week,2026-08-11,current_catalog_text_output,exact_model_variant,total_tokens,256,256,245,256,11,1.0448979591836736,15,11,0,not_identified
week,2026-08-11,current_catalog_text_output,exact_model_variant,total_tokens,257,257,246,257,11,1.0447154471544715,15,11,0,not_identified
week,2026-08-11,current_catalog_text_output,exact_model_variant,total_tokens,258,258,246,258,12,1.048780487804878,15,11,0,not_identified
week,2026-08-11,current_catalog_text_output,exact_model_variant,total_tokens,259,259,247,259,12,1.048582995951417,15,11,0,not_identified
week,2026-08-11,current_catalog_text_output,exact_model_variant,total_tokens,260,260,248,260,12,1.0483870967741935,15,11,0,not_identified
week,2026-08-11,current_catalog_text_output,exact_model_variant,total_tokens,261,261,249,261,12,1.0481927710843373,15,11,0,not_identified
week,2026-08-11,current_catalog_text_output,exact_model_variant,total_tokens,262,262,250,262,12,1.048,15,11,0,not_identified
week,2026-08-11,current_catalog_text_output,exact_model_variant,total_tokens,263,263,251,263,12,1.047808764940239,15,11,0,not_identified
week,2026-08-11,current_catalog_text_output,exact_model_variant,total_tokens,264,264,252,264,12,1.0476190476190477,15,11,0,not_identified
week,2026-08-11,current_catalog_text_output,exact_model_variant,total_tokens,265,265,253,265,12,1.0474308300395256,15,11,0,not_identified
week,2026-08-11,current_catalog_text_output,exact_model_variant,total_tokens,266,266,254,266,12,1.047244094488189,15,11,0,not_identified
week,2026-08-11,current_catalog_text_output,exact_model_variant,total_tokens,267,267,254,267,13,1.0511811023622046,15,11,0,not_identified
week,2026-08-11,current_catalog_text_output,exact_model_variant,total_tokens,268,268,255,268,13,1.0509803921568628,15,11,0,not_identified
week,2026-08-11,current_catalog_text_output,exact_model_variant,total_tokens,269,269,256,269,13,1.05078125,15,11,0,not_identified
week,2026-08-11,current_catalog_text_output,exact_model_variant,total_tokens,270,270,257,270,13,1.0505836575875487,15,11,0,not_identified
week,2026-08-11,current_catalog_text_output,exact_model_variant,total_tokens,271,271,257,271,14,1.0544747081712063,15,11,0,not_identified
week,2026-08-11,current_catalog_text_output,exact_model_variant,total_tokens,272,272,258,272,14,1.054263565891473,15,12,0,not_identified
week,2026-08-11,current_catalog_text_output,exact_model_variant,total_tokens,273,273,259,273,14,1.054054054054054,15,12,0,not_identified
week,2026-08-11,current_catalog_text_output,exact_model_variant,total_tokens,274,274,259,274,15,1.057915057915058,15,12,0,not_identified
week,2026-08-11,current_catalog_text_output,exact_model_variant,total_tokens,275,275,259,275,16,1.0617760617760619,15,12,0,not_identified
week,2026-08-11,current_catalog_text_output,exact_model_variant,total_tokens,276,276,260,276,16,1.0615384615384615,15,12,0,not_identified
week,2026-08-11,current_catalog_text_output,exact_model_variant,total_tokens,277,277,261,277,16,1.0613026819923372,15,12,0,not_identified
week,2026-08-11,current_catalog_text_output,exact_model_variant,total_tokens,278,278,262,278,16,1.0610687022900764,15,12,0,not_identified
week,2026-08-11,current_catalog_text_output,exact_model_variant,total_tokens,279,279,263,279,16,1.0608365019011408,15,12,0,not_identified
week,2026-08-11,current_catalog_text_output,exact_model_variant,total_tokens,280,280,263,280,17,1.064638783269962,15,12,0,not_identified
week,2026-08-11,current_catalog_text_output,exact_model_variant,total_tokens,281,281,264,281,17,1.0643939393939394,15,12,0,not_identified
week,2026-08-11,current_catalog_text_output,exact_model_variant,total_tokens,282,282,265,282,17,1.0641509433962264,15,12,0,not_identified
week,2026-08-11,current_catalog_text_output,exact_model_variant,total_tokens,283,283,266,283,17,1.0639097744360901,15,12,0,not_identified
week,2026-08-11,current_catalog_text_output,exact_model_variant,total_tokens,284,284,267,284,17,1.0636704119850187,15,12,0,not_identified
week,2026-08-11,current_catalog_text_output,exact_model_variant,total_tokens,285,285,268,285,17,1.0634328358208955,15,12,0,not_identified
week,2026-08-11,current_catalog_text_output,exact_model_variant,total_tokens,286,286,268,286,18,1.0671641791044777,15,12,0,not_identified
week,2026-08-11,current_catalog_text_output,exact_model_variant,total_tokens,287,287,268,287,19,1.0708955223880596,15,12,0,not_identified
week,2026-08-11,current_catalog_text_output,exact_model_variant,total_tokens,288,288,268,288,20,1.0746268656716418,15,12,0,not_identified
week,2026-08-11,current_catalog_text_output,exact_model_variant,total_tokens,289,289,269,289,20,1.0743494423791822,15,12,0,not_identified
week,2026-08-11,current_catalog_text_output,exact_model_variant,total_tokens,290,290,270,290,20,1.0740740740740742,15,12,0,not_identified
week,2026-08-11,current_catalog_text_output,exact_model_variant,total_tokens,291,291,271,291,20,1.0738007380073802,15,12,0,not_identified
week,2026-08-11,current_catalog_text_output,exact_model_variant,total_tokens,292,292,272,292,20,1.0735294117647058,15,12,0,not_identified
week,2026-08-11,current_catalog_text_output,exact_model_variant,total_tokens,293,293,273,293,20,1.0732600732600732,15,12,0,not_identified
week,2026-08-11,current_catalog_text_output,exact_model_variant,total_tokens,294,294,274,294,20,1.072992700729927,15,12,0,not_identified
week,2026-08-11,current_catalog_text_output,exact_model_variant,total_tokens,295,295,274,295,21,1.0766423357664234,15,12,0,not_identified
week,2026-08-11,current_catalog_text_output,exact_model_variant,total_tokens,296,296,274,296,22,1.0802919708029197,15,12,0,not_identified
week,2026-08-11,current_catalog_text_output,exact_model_variant,total_tokens,297,297,274,297,23,1.083941605839416,15,12,0,not_identified
week,2026-08-11,current_catalog_text_output,exact_model_variant,total_tokens,298,298,275,298,23,1.0836363636363637,15,12,0,not_identified
week,2026-08-11,current_catalog_text_output,exact_model_variant,total_tokens,299,299,276,299,23,1.0833333333333333,15,13,0,not_identified
week,2026-08-11,current_catalog_text_output,exact_model_variant,total_tokens,300,300,277,300,23,1.0830324909747293,15,13,0,not_identified
week,2026-08-11,current_catalog_text_output,exact_model_variant,total_tokens,301,301,278,301,23,1.0827338129496402,15,13,0,not_identified
week,2026-08-11,current_catalog_text_output,exact_model_variant,total_tokens,302,302,279,302,23,1.082437275985663,15,13,0,not_identified
week,2026-08-11,current_catalog_text_output,exact_model_variant,total_tokens,303,303,280,303,23,1.082142857142857,15,13,0,not_identified
week,2026-08-11,current_catalog_text_output,exact_model_variant,total_tokens,304,304,281,304,23,1.0818505338078293,15,13,0,not_identified
week,2026-08-11,current_catalog_text_output,exact_model_variant,total_tokens,305,305,282,305,23,1.0815602836879432,15,13,0,not_identified
week,2026-08-11,current_catalog_text_output,exact_model_variant,total_tokens,306,306,282,306,24,1.0851063829787233,15,13,0,not_identified
week,2026-08-11,current_catalog_text_output,exact_model_variant,total_tokens,307,307,282,307,25,1.0886524822695036,15,13,0,not_identified
week,2026-08-11,current_catalog_text_output,exact_model_variant,total_tokens,308,308,283,308,25,1.088339222614841,15,13,0,not_identified
week,2026-08-11,current_catalog_text_output,exact_model_variant,total_tokens,309,309,284,309,25,1.0880281690140845,15,13,0,not_identified
week,2026-08-11,current_catalog_text_output,exact_model_variant,total_tokens,310,310,285,310,25,1.087719298245614,15,13,0,not_identified
week,2026-08-11,current_catalog_text_output,exact_model_variant,total_tokens,311,311,286,311,25,1.0874125874125875,15,13,0,not_identified
week,2026-08-11,current_catalog_text_output,exact_model_variant,total_tokens,312,312,287,312,25,1.0871080139372822,15,13,0,not_identified
week,2026-08-11,current_catalog_text_output,exact_model_variant,total_tokens,313,313,288,313,25,1.0868055555555556,15,13,0,not_identified
week,2026-08-11,current_catalog_text_output,exact_model_variant,total_tokens,314,314,289,314,25,1.0865051903114187,15,13,0,not_identified
week,2026-08-11,current_catalog_text_output,exact_model_variant,total_tokens,315,315,289,315,26,1.0899653979238755,15,13,0,not_identified
week,2026-08-11,current_catalog_text_output,exact_model_variant,total_tokens,316,316,289,316,27,1.0934256055363323,15,13,0,not_identified
week,2026-08-11,current_catalog_text_output,exact_model_variant,total_tokens,317,317,289,317,28,1.0968858131487889,15,13,0,not_identified
week,2026-08-11,current_catalog_text_output,exact_model_variant,total_tokens,318,318,290,318,28,1.096551724137931,15,13,0,not_identified
week,2026-08-11,current_catalog_text_output,exact_model_variant,total_tokens,319,319,291,319,28,1.0962199312714778,15,13,0,not_identified
week,2026-08-11,current_catalog_text_output,exact_model_variant,total_tokens,320,320,291,320,29,1.0996563573883162,15,13,0,not_identified
week,2026-08-11,current_catalog_text_output,exact_model_variant,total_tokens,321,321,291,321,30,1.1030927835051547,15,13,0,not_identified
week,2026-08-11,current_catalog_text_output,exact_model_variant,total_tokens,322,322,292,322,30,1.1027397260273972,15,13,0,not_identified
week,2026-08-11,current_catalog_text_output,exact_model_variant,total_tokens,323,323,293,323,30,1.1023890784982935,15,13,0,not_identified
week,2026-08-11,current_catalog_text_output,exact_model_variant,total_tokens,324,324,294,324,30,1.1020408163265305,15,13,0,not_identified
week,2026-08-11,current_catalog_text_output,exact_model_variant,total_tokens,325,325,294,325,31,1.1054421768707483,15,13,0,not_identified
week,2026-08-11,current_catalog_text_output,exact_model_variant,total_tokens,326,326,295,326,31,1.1050847457627118,15,13,0,not_identified
week,2026-08-11,current_catalog_text_output,exact_model_variant,total_tokens,327,327,296,327,31,1.1047297297297298,15,13,0,not_identified
week,2026-08-11,current_catalog_text_output,exact_model_variant,total_tokens,328,328,297,328,31,1.1043771043771045,15,13,0,not_identified
week,2026-08-11,current_catalog_text_output,exact_model_variant,total_tokens,329,329,298,329,31,1.104026845637584,15,13,0,not_identified
week,2026-08-11,current_catalog_text_output,exact_model_variant,total_tokens,330,330,299,330,31,1.1036789297658862,15,13,0,not_identified
week,2026-08-11,current_catalog_text_output,exact_model_variant,total_tokens,331,331,299,331,32,1.1070234113712374,15,13,0,not_identified
week,2026-08-11,current_catalog_text_output,exact_model_variant,total_tokens,332,332,300,332,32,1.1066666666666667,15,13,0,not_identified
week,2026-08-11,current_catalog_text_output,exact_model_variant,total_tokens,333,333,301,333,32,1.106312292358804,15,13,0,not_identified
week,2026-08-11,current_catalog_text_output,exact_model_variant,total_tokens,334,334,302,334,32,1.1059602649006623,15,13,0,not_identified
week,2026-08-11,current_catalog_text_output,exact_model_variant,total_tokens,335,335,302,335,33,1.109271523178808,15,13,0,not_identified
week,2026-08-11,current_catalog_text_output,exact_model_variant,total_tokens,336,336,302,336,34,1.1125827814569536,15,13,0,not_identified
week,2026-08-11,current_catalog_text_output,exact_model_variant,total_tokens,337,337,302,337,35,1.1158940397350994,15,13,0,not_identified
week,2026-08-11,current_catalog_text_output,exact_model_variant,total_tokens,338,338,302,338,36,1.119205298013245,15,13,0,not_identified
week,2026-08-11,current_catalog_text_output,exact_model_variant,total_tokens,339,339,303,339,36,1.118811881188119,15,13,0,not_identified
week,2026-08-11,current_catalog_text_output,exact_model_variant,total_tokens,340,340,304,340,36,1.118421052631579,15,13,0,not_identified
week,2026-08-11,current_catalog_text_output,exact_model_variant,total_tokens,341,341,305,341,36,1.118032786885246,15,13,0,not_identified
week,2026-08-11,current_catalog_text_output,exact_model_variant,total_tokens,342,342,305,342,37,1.1213114754098361,15,13,0,not_identified
week,2026-08-11,current_catalog_text_output,exact_model_variant,total_tokens,343,343,305,343,38,1.1245901639344262,15,13,0,not_identified
week,2026-08-11,current_catalog_text_output,exact_model_variant,total_tokens,344,344,306,344,38,1.1241830065359477,15,13,0,not_identified
week,2026-08-11,current_catalog_text_output,exact_model_variant,total_tokens,345,345,307,345,38,1.1237785016286646,15,14,0,not_identified
week,2026-08-11,current_catalog_text_output,exact_model_variant,total_tokens,346,346,307,346,39,1.1270358306188926,15,14,0,not_identified
week,2026-08-11,current_catalog_text_output,exact_model_variant,total_tokens,347,347,308,347,39,1.1266233766233766,15,14,0,not_identified
week,2026-08-11,current_catalog_text_output,exact_model_variant,total_tokens,348,348,309,348,39,1.1262135922330097,15,14,0,not_identified
week,2026-08-11,current_catalog_text_output,exact_model_variant,total_tokens,349,349,309,349,40,1.1294498381877023,15,14,0,not_identified
week,2026-08-11,current_catalog_text_output,exact_model_variant,total_tokens,350,350,309,350,41,1.132686084142395,15,14,0,not_identified
week,2026-08-11,current_catalog_text_output,exact_model_variant,total_tokens,351,351,310,351,41,1.132258064516129,15,14,0,not_identified
week,2026-08-11,current_catalog_text_output,exact_model_variant,total_tokens,352,352,310,352,42,1.135483870967742,15,14,0,not_identified
week,2026-08-11,current_catalog_text_output,exact_model_variant,total_tokens,353,353,311,353,42,1.135048231511254,15,14,0,not_identified
week,2026-08-11,current_catalog_text_output,exact_model_variant,total_tokens,354,354,311,354,43,1.1382636655948553,15,14,0,not_identified
week,2026-08-11,current_catalog_text_output,exact_model_variant,total_tokens,355,355,311,355,44,1.1414790996784565,15,14,0,not_identified
week,2026-08-11,current_catalog_text_output,exact_model_variant,total_tokens,356,356,311,356,45,1.144694533762058,15,14,0,not_identified
week,2026-08-11,current_catalog_text_output,exact_model_variant,total_tokens,357,357,311,357,46,1.1479099678456592,15,14,0,not_identified
week,2026-08-11,current_catalog_text_output,exact_model_variant,total_tokens,358,358,311,358,47,1.1511254019292605,15,14,0,not_identified
week,2026-08-11,current_catalog_text_output,exact_model_variant,total_tokens,359,359,311,359,48,1.1543408360128617,15,14,0,not_identified
week,2026-08-11,current_catalog_text_output,exact_model_variant,total_tokens,360,360,311,360,49,1.157556270096463,15,14,0,not_identified
week,2026-08-11,current_catalog_text_output,exact_model_variant,total_tokens,361,361,311,361,50,1.1607717041800643,15,14,0,not_identified
week,2026-08-11,current_catalog_text_output,exact_model_variant,total_tokens,362,362,311,362,51,1.1639871382636655,15,14,0,not_identified
week,2026-08-11,current_catalog_text_output,exact_model_variant,total_tokens,363,363,312,363,51,1.1634615384615385,15,14,0,not_identified
week,2026-08-11,current_catalog_text_output,exact_model_variant,total_tokens,364,364,312,364,52,1.1666666666666667,15,14,0,not_identified
week,2026-08-11,current_catalog_text_output,exact_model_variant,total_tokens,365,365,313,365,52,1.1661341853035143,15,14,0,not_identified
week,2026-08-11,current_catalog_text_output,exact_model_variant,total_tokens,366,366,313,366,53,1.1693290734824282,15,14,0,not_identified
week,2026-08-11,current_catalog_text_output,exact_model_variant,total_tokens,367,367,313,367,54,1.1725239616613419,15,14,0,not_identified
week,2026-08-11,current_catalog_text_output,exact_model_variant,total_tokens,368,368,313,368,55,1.1757188498402555,15,14,0,not_identified
week,2026-08-11,current_catalog_text_output,exact_model_variant,total_tokens,369,369,313,369,56,1.1789137380191694,15,14,0,not_identified
week,2026-08-11,current_catalog_text_output,exact_model_variant,total_tokens,370,370,313,370,57,1.182108626198083,15,14,0,not_identified
week,2026-08-11,current_catalog_text_output,exact_model_variant,total_tokens,371,371,313,371,58,1.1853035143769968,15,14,0,not_identified
week,2026-08-11,current_catalog_text_output,exact_model_variant,total_tokens,372,372,313,372,59,1.1884984025559104,15,14,0,not_identified
week,2026-08-11,current_catalog_text_output,exact_model_variant,total_tokens,373,373,313,373,60,1.1916932907348243,15,14,0,not_identified
week,2026-08-11,current_catalog_text_output,exact_model_variant,total_tokens,374,374,314,374,60,1.1910828025477707,15,14,0,not_identified
week,2026-08-11,current_catalog_text_output,exact_model_variant,total_tokens,375,375,314,375,61,1.194267515923567,15,14,0,not_identified
week,2026-08-11,current_catalog_text_output,exact_model_variant,total_tokens,376,376,315,376,61,1.1936507936507936,16,14,0,not_identified
week,2026-08-11,current_catalog_text_output,exact_model_variant,requests,1,1,1,1,0,1.0,1,1,0,not_identified
week,2026-08-11,current_catalog_text_output,exact_model_variant,requests,2,2,2,2,0,1.0,1,1,0,not_identified
week,2026-08-11,current_catalog_text_output,exact_model_variant,requests,3,3,3,3,0,1.0,2,2,0,not_identified
week,2026-08-11,current_catalog_text_output,exact_model_variant,requests,4,4,4,4,0,1.0,2,2,0,not_identified
week,2026-08-11,current_catalog_text_output,exact_model_variant,requests,5,5,5,5,0,1.0,3,3,0,not_identified
week,2026-08-11,current_catalog_text_output,exact_model_variant,requests,6,6,6,6,0,1.0,4,3,0,not_identified
week,2026-08-11,current_catalog_text_output,exact_model_variant,requests,7,7,7,7,0,1.0,4,3,0,not_identified
week,2026-08-11,current_catalog_text_output,exact_model_variant,requests,8,8,8,8,0,1.0,4,3,0,not_identified
week,2026-08-11,current_catalog_text_output,exact_model_variant,requests,9,9,9,9,0,1.0,4,3,0,not_identified
week,2026-08-11,current_catalog_text_output,exact_model_variant,requests,10,10,10,10,0,1.0,4,3,0,not_identified
week,2026-08-11,current_catalog_text_output,exact_model_variant,requests,11,11,11,11,0,1.0,4,3,0,not_identified
week,2026-08-11,current_catalog_text_output,exact_model_variant,requests,12,12,12,12,0,1.0,5,4,0,not_identified
week,2026-08-11,current_catalog_text_output,exact_model_variant,requests,13,13,13,13,0,1.0,5,4,0,not_identified
week,2026-08-11,current_catalog_text_output,exact_model_variant,requests,14,14,14,14,0,1.0,5,4,0,not_identified
week,2026-08-11,current_catalog_text_output,exact_model_variant,requests,15,15,15,15,0,1.0,5,4,0,not_identified
week,2026-08-11,current_catalog_text_output,exact_model_variant,requests,16,16,16,16,0,1.0,5,5,0,not_identified
week,2026-08-11,current_catalog_text_output,exact_model_variant,requests,17,17,17,17,0,1.0,5,5,0,not_identified
week,2026-08-11,current_catalog_text_output,exact_model_variant,requests,18,18,18,18,0,1.0,6,5,0,not_identified
week,2026-08-11,current_catalog_text_output,exact_model_variant,requests,19,19,19,19,0,1.0,7,5,0,not_identified
week,2026-08-11,current_catalog_text_output,exact_model_variant,requests,20,20,20,20,0,1.0,7,5,0,not_identified
week,2026-08-11,current_catalog_text_output,exact_model_variant,requests,21,21,21,21,0,1.0,7,5,0,not_identified
week,2026-08-11,current_catalog_text_output,exact_model_variant,requests,22,22,22,22,0,1.0,8,5,0,not_identified
week,2026-08-11,current_catalog_text_output,exact_model_variant,requests,23,23,23,23,0,1.0,8,5,0,not_identified
week,2026-08-11,current_catalog_text_output,exact_model_variant,requests,24,24,24,24,0,1.0,8,5,0,not_identified
week,2026-08-11,current_catalog_text_output,exact_model_variant,requests,25,25,25,25,0,1.0,8,5,0,not_identified
week,2026-08-11,current_catalog_text_output,exact_model_variant,requests,26,26,26,26,0,1.0,8,5,0,not_identified
week,2026-08-11,current_catalog_text_output,exact_model_variant,requests,27,27,27,27,0,1.0,8,5,0,not_identified
week,2026-08-11,current_catalog_text_output,exact_model_variant,requests,28,28,28,28,0,1.0,9,5,0,not_identified
week,2026-08-11,current_catalog_text_output,exact_model_variant,requests,29,29,29,29,0,1.0,9,5,0,not_identified
week,2026-08-11,current_catalog_text_output,exact_model_variant,requests,30,30,30,30,0,1.0,9,5,0,not_identified
week,2026-08-11,current_catalog_text_output,exact_model_variant,requests,31,31,31,31,0,1.0,9,5,0,not_identified
week,2026-08-11,current_catalog_text_output,exact_model_variant,requests,32,32,32,32,0,1.0,9,5,0,not_identified
week,2026-08-11,current_catalog_text_output,exact_model_variant,requests,33,33,33,33,0,1.0,9,5,0,not_identified
week,2026-08-11,current_catalog_text_output,exact_model_variant,requests,34,34,34,34,0,1.0,9,5,0,not_identified
week,2026-08-11,current_catalog_text_output,exact_model_variant,requests,35,35,35,35,0,1.0,10,5,0,not_identified
week,2026-08-11,current_catalog_text_output,exact_model_variant,requests,36,36,36,36,0,1.0,11,5,0,not_identified
week,2026-08-11,current_catalog_text_output,exact_model_variant,requests,37,37,37,37,0,1.0,11,5,0,not_identified
week,2026-08-11,current_catalog_text_output,exact_model_variant,requests,38,38,38,38,0,1.0,11,6,0,not_identified
week,2026-08-11,current_catalog_text_output,exact_model_variant,requests,39,39,39,39,0,1.0,11,6,0,not_identified
week,2026-08-11,current_catalog_text_output,exact_model_variant,requests,40,40,40,40,0,1.0,11,6,0,not_identified
week,2026-08-11,current_catalog_text_output,exact_model_variant,requests,41,41,41,41,0,1.0,11,6,0,not_identified
week,2026-08-11,current_catalog_text_output,exact_model_variant,requests,42,42,42,42,0,1.0,11,6,0,not_identified
week,2026-08-11,current_catalog_text_output,exact_model_variant,requests,43,43,43,43,0,1.0,11,6,0,not_identified
week,2026-08-11,current_catalog_text_output,exact_model_variant,requests,44,44,44,44,0,1.0,11,6,0,not_identified
week,2026-08-11,current_catalog_text_output,exact_model_variant,requests,45,45,45,45,0,1.0,11,6,0,not_identified
week,2026-08-11,current_catalog_text_output,exact_model_variant,requests,46,46,46,46,0,1.0,11,6,0,not_identified
week,2026-08-11,current_catalog_text_output,exact_model_variant,requests,47,47,47,47,0,1.0,11,6,0,not_identified
week,2026-08-11,current_catalog_text_output,exact_model_variant,requests,48,48,48,48,0,1.0,11,6,0,not_identified
week,2026-08-11,current_catalog_text_output,exact_model_variant,requests,49,49,49,49,0,1.0,11,6,0,not_identified
week,2026-08-11,current_catalog_text_output,exact_model_variant,requests,50,50,50,50,0,1.0,11,6,0,not_identified
week,2026-08-11,current_catalog_text_output,exact_model_variant,requests,51,51,51,51,0,1.0,11,6,0,not_identified
week,2026-08-11,current_catalog_text_output,exact_model_variant,requests,52,52,52,52,0,1.0,11,6,0,not_identified
week,2026-08-11,current_catalog_text_output,exact_model_variant,requests,53,53,53,53,0,1.0,11,6,0,not_identified
week,2026-08-11,current_catalog_text_output,exact_model_variant,requests,54,54,54,54,0,1.0,11,6,0,not_identified
week,2026-08-11,current_catalog_text_output,exact_model_variant,requests,55,55,55,55,0,1.0,11,6,0,not_identified
week,2026-08-11,current_catalog_text_output,exact_model_variant,requests,56,56,56,56,0,1.0,11,6,0,not_identified
week,2026-08-11,current_catalog_text_output,exact_model_variant,requests,57,57,57,57,0,1.0,12,6,0,not_identified
week,2026-08-11,current_catalog_text_output,exact_model_variant,requests,58,58,58,58,0,1.0,12,6,0,not_identified
week,2026-08-11,current_catalog_text_output,exact_model_variant,requests,59,59,59,59,0,1.0,13,6,0,not_identified
week,2026-08-11,current_catalog_text_output,exact_model_variant,requests,60,60,60,60,0,1.0,13,6,0,not_identified
week,2026-08-11,current_catalog_text_output,exact_model_variant,requests,61,61,61,61,0,1.0,13,6,0,not_identified
week,2026-08-11,current_catalog_text_output,exact_model_variant,requests,62,62,62,62,0,1.0,13,6,0,not_identified
week,2026-08-11,current_catalog_text_output,exact_model_variant,requests,63,63,63,63,0,1.0,13,6,0,not_identified
week,2026-08-11,current_catalog_text_output,exact_model_variant,requests,64,64,64,64,0,1.0,13,6,0,not_identified
week,2026-08-11,current_catalog_text_output,exact_model_variant,requests,65,65,65,65,0,1.0,13,6,0,not_identified
week,2026-08-11,current_catalog_text_output,exact_model_variant,requests,66,66,66,66,0,1.0,13,6,0,not_identified
week,2026-08-11,current_catalog_text_output,exact_model_variant,requests,67,67,67,67,0,1.0,13,6,0,not_identified
week,2026-08-11,current_catalog_text_output,exact_model_variant,requests,68,68,68,68,0,1.0,13,6,0,not_identified
week,2026-08-11,current_catalog_text_output,exact_model_variant,requests,69,69,69,69,0,1.0,13,6,0,not_identified
week,2026-08-11,current_catalog_text_output,exact_model_variant,requests,70,70,70,70,0,1.0,13,6,0,not_identified
week,2026-08-11,current_catalog_text_output,exact_model_variant,requests,71,71,71,71,0,1.0,13,6,0,not_identified
week,2026-08-11,current_catalog_text_output,exact_model_variant,requests,72,72,72,72,0,1.0,13,6,0,not_identified
week,2026-08-11,current_catalog_text_output,exact_model_variant,requests,73,73,73,73,0,1.0,13,6,0,not_identified
week,2026-08-11,current_catalog_text_output,exact_model_variant,requests,74,74,74,74,0,1.0,13,6,0,not_identified
week,2026-08-11,current_catalog_text_output,exact_model_variant,requests,75,75,75,75,0,1.0,13,6,0,not_identified
week,2026-08-11,current_catalog_text_output,exact_model_variant,requests,76,76,76,76,0,1.0,13,6,0,not_identified
week,2026-08-11,current_catalog_text_output,exact_model_variant,requests,77,77,77,77,0,1.0,13,6,0,not_identified
week,2026-08-11,current_catalog_text_output,exact_model_variant,requests,78,78,78,78,0,1.0,13,6,0,not_identified
week,2026-08-11,current_catalog_text_output,exact_model_variant,requests,79,79,79,79,0,1.0,13,6,0,not_identified
week,2026-08-11,current_catalog_text_output,exact_model_variant,requests,80,80,80,80,0,1.0,14,6,0,not_identified
week,2026-08-11,current_catalog_text_output,exact_model_variant,requests,81,81,81,81,0,1.0,14,6,0,not_identified
week,2026-08-11,current_catalog_text_output,exact_model_variant,requests,82,82,82,82,0,1.0,14,6,0,not_identified
week,2026-08-11,current_catalog_text_output,exact_model_variant,requests,83,83,83,83,0,1.0,14,6,0,not_identified
week,2026-08-11,current_catalog_text_output,exact_model_variant,requests,84,84,84,84,0,1.0,14,6,0,not_identified
week,2026-08-11,current_catalog_text_output,exact_model_variant,requests,85,85,85,85,0,1.0,14,6,0,not_identified
week,2026-08-11,current_catalog_text_output,exact_model_variant,requests,86,86,86,86,0,1.0,14,6,0,not_identified
week,2026-08-11,current_catalog_text_output,exact_model_variant,requests,87,87,87,87,0,1.0,14,6,0,not_identified
week,2026-08-11,current_catalog_text_output,exact_model_variant,requests,88,88,88,88,0,1.0,14,6,0,not_identified
week,2026-08-11,current_catalog_text_output,exact_model_variant,requests,89,89,89,89,0,1.0,14,6,0,not_identified
week,2026-08-11,current_catalog_text_output,exact_model_variant,requests,90,90,90,90,0,1.0,14,6,0,not_identified
week,2026-08-11,current_catalog_text_output,exact_model_variant,requests,91,91,91,91,0,1.0,14,6,0,not_identified
week,2026-08-11,current_catalog_text_output,exact_model_variant,requests,92,92,92,92,0,1.0,14,6,0,not_identified
week,2026-08-11,current_catalog_text_output,exact_model_variant,requests,93,93,93,93,0,1.0,14,6,0,not_identified
week,2026-08-11,current_catalog_text_output,exact_model_variant,requests,94,94,94,94,0,1.0,14,6,0,not_identified
week,2026-08-11,current_catalog_text_output,exact_model_variant,requests,95,95,94,95,1,1.0106382978723405,14,6,0,not_identified
week,2026-08-11,current_catalog_text_output,exact_model_variant,requests,96,96,95,96,1,1.0105263157894737,14,6,0,not_identified
week,2026-08-11,current_catalog_text_output,exact_model_variant,requests,97,97,96,97,1,1.0104166666666667,14,6,0,not_identified
week,2026-08-11,current_catalog_text_output,exact_model_variant,requests,98,98,97,98,1,1.0103092783505154,14,6,0,not_identified
week,2026-08-11,current_catalog_text_output,exact_model_variant,requests,99,99,98,99,1,1.010204081632653,14,6,0,not_identified
week,2026-08-11,current_catalog_text_output,exact_model_variant,requests,100,100,99,100,1,1.0101010101010102,14,6,0,not_identified
week,2026-08-11,current_catalog_text_output,exact_model_variant,requests,101,101,99,101,2,1.02020202020202,14,6,0,not_identified
week,2026-08-11,current_catalog_text_output,exact_model_variant,requests,102,102,100,102,2,1.02,14,6,0,not_identified
week,2026-08-11,current_catalog_text_output,exact_model_variant,requests,103,103,101,103,2,1.0198019801980198,14,6,0,not_identified
week,2026-08-11,current_catalog_text_output,exact_model_variant,requests,104,104,102,104,2,1.0196078431372548,14,6,0,not_identified
week,2026-08-11,current_catalog_text_output,exact_model_variant,requests,105,105,103,105,2,1.0194174757281553,14,6,0,not_identified
week,2026-08-11,current_catalog_text_output,exact_model_variant,requests,106,106,104,106,2,1.0192307692307692,14,6,0,not_identified
week,2026-08-11,current_catalog_text_output,exact_model_variant,requests,107,107,104,107,3,1.0288461538461537,14,6,0,not_identified
week,2026-08-11,current_catalog_text_output,exact_model_variant,requests,108,108,105,108,3,1.0285714285714285,14,6,0,not_identified
week,2026-08-11,current_catalog_text_output,exact_model_variant,requests,109,109,106,109,3,1.028301886792453,14,6,0,not_identified
week,2026-08-11,current_catalog_text_output,exact_model_variant,requests,110,110,107,110,3,1.02803738317757,14,6,0,not_identified
week,2026-08-11,current_catalog_text_output,exact_model_variant,requests,111,111,108,111,3,1.0277777777777777,14,6,0,not_identified
week,2026-08-11,current_catalog_text_output,exact_model_variant,requests,112,112,109,112,3,1.0275229357798166,14,6,0,not_identified
week,2026-08-11,current_catalog_text_output,exact_model_variant,requests,113,113,109,113,4,1.036697247706422,14,6,0,not_identified
week,2026-08-11,current_catalog_text_output,exact_model_variant,requests,114,114,110,114,4,1.0363636363636364,14,6,0,not_identified
week,2026-08-11,current_catalog_text_output,exact_model_variant,requests,115,115,111,115,4,1.0360360360360361,14,6,0,not_identified
week,2026-08-11,current_catalog_text_output,exact_model_variant,requests,116,116,112,116,4,1.0357142857142858,14,6,0,not_identified
week,2026-08-11,current_catalog_text_output,exact_model_variant,requests,117,117,113,117,4,1.0353982300884956,14,6,0,not_identified
week,2026-08-11,current_catalog_text_output,exact_model_variant,requests,118,118,114,118,4,1.0350877192982457,14,6,0,not_identified
week,2026-08-11,current_catalog_text_output,exact_model_variant,requests,119,119,115,119,4,1.0347826086956522,14,6,0,not_identified
week,2026-08-11,current_catalog_text_output,exact_model_variant,requests,120,120,116,120,4,1.0344827586206897,14,6,0,not_identified
week,2026-08-11,current_catalog_text_output,exact_model_variant,requests,121,121,117,121,4,1.0341880341880343,14,6,0,not_identified
week,2026-08-11,current_catalog_text_output,exact_model_variant,requests,122,122,118,122,4,1.0338983050847457,14,6,0,not_identified
week,2026-08-11,current_catalog_text_output,exact_model_variant,requests,123,123,119,123,4,1.0336134453781514,14,6,0,not_identified
week,2026-08-11,current_catalog_text_output,exact_model_variant,requests,124,124,120,124,4,1.0333333333333334,14,6,0,not_identified
week,2026-08-11,current_catalog_text_output,exact_model_variant,requests,125,125,121,125,4,1.0330578512396693,14,6,0,not_identified
week,2026-08-11,current_catalog_text_output,exact_model_variant,requests,126,126,122,126,4,1.0327868852459017,14,6,0,not_identified
week,2026-08-11,current_catalog_text_output,exact_model_variant,requests,127,127,123,127,4,1.032520325203252,14,6,0,not_identified
week,2026-08-11,current_catalog_text_output,exact_model_variant,requests,128,128,124,128,4,1.032258064516129,14,7,0,not_identified
week,2026-08-11,current_catalog_text_output,exact_model_variant,requests,129,129,125,129,4,1.032,14,7,0,not_identified
week,2026-08-11,current_catalog_text_output,exact_model_variant,requests,130,130,126,130,4,1.0317460317460319,14,7,0,not_identified
week,2026-08-11,current_catalog_text_output,exact_model_variant,requests,131,131,127,131,4,1.031496062992126,14,7,0,not_identified
week,2026-08-11,current_catalog_text_output,exact_model_variant,requests,132,132,128,132,4,1.03125,14,7,0,not_identified
week,2026-08-11,current_catalog_text_output,exact_model_variant,requests,133,133,128,133,5,1.0390625,14,7,0,not_identified
week,2026-08-11,current_catalog_text_output,exact_model_variant,requests,134,134,129,134,5,1.0387596899224807,14,7,0,not_identified
week,2026-08-11,current_catalog_text_output,exact_model_variant,requests,135,135,130,135,5,1.0384615384615385,14,7,0,not_identified
week,2026-08-11,current_catalog_text_output,exact_model_variant,requests,136,136,131,136,5,1.0381679389312977,14,7,0,not_identified
week,2026-08-11,current_catalog_text_output,exact_model_variant,requests,137,137,132,137,5,1.0378787878787878,14,7,0,not_identified
week,2026-08-11,current_catalog_text_output,exact_model_variant,requests,138,138,133,138,5,1.037593984962406,14,7,0,not_identified
week,2026-08-11,current_catalog_text_output,exact_model_variant,requests,139,139,134,139,5,1.037313432835821,14,7,0,not_identified
week,2026-08-11,current_catalog_text_output,exact_model_variant,requests,140,140,135,140,5,1.037037037037037,14,7,0,not_identified
week,2026-08-11,current_catalog_text_output,exact_model_variant,requests,141,141,136,141,5,1.036764705882353,14,7,0,not_identified
week,2026-08-11,current_catalog_text_output,exact_model_variant,requests,142,142,137,142,5,1.0364963503649636,14,7,0,not_identified
week,2026-08-11,current_catalog_text_output,exact_model_variant,requests,143,143,138,143,5,1.036231884057971,14,7,0,not_identified
week,2026-08-11,current_catalog_text_output,exact_model_variant,requests,144,144,139,144,5,1.0359712230215827,14,7,0,not_identified
week,2026-08-11,current_catalog_text_output,exact_model_variant,requests,145,145,140,145,5,1.0357142857142858,14,7,0,not_identified
week,2026-08-11,current_catalog_text_output,exact_model_variant,requests,146,146,140,146,6,1.042857142857143,14,7,0,not_identified
week,2026-08-11,current_catalog_text_output,exact_model_variant,requests,147,147,141,147,6,1.0425531914893618,14,7,0,not_identified
week,2026-08-11,current_catalog_text_output,exact_model_variant,requests,148,148,142,148,6,1.0422535211267605,14,7,0,not_identified
week,2026-08-11,current_catalog_text_output,exact_model_variant,requests,149,149,143,149,6,1.0419580419580419,14,7,0,not_identified
week,2026-08-11,current_catalog_text_output,exact_model_variant,requests,150,150,144,150,6,1.0416666666666667,14,7,0,not_identified
week,2026-08-11,current_catalog_text_output,exact_model_variant,requests,151,151,145,151,6,1.0413793103448277,14,8,0,not_identified
week,2026-08-11,current_catalog_text_output,exact_model_variant,requests,152,152,146,152,6,1.0410958904109588,14,8,0,not_identified
week,2026-08-11,current_catalog_text_output,exact_model_variant,requests,153,153,147,153,6,1.0408163265306123,14,8,0,not_identified
week,2026-08-11,current_catalog_text_output,exact_model_variant,requests,154,154,148,154,6,1.0405405405405406,14,8,0,not_identified
week,2026-08-11,current_catalog_text_output,exact_model_variant,requests,155,155,149,155,6,1.0402684563758389,14,8,0,not_identified
week,2026-08-11,current_catalog_text_output,exact_model_variant,requests,156,156,150,156,6,1.04,14,8,0,not_identified
week,2026-08-11,current_catalog_text_output,exact_model_variant,requests,157,157,151,157,6,1.0397350993377483,14,8,0,not_identified
week,2026-08-11,current_catalog_text_output,exact_model_variant,requests,158,158,152,158,6,1.0394736842105263,14,8,0,not_identified
week,2026-08-11,current_catalog_text_output,exact_model_variant,requests,159,159,153,159,6,1.0392156862745099,14,8,0,not_identified
week,2026-08-11,current_catalog_text_output,exact_model_variant,requests,160,160,154,160,6,1.0389610389610389,14,8,0,not_identified
week,2026-08-11,current_catalog_text_output,exact_model_variant,requests,161,161,154,161,7,1.0454545454545454,14,8,0,not_identified
week,2026-08-11,current_catalog_text_output,exact_model_variant,requests,162,162,155,162,7,1.0451612903225806,14,8,0,not_identified
week,2026-08-11,current_catalog_text_output,exact_model_variant,requests,163,163,156,163,7,1.044871794871795,14,8,0,not_identified
week,2026-08-11,current_catalog_text_output,exact_model_variant,requests,164,164,157,164,7,1.0445859872611465,14,8,0,not_identified
week,2026-08-11,current_catalog_text_output,exact_model_variant,requests,165,165,158,165,7,1.0443037974683544,14,8,0,not_identified
week,2026-08-11,current_catalog_text_output,exact_model_variant,requests,166,166,159,166,7,1.0440251572327044,14,8,0,not_identified
week,2026-08-11,current_catalog_text_output,exact_model_variant,requests,167,167,160,167,7,1.04375,14,8,0,not_identified
week,2026-08-11,current_catalog_text_output,exact_model_variant,requests,168,168,161,168,7,1.0434782608695652,14,8,0,not_identified
week,2026-08-11,current_catalog_text_output,exact_model_variant,requests,169,169,162,169,7,1.0432098765432098,14,8,0,not_identified
week,2026-08-11,current_catalog_text_output,exact_model_variant,requests,170,170,163,170,7,1.0429447852760736,14,8,0,not_identified
week,2026-08-11,current_catalog_text_output,exact_model_variant,requests,171,171,164,171,7,1.0426829268292683,14,8,0,not_identified
week,2026-08-11,current_catalog_text_output,exact_model_variant,requests,172,172,165,172,7,1.0424242424242425,14,8,0,not_identified
week,2026-08-11,current_catalog_text_output,exact_model_variant,requests,173,173,166,173,7,1.0421686746987953,15,8,0,not_identified
week,2026-08-11,current_catalog_text_output,exact_model_variant,requests,174,174,167,174,7,1.0419161676646707,15,8,0,not_identified
week,2026-08-11,current_catalog_text_output,exact_model_variant,requests,175,175,168,175,7,1.0416666666666667,15,8,0,not_identified
week,2026-08-11,current_catalog_text_output,exact_model_variant,requests,176,176,169,176,7,1.0414201183431953,15,9,0,not_identified
week,2026-08-11,current_catalog_text_output,exact_model_variant,requests,177,177,169,177,8,1.047337278106509,15,9,0,not_identified
week,2026-08-11,current_catalog_text_output,exact_model_variant,requests,178,178,170,178,8,1.0470588235294118,15,9,0,not_identified
week,2026-08-11,current_catalog_text_output,exact_model_variant,requests,179,179,171,179,8,1.0467836257309941,15,9,0,not_identified
week,2026-08-11,current_catalog_text_output,exact_model_variant,requests,180,180,172,180,8,1.0465116279069768,15,9,0,not_identified
week,2026-08-11,current_catalog_text_output,exact_model_variant,requests,181,181,173,181,8,1.046242774566474,15,9,0,not_identified
week,2026-08-11,current_catalog_text_output,exact_model_variant,requests,182,182,174,182,8,1.0459770114942528,15,9,0,not_identified
week,2026-08-11,current_catalog_text_output,exact_model_variant,requests,183,183,175,183,8,1.0457142857142858,15,9,0,not_identified
week,2026-08-11,current_catalog_text_output,exact_model_variant,requests,184,184,176,184,8,1.0454545454545454,15,9,0,not_identified
week,2026-08-11,current_catalog_text_output,exact_model_variant,requests,185,185,177,185,8,1.0451977401129944,15,9,0,not_identified
week,2026-08-11,current_catalog_text_output,exact_model_variant,requests,186,186,177,186,9,1.0508474576271187,15,9,0,not_identified
week,2026-08-11,current_catalog_text_output,exact_model_variant,requests,187,187,178,187,9,1.050561797752809,15,9,0,not_identified
week,2026-08-11,current_catalog_text_output,exact_model_variant,requests,188,188,179,188,9,1.0502793296089385,15,9,0,not_identified
week,2026-08-11,current_catalog_text_output,exact_model_variant,requests,189,189,180,189,9,1.05,15,9,0,not_identified
week,2026-08-11,current_catalog_text_output,exact_model_variant,requests,190,190,181,190,9,1.0497237569060773,15,9,0,not_identified
week,2026-08-11,current_catalog_text_output,exact_model_variant,requests,191,191,182,191,9,1.0494505494505495,15,9,0,not_identified
week,2026-08-11,current_catalog_text_output,exact_model_variant,requests,192,192,183,192,9,1.0491803278688525,15,9,0,not_identified
week,2026-08-11,current_catalog_text_output,exact_model_variant,requests,193,193,184,193,9,1.048913043478261,15,9,0,not_identified
week,2026-08-11,current_catalog_text_output,exact_model_variant,requests,194,194,185,194,9,1.0486486486486486,15,9,0,not_identified
week,2026-08-11,current_catalog_text_output,exact_model_variant,requests,195,195,186,195,9,1.0483870967741935,15,9,0,not_identified
week,2026-08-11,current_catalog_text_output,exact_model_variant,requests,196,196,187,196,9,1.0481283422459893,15,9,0,not_identified
week,2026-08-11,current_catalog_text_output,exact_model_variant,requests,197,197,188,197,9,1.047872340425532,15,9,0,not_identified
week,2026-08-11,current_catalog_text_output,exact_model_variant,requests,198,198,189,198,9,1.0476190476190477,15,9,0,not_identified
week,2026-08-11,current_catalog_text_output,exact_model_variant,requests,199,199,190,199,9,1.0473684210526315,15,9,0,not_identified
week,2026-08-11,current_catalog_text_output,exact_model_variant,requests,200,200,191,200,9,1.0471204188481675,15,9,0,not_identified
week,2026-08-11,current_catalog_text_output,exact_model_variant,requests,201,201,192,201,9,1.046875,15,9,0,not_identified
week,2026-08-11,current_catalog_text_output,exact_model_variant,requests,202,202,193,202,9,1.0466321243523315,15,9,0,not_identified
week,2026-08-11,current_catalog_text_output,exact_model_variant,requests,203,203,194,203,9,1.0463917525773196,15,9,0,not_identified
week,2026-08-11,current_catalog_text_output,exact_model_variant,requests,204,204,195,204,9,1.0461538461538462,15,9,0,not_identified
week,2026-08-11,current_catalog_text_output,exact_model_variant,requests,205,205,196,205,9,1.0459183673469388,15,9,0,not_identified
week,2026-08-11,current_catalog_text_output,exact_model_variant,requests,206,206,197,206,9,1.0456852791878173,15,9,0,not_identified
week,2026-08-11,current_catalog_text_output,exact_model_variant,requests,207,207,198,207,9,1.0454545454545454,15,9,0,not_identified
week,2026-08-11,current_catalog_text_output,exact_model_variant,requests,208,208,199,208,9,1.0452261306532664,15,9,0,not_identified
week,2026-08-11,current_catalog_text_output,exact_model_variant,requests,209,209,200,209,9,1.045,15,9,0,not_identified
week,2026-08-11,current_catalog_text_output,exact_model_variant,requests,210,210,201,210,9,1.044776119402985,15,9,0,not_identified
week,2026-08-11,current_catalog_text_output,exact_model_variant,requests,211,211,202,211,9,1.0445544554455446,15,9,0,not_identified
week,2026-08-11,current_catalog_text_output,exact_model_variant,requests,212,212,203,212,9,1.0443349753694582,15,9,0,not_identified
week,2026-08-11,current_catalog_text_output,exact_model_variant,requests,213,213,204,213,9,1.0441176470588236,15,9,0,not_identified
week,2026-08-11,current_catalog_text_output,exact_model_variant,requests,214,214,205,214,9,1.0439024390243903,15,9,0,not_identified
week,2026-08-11,current_catalog_text_output,exact_model_variant,requests,215,215,206,215,9,1.0436893203883495,15,9,0,not_identified
week,2026-08-11,current_catalog_text_output,exact_model_variant,requests,216,216,207,216,9,1.0434782608695652,15,9,0,not_identified
week,2026-08-11,current_catalog_text_output,exact_model_variant,requests,217,217,208,217,9,1.0432692307692308,15,9,0,not_identified
week,2026-08-11,current_catalog_text_output,exact_model_variant,requests,218,218,209,218,9,1.0430622009569377,15,9,0,not_identified
week,2026-08-11,current_catalog_text_output,exact_model_variant,requests,219,219,210,219,9,1.042857142857143,15,9,0,not_identified
week,2026-08-11,current_catalog_text_output,exact_model_variant,requests,220,220,211,220,9,1.042654028436019,15,10,0,not_identified
week,2026-08-11,current_catalog_text_output,exact_model_variant,requests,221,221,212,221,9,1.0424528301886793,15,10,0,not_identified
week,2026-08-11,current_catalog_text_output,exact_model_variant,requests,222,222,213,222,9,1.0422535211267605,15,11,0,not_identified
week,2026-08-11,current_catalog_text_output,exact_model_variant,requests,223,223,214,223,9,1.0420560747663552,15,11,0,not_identified
week,2026-08-11,current_catalog_text_output,exact_model_variant,requests,224,224,215,224,9,1.041860465116279,15,11,0,not_identified
week,2026-08-11,current_catalog_text_output,exact_model_variant,requests,225,225,216,225,9,1.0416666666666667,15,11,0,not_identified
week,2026-08-11,current_catalog_text_output,exact_model_variant,requests,226,226,217,226,9,1.0414746543778801,15,11,0,not_identified
week,2026-08-11,current_catalog_text_output,exact_model_variant,requests,227,227,218,227,9,1.0412844036697249,15,11,0,not_identified
week,2026-08-11,current_catalog_text_output,exact_model_variant,requests,228,228,219,228,9,1.0410958904109588,15,11,0,not_identified
week,2026-08-11,current_catalog_text_output,exact_model_variant,requests,229,229,220,229,9,1.040909090909091,15,12,0,not_identified
week,2026-08-11,current_catalog_text_output,exact_model_variant,requests,230,230,221,230,9,1.0407239819004526,15,12,0,not_identified
week,2026-08-11,current_catalog_text_output,exact_model_variant,requests,231,231,222,231,9,1.0405405405405406,15,12,0,not_identified
week,2026-08-11,current_catalog_text_output,exact_model_variant,requests,232,232,223,232,9,1.0403587443946187,15,13,0,not_identified
week,2026-08-11,current_catalog_text_output,exact_model_variant,requests,233,233,224,233,9,1.0401785714285714,15,13,0,not_identified
week,2026-08-11,current_catalog_text_output,exact_model_variant,requests,234,234,225,234,9,1.04,15,13,0,not_identified
week,2026-08-11,current_catalog_text_output,exact_model_variant,requests,235,235,226,235,9,1.0398230088495575,15,13,0,not_identified
week,2026-08-11,current_catalog_text_output,exact_model_variant,requests,236,236,227,236,9,1.039647577092511,15,13,0,not_identified
week,2026-08-11,current_catalog_text_output,exact_model_variant,requests,237,237,228,237,9,1.0394736842105263,15,13,0,not_identified
week,2026-08-11,current_catalog_text_output,exact_model_variant,requests,238,238,229,238,9,1.039301310043668,15,13,0,not_identified
week,2026-08-11,current_catalog_text_output,exact_model_variant,requests,239,239,230,239,9,1.0391304347826087,15,13,0,not_identified
week,2026-08-11,current_catalog_text_output,exact_model_variant,requests,240,240,231,240,9,1.0389610389610389,15,13,0,not_identified
week,2026-08-11,current_catalog_text_output,exact_model_variant,requests,241,241,232,241,9,1.0387931034482758,15,13,0,not_identified
week,2026-08-11,current_catalog_text_output,exact_model_variant,requests,242,242,233,242,9,1.03862660944206,15,13,0,not_identified
week,2026-08-11,current_catalog_text_output,exact_model_variant,requests,243,243,234,243,9,1.0384615384615385,15,13,0,not_identified
week,2026-08-11,current_catalog_text_output,exact_model_variant,requests,244,244,235,244,9,1.0382978723404255,15,13,0,not_identified
week,2026-08-11,current_catalog_text_output,exact_model_variant,requests,245,245,236,245,9,1.0381355932203389,15,13,0,not_identified
week,2026-08-11,current_catalog_text_output,exact_model_variant,requests,246,246,237,246,9,1.0379746835443038,15,13,0,not_identified
week,2026-08-11,current_catalog_text_output,exact_model_variant,requests,247,247,238,247,9,1.0378151260504203,15,13,0,not_identified
week,2026-08-11,current_catalog_text_output,exact_model_variant,requests,248,248,239,248,9,1.0376569037656904,15,13,0,not_identified
week,2026-08-11,current_catalog_text_output,exact_model_variant,requests,249,249,240,249,9,1.0375,15,13,0,not_identified
week,2026-08-11,current_catalog_text_output,exact_model_variant,requests,250,250,241,250,9,1.037344398340249,15,13,0,not_identified
week,2026-08-11,current_catalog_text_output,exact_model_variant,requests,251,251,242,251,9,1.037190082644628,15,13,0,not_identified
week,2026-08-11,current_catalog_text_output,exact_model_variant,requests,252,252,242,252,10,1.0413223140495869,15,13,0,not_identified
week,2026-08-11,current_catalog_text_output,exact_model_variant,requests,253,253,242,253,11,1.0454545454545454,15,13,0,not_identified
week,2026-08-11,current_catalog_text_output,exact_model_variant,requests,254,254,243,254,11,1.045267489711934,15,13,0,not_identified
week,2026-08-11,current_catalog_text_output,exact_model_variant,requests,255,255,244,255,11,1.0450819672131149,15,13,0,not_identified
week,2026-08-11,current_catalog_text_output,exact_model_variant,requests,256,256,245,256,11,1.0448979591836736,15,13,0,not_identified
week,2026-08-11,current_catalog_text_output,exact_model_variant,requests,257,257,246,257,11,1.0447154471544715,15,13,0,not_identified
week,2026-08-11,current_catalog_text_output,exact_model_variant,requests,258,258,247,258,11,1.0445344129554657,15,13,0,not_identified
week,2026-08-11,current_catalog_text_output,exact_model_variant,requests,259,259,248,259,11,1.0443548387096775,15,13,0,not_identified
week,2026-08-11,current_catalog_text_output,exact_model_variant,requests,260,260,249,260,11,1.0441767068273093,15,13,0,not_identified
week,2026-08-11,current_catalog_text_output,exact_model_variant,requests,261,261,250,261,11,1.044,15,13,0,not_identified
week,2026-08-11,current_catalog_text_output,exact_model_variant,requests,262,262,251,262,11,1.043824701195219,15,13,0,not_identified
week,2026-08-11,current_catalog_text_output,exact_model_variant,requests,263,263,252,263,11,1.0436507936507937,15,13,0,not_identified
week,2026-08-11,current_catalog_text_output,exact_model_variant,requests,264,264,253,264,11,1.0434782608695652,15,13,0,not_identified
week,2026-08-11,current_catalog_text_output,exact_model_variant,requests,265,265,254,265,11,1.0433070866141732,15,13,0,not_identified
week,2026-08-11,current_catalog_text_output,exact_model_variant,requests,266,266,254,266,12,1.047244094488189,15,13,0,not_identified
week,2026-08-11,current_catalog_text_output,exact_model_variant,requests,267,267,255,267,12,1.0470588235294118,15,13,0,not_identified
week,2026-08-11,current_catalog_text_output,exact_model_variant,requests,268,268,256,268,12,1.046875,15,13,0,not_identified
week,2026-08-11,current_catalog_text_output,exact_model_variant,requests,269,269,257,269,12,1.046692607003891,15,13,0,not_identified
week,2026-08-11,current_catalog_text_output,exact_model_variant,requests,270,270,258,270,12,1.0465116279069768,15,13,0,not_identified
week,2026-08-11,current_catalog_text_output,exact_model_variant,requests,271,271,259,271,12,1.0463320463320462,15,13,0,not_identified
week,2026-08-11,current_catalog_text_output,exact_model_variant,requests,272,272,260,272,12,1.0461538461538462,15,13,0,not_identified
week,2026-08-11,current_catalog_text_output,exact_model_variant,requests,273,273,261,273,12,1.0459770114942528,15,13,0,not_identified
week,2026-08-11,current_catalog_text_output,exact_model_variant,requests,274,274,262,274,12,1.0458015267175573,15,13,0,not_identified
week,2026-08-11,current_catalog_text_output,exact_model_variant,requests,275,275,262,275,13,1.049618320610687,15,13,0,not_identified
week,2026-08-11,current_catalog_text_output,exact_model_variant,requests,276,276,263,276,13,1.049429657794677,15,13,0,not_identified
week,2026-08-11,current_catalog_text_output,exact_model_variant,requests,277,277,263,277,14,1.053231939163498,15,13,0,not_identified
week,2026-08-11,current_catalog_text_output,exact_model_variant,requests,278,278,263,278,15,1.0570342205323193,15,13,0,not_identified
week,2026-08-11,current_catalog_text_output,exact_model_variant,requests,279,279,263,279,16,1.0608365019011408,15,13,0,not_identified
week,2026-08-11,current_catalog_text_output,exact_model_variant,requests,280,280,264,280,16,1.0606060606060606,15,13,0,not_identified
week,2026-08-11,current_catalog_text_output,exact_model_variant,requests,281,281,265,281,16,1.060377358490566,15,13,0,not_identified
week,2026-08-11,current_catalog_text_output,exact_model_variant,requests,282,282,266,282,16,1.0601503759398496,15,13,0,not_identified
week,2026-08-11,current_catalog_text_output,exact_model_variant,requests,283,283,267,283,16,1.0599250936329587,15,13,0,not_identified
week,2026-08-11,current_catalog_text_output,exact_model_variant,requests,284,284,268,284,16,1.0597014925373134,15,13,0,not_identified
week,2026-08-11,current_catalog_text_output,exact_model_variant,requests,285,285,269,285,16,1.0594795539033457,15,13,0,not_identified
week,2026-08-11,current_catalog_text_output,exact_model_variant,requests,286,286,270,286,16,1.0592592592592593,15,13,0,not_identified
week,2026-08-11,current_catalog_text_output,exact_model_variant,requests,287,287,271,287,16,1.0590405904059041,15,13,0,not_identified
week,2026-08-11,current_catalog_text_output,exact_model_variant,requests,288,288,272,288,16,1.0588235294117647,15,13,0,not_identified
week,2026-08-11,current_catalog_text_output,exact_model_variant,requests,289,289,273,289,16,1.0586080586080586,15,13,0,not_identified
week,2026-08-11,current_catalog_text_output,exact_model_variant,requests,290,290,274,290,16,1.0583941605839415,15,13,0,not_identified
week,2026-08-11,current_catalog_text_output,exact_model_variant,requests,291,291,274,291,17,1.062043795620438,15,13,0,not_identified
week,2026-08-11,current_catalog_text_output,exact_model_variant,requests,292,292,274,292,18,1.0656934306569343,15,13,0,not_identified
week,2026-08-11,current_catalog_text_output,exact_model_variant,requests,293,293,274,293,19,1.0693430656934306,15,13,0,not_identified
week,2026-08-11,current_catalog_text_output,exact_model_variant,requests,294,294,275,294,19,1.069090909090909,15,13,0,not_identified
week,2026-08-11,current_catalog_text_output,exact_model_variant,requests,295,295,276,295,19,1.068840579710145,15,13,0,not_identified
week,2026-08-11,current_catalog_text_output,exact_model_variant,requests,296,296,276,296,20,1.0724637681159421,15,13,0,not_identified
week,2026-08-11,current_catalog_text_output,exact_model_variant,requests,297,297,277,297,20,1.0722021660649819,15,13,0,not_identified
week,2026-08-11,current_catalog_text_output,exact_model_variant,requests,298,298,278,298,20,1.0719424460431655,15,13,0,not_identified
week,2026-08-11,current_catalog_text_output,exact_model_variant,requests,299,299,279,299,20,1.07168458781362,15,13,0,not_identified
week,2026-08-11,current_catalog_text_output,exact_model_variant,requests,300,300,280,300,20,1.0714285714285714,15,13,0,not_identified
week,2026-08-11,current_catalog_text_output,exact_model_variant,requests,301,301,281,301,20,1.0711743772241993,15,13,0,not_identified
week,2026-08-11,current_catalog_text_output,exact_model_variant,requests,302,302,282,302,20,1.070921985815603,15,13,0,not_identified
week,2026-08-11,current_catalog_text_output,exact_model_variant,requests,303,303,283,303,20,1.0706713780918728,15,13,0,not_identified
week,2026-08-11,current_catalog_text_output,exact_model_variant,requests,304,304,284,304,20,1.0704225352112675,15,13,0,not_identified
week,2026-08-11,current_catalog_text_output,exact_model_variant,requests,305,305,285,305,20,1.0701754385964912,15,13,0,not_identified
week,2026-08-11,current_catalog_text_output,exact_model_variant,requests,306,306,286,306,20,1.06993006993007,15,13,0,not_identified
week,2026-08-11,current_catalog_text_output,exact_model_variant,requests,307,307,287,307,20,1.0696864111498259,15,13,0,not_identified
week,2026-08-11,current_catalog_text_output,exact_model_variant,requests,308,308,287,308,21,1.0731707317073171,15,13,0,not_identified
week,2026-08-11,current_catalog_text_output,exact_model_variant,requests,309,309,288,309,21,1.0729166666666667,15,13,0,not_identified
week,2026-08-11,current_catalog_text_output,exact_model_variant,requests,310,310,288,310,22,1.0763888888888888,15,13,0,not_identified
week,2026-08-11,current_catalog_text_output,exact_model_variant,requests,311,311,289,311,22,1.0761245674740485,15,13,0,not_identified
week,2026-08-11,current_catalog_text_output,exact_model_variant,requests,312,312,289,312,23,1.0795847750865053,15,13,0,not_identified
week,2026-08-11,current_catalog_text_output,exact_model_variant,requests,313,313,290,313,23,1.0793103448275863,15,13,0,not_identified
week,2026-08-11,current_catalog_text_output,exact_model_variant,requests,314,314,291,314,23,1.0790378006872852,15,13,0,not_identified
week,2026-08-11,current_catalog_text_output,exact_model_variant,requests,315,315,292,315,23,1.0787671232876712,15,13,0,not_identified
week,2026-08-11,current_catalog_text_output,exact_model_variant,requests,316,316,293,316,23,1.0784982935153584,15,13,0,not_identified
week,2026-08-11,current_catalog_text_output,exact_model_variant,requests,317,317,293,317,24,1.081911262798635,15,13,0,not_identified
week,2026-08-11,current_catalog_text_output,exact_model_variant,requests,318,318,294,318,24,1.0816326530612246,15,13,0,not_identified
week,2026-08-11,current_catalog_text_output,exact_model_variant,requests,319,319,294,319,25,1.0850340136054422,15,13,0,not_identified
week,2026-08-11,current_catalog_text_output,exact_model_variant,requests,320,320,294,320,26,1.08843537414966,15,13,0,not_identified
week,2026-08-11,current_catalog_text_output,exact_model_variant,requests,321,321,295,321,26,1.088135593220339,15,14,0,not_identified
week,2026-08-11,current_catalog_text_output,exact_model_variant,requests,322,322,296,322,26,1.087837837837838,15,14,0,not_identified
week,2026-08-11,current_catalog_text_output,exact_model_variant,requests,323,323,296,323,27,1.0912162162162162,15,14,0,not_identified
week,2026-08-11,current_catalog_text_output,exact_model_variant,requests,324,324,297,324,27,1.0909090909090908,15,14,0,not_identified
week,2026-08-11,current_catalog_text_output,exact_model_variant,requests,325,325,298,325,27,1.0906040268456376,16,14,0,not_identified
week,2026-08-11,current_catalog_text_output,exact_model_variant,requests,326,326,299,326,27,1.0903010033444815,16,14,0,not_identified
week,2026-08-11,current_catalog_text_output,exact_model_variant,requests,327,327,299,327,28,1.0936454849498327,16,14,0,not_identified
week,2026-08-11,current_catalog_text_output,exact_model_variant,requests,328,328,300,328,28,1.0933333333333333,16,14,0,not_identified
week,2026-08-11,current_catalog_text_output,exact_model_variant,requests,329,329,301,329,28,1.0930232558139534,16,14,0,not_identified
week,2026-08-11,current_catalog_text_output,exact_model_variant,requests,330,330,301,330,29,1.0963455149501662,16,14,0,not_identified
week,2026-08-11,current_catalog_text_output,exact_model_variant,requests,331,331,301,331,30,1.0996677740863787,16,14,0,not_identified
week,2026-08-11,current_catalog_text_output,exact_model_variant,requests,332,332,302,332,30,1.099337748344371,16,14,0,not_identified
week,2026-08-11,current_catalog_text_output,exact_model_variant,requests,333,333,302,333,31,1.1026490066225165,16,14,0,not_identified
week,2026-08-11,current_catalog_text_output,exact_model_variant,requests,334,334,303,334,31,1.1023102310231023,16,14,0,not_identified
week,2026-08-11,current_catalog_text_output,exact_model_variant,requests,335,335,304,335,31,1.1019736842105263,16,14,0,not_identified
week,2026-08-11,current_catalog_text_output,exact_model_variant,requests,336,336,305,336,31,1.1016393442622952,16,14,0,not_identified
week,2026-08-11,current_catalog_text_output,exact_model_variant,requests,337,337,306,337,31,1.1013071895424837,16,14,0,not_identified
week,2026-08-11,current_catalog_text_output,exact_model_variant,requests,338,338,306,338,32,1.1045751633986929,16,14,0,not_identified
week,2026-08-11,current_catalog_text_output,exact_model_variant,requests,339,339,306,339,33,1.107843137254902,16,14,0,not_identified
week,2026-08-11,current_catalog_text_output,exact_model_variant,requests,340,340,306,340,34,1.1111111111111112,16,14,0,not_identified
week,2026-08-11,current_catalog_text_output,exact_model_variant,requests,341,341,307,341,34,1.1107491856677525,16,14,0,not_identified
week,2026-08-11,current_catalog_text_output,exact_model_variant,requests,342,342,308,342,34,1.1103896103896105,16,14,0,not_identified
week,2026-08-11,current_catalog_text_output,exact_model_variant,requests,343,343,309,343,34,1.110032362459547,16,14,0,not_identified
week,2026-08-11,current_catalog_text_output,exact_model_variant,requests,344,344,309,344,35,1.1132686084142396,16,14,0,not_identified
week,2026-08-11,current_catalog_text_output,exact_model_variant,requests,345,345,309,345,36,1.116504854368932,16,14,0,not_identified
week,2026-08-11,current_catalog_text_output,exact_model_variant,requests,346,346,310,346,36,1.1161290322580646,16,14,0,not_identified
week,2026-08-11,current_catalog_text_output,exact_model_variant,requests,347,347,311,347,36,1.1157556270096463,16,14,0,not_identified
week,2026-08-11,current_catalog_text_output,exact_model_variant,requests,348,348,311,348,37,1.1189710610932475,16,14,0,not_identified
week,2026-08-11,current_catalog_text_output,exact_model_variant,requests,349,349,311,349,38,1.1221864951768488,16,14,0,not_identified
week,2026-08-11,current_catalog_text_output,exact_model_variant,requests,350,350,312,350,38,1.1217948717948718,16,14,0,not_identified
week,2026-08-11,current_catalog_text_output,exact_model_variant,requests,351,351,313,351,38,1.121405750798722,16,14,0,not_identified
week,2026-08-11,current_catalog_text_output,exact_model_variant,requests,352,352,313,352,39,1.1246006389776357,16,14,0,not_identified
week,2026-08-11,current_catalog_text_output,exact_model_variant,requests,353,353,313,353,40,1.1277955271565496,16,14,0,not_identified
week,2026-08-11,current_catalog_text_output,exact_model_variant,requests,354,354,314,354,40,1.127388535031847,16,14,0,not_identified
week,2026-08-11,current_catalog_text_output,exact_model_variant,requests,355,355,314,355,41,1.1305732484076434,16,14,0,not_identified
week,2026-08-11,current_catalog_text_output,exact_model_variant,requests,356,356,314,356,42,1.1337579617834395,16,14,0,not_identified
week,2026-08-11,current_catalog_text_output,exact_model_variant,requests,357,357,314,357,43,1.1369426751592357,16,14,0,not_identified
week,2026-08-11,current_catalog_text_output,exact_model_variant,requests,358,358,314,358,44,1.1401273885350318,16,14,0,not_identified
week,2026-08-11,current_catalog_text_output,exact_model_variant,requests,359,359,314,359,45,1.143312101910828,16,14,0,not_identified
week,2026-08-11,current_catalog_text_output,exact_model_variant,requests,360,360,314,360,46,1.1464968152866242,16,14,0,not_identified
week,2026-08-11,current_catalog_text_output,exact_model_variant,requests,361,361,314,361,47,1.1496815286624205,16,14,0,not_identified
week,2026-08-11,current_catalog_text_output,exact_model_variant,requests,362,362,314,362,48,1.1528662420382165,16,14,0,not_identified
week,2026-08-11,current_catalog_text_output,exact_model_variant,requests,363,363,314,363,49,1.1560509554140128,16,14,0,not_identified
week,2026-08-11,current_catalog_text_output,exact_model_variant,requests,364,364,314,364,50,1.1592356687898089,16,14,0,not_identified
week,2026-08-11,current_catalog_text_output,exact_model_variant,requests,365,365,314,365,51,1.1624203821656052,16,14,0,not_identified
week,2026-08-11,current_catalog_text_output,exact_model_variant,requests,366,366,314,366,52,1.1656050955414012,16,14,0,not_identified
week,2026-08-11,current_catalog_text_output,exact_model_variant,requests,367,367,314,367,53,1.1687898089171975,16,14,0,not_identified
week,2026-08-11,current_catalog_text_output,exact_model_variant,requests,368,368,314,368,54,1.1719745222929936,16,14,0,not_identified
week,2026-08-11,current_catalog_text_output,exact_model_variant,requests,369,369,314,369,55,1.1751592356687899,16,14,0,not_identified
week,2026-08-11,current_catalog_text_output,exact_model_variant,requests,370,370,314,370,56,1.178343949044586,16,14,0,not_identified
week,2026-08-11,current_catalog_text_output,exact_model_variant,requests,371,371,314,371,57,1.1815286624203822,16,14,0,not_identified
week,2026-08-11,current_catalog_text_output,exact_model_variant,requests,372,372,314,372,58,1.1847133757961783,16,14,0,not_identified
week,2026-08-11,current_catalog_text_output,exact_model_variant,requests,373,373,314,373,59,1.1878980891719746,16,14,0,not_identified
week,2026-08-11,current_catalog_text_output,exact_model_variant,requests,374,374,314,374,60,1.1910828025477707,16,14,0,not_identified
week,2026-08-11,current_catalog_text_output,exact_model_variant,requests,375,375,315,375,60,1.1904761904761905,16,14,0,not_identified
week,2026-08-11,current_catalog_text_output,exact_model_variant,requests,376,376,315,376,61,1.1936507936507936,16,14,0,not_identified
week,2026-08-11,all_observed,exact_model_variant,total_tokens,1,1,1,1,0,1.0,1,1,0,not_identified
week,2026-08-11,all_observed,exact_model_variant,total_tokens,2,2,2,2,0,1.0,2,1,0,not_identified
week,2026-08-11,all_observed,exact_model_variant,total_tokens,3,3,3,3,0,1.0,2,1,0,not_identified
week,2026-08-11,all_observed,exact_model_variant,total_tokens,4,4,4,4,0,1.0,2,2,0,not_identified
week,2026-08-11,all_observed,exact_model_variant,total_tokens,5,5,5,5,0,1.0,3,3,0,not_identified
week,2026-08-11,all_observed,exact_model_variant,total_tokens,6,6,6,6,0,1.0,3,3,0,not_identified
week,2026-08-11,all_observed,exact_model_variant,total_tokens,7,7,7,7,0,1.0,3,3,0,not_identified
week,2026-08-11,all_observed,exact_model_variant,total_tokens,8,8,8,8,0,1.0,4,4,0,not_identified
week,2026-08-11,all_observed,exact_model_variant,total_tokens,9,9,9,9,0,1.0,4,4,0,not_identified
week,2026-08-11,all_observed,exact_model_variant,total_tokens,10,10,10,10,0,1.0,4,4,0,not_identified
week,2026-08-11,all_observed,exact_model_variant,total_tokens,11,11,11,11,0,1.0,4,5,0,not_identified
week,2026-08-11,all_observed,exact_model_variant,total_tokens,12,12,12,12,0,1.0,4,5,0,not_identified
week,2026-08-11,all_observed,exact_model_variant,total_tokens,13,13,13,13,0,1.0,5,5,0,not_identified
week,2026-08-11,all_observed,exact_model_variant,total_tokens,14,14,14,14,0,1.0,5,5,0,not_identified
week,2026-08-11,all_observed,exact_model_variant,total_tokens,15,15,15,15,0,1.0,5,5,0,not_identified
week,2026-08-11,all_observed,exact_model_variant,total_tokens,16,16,16,16,0,1.0,5,5,0,not_identified
week,2026-08-11,all_observed,exact_model_variant,total_tokens,17,17,17,17,0,1.0,5,5,0,not_identified
week,2026-08-11,all_observed,exact_model_variant,total_tokens,18,18,18,18,0,1.0,5,5,0,not_identified
week,2026-08-11,all_observed,exact_model_variant,total_tokens,19,19,19,19,0,1.0,5,5,0,not_identified
week,2026-08-11,all_observed,exact_model_variant,total_tokens,20,20,20,20,0,1.0,5,5,0,not_identified
week,2026-08-11,all_observed,exact_model_variant,total_tokens,21,21,21,21,0,1.0,5,5,0,not_identified
week,2026-08-11,all_observed,exact_model_variant,total_tokens,22,22,22,22,0,1.0,5,5,0,not_identified
week,2026-08-11,all_observed,exact_model_variant,total_tokens,23,23,23,23,0,1.0,5,5,0,not_identified
week,2026-08-11,all_observed,exact_model_variant,total_tokens,24,24,24,24,0,1.0,5,5,0,not_identified
week,2026-08-11,all_observed,exact_model_variant,total_tokens,25,25,25,25,0,1.0,6,5,0,not_identified
week,2026-08-11,all_observed,exact_model_variant,total_tokens,26,26,26,26,0,1.0,6,5,0,not_identified
week,2026-08-11,all_observed,exact_model_variant,total_tokens,27,27,27,27,0,1.0,6,5,0,not_identified
week,2026-08-11,all_observed,exact_model_variant,total_tokens,28,28,28,28,0,1.0,6,5,0,not_identified
week,2026-08-11,all_observed,exact_model_variant,total_tokens,29,29,29,29,0,1.0,6,5,0,not_identified
week,2026-08-11,all_observed,exact_model_variant,total_tokens,30,30,30,30,0,1.0,6,5,0,not_identified
week,2026-08-11,all_observed,exact_model_variant,total_tokens,31,31,31,31,0,1.0,7,5,0,not_identified
week,2026-08-11,all_observed,exact_model_variant,total_tokens,32,32,32,32,0,1.0,7,5,0,not_identified
week,2026-08-11,all_observed,exact_model_variant,total_tokens,33,33,33,33,0,1.0,8,5,0,not_identified
week,2026-08-11,all_observed,exact_model_variant,total_tokens,34,34,34,34,0,1.0,8,5,0,not_identified
week,2026-08-11,all_observed,exact_model_variant,total_tokens,35,35,35,35,0,1.0,8,5,0,not_identified
week,2026-08-11,all_observed,exact_model_variant,total_tokens,36,36,36,36,0,1.0,8,5,0,not_identified
week,2026-08-11,all_observed,exact_model_variant,total_tokens,37,37,37,37,0,1.0,9,5,0,not_identified
week,2026-08-11,all_observed,exact_model_variant,total_tokens,38,38,38,38,0,1.0,9,5,0,not_identified
week,2026-08-11,all_observed,exact_model_variant,total_tokens,39,39,39,39,0,1.0,9,5,0,not_identified
week,2026-08-11,all_observed,exact_model_variant,total_tokens,40,40,40,40,0,1.0,9,5,0,not_identified
week,2026-08-11,all_observed,exact_model_variant,total_tokens,41,41,41,41,0,1.0,9,5,0,not_identified
week,2026-08-11,all_observed,exact_model_variant,total_tokens,42,42,42,42,0,1.0,9,6,0,not_identified
week,2026-08-11,all_observed,exact_model_variant,total_tokens,43,43,43,43,0,1.0,9,6,0,not_identified
week,2026-08-11,all_observed,exact_model_variant,total_tokens,44,44,44,44,0,1.0,9,6,0,not_identified
week,2026-08-11,all_observed,exact_model_variant,total_tokens,45,45,45,45,0,1.0,9,6,0,not_identified
week,2026-08-11,all_observed,exact_model_variant,total_tokens,46,46,46,46,0,1.0,9,6,0,not_identified
week,2026-08-11,all_observed,exact_model_variant,total_tokens,47,47,47,47,0,1.0,9,6,0,not_identified
week,2026-08-11,all_observed,exact_model_variant,total_tokens,48,48,48,48,0,1.0,9,6,0,not_identified
week,2026-08-11,all_observed,exact_model_variant,total_tokens,49,49,49,49,0,1.0,9,6,0,not_identified
week,2026-08-11,all_observed,exact_model_variant,total_tokens,50,50,50,50,0,1.0,9,6,0,not_identified
week,2026-08-11,all_observed,exact_model_variant,total_tokens,51,51,51,51,0,1.0,9,6,0,not_identified
week,2026-08-11,all_observed,exact_model_variant,total_tokens,52,52,52,52,0,1.0,9,6,0,not_identified
week,2026-08-11,all_observed,exact_model_variant,total_tokens,53,53,53,53,0,1.0,10,6,0,not_identified
week,2026-08-11,all_observed,exact_model_variant,total_tokens,54,54,54,54,0,1.0,10,6,0,not_identified
week,2026-08-11,all_observed,exact_model_variant,total_tokens,55,55,55,55,0,1.0,10,6,0,not_identified
week,2026-08-11,all_observed,exact_model_variant,total_tokens,56,56,56,56,0,1.0,10,7,0,not_identified
week,2026-08-11,all_observed,exact_model_variant,total_tokens,57,57,57,57,0,1.0,10,7,0,not_identified
week,2026-08-11,all_observed,exact_model_variant,total_tokens,58,58,58,58,0,1.0,10,7,0,not_identified
week,2026-08-11,all_observed,exact_model_variant,total_tokens,59,59,59,59,0,1.0,10,7,0,not_identified
week,2026-08-11,all_observed,exact_model_variant,total_tokens,60,60,60,60,0,1.0,10,7,0,not_identified
week,2026-08-11,all_observed,exact_model_variant,total_tokens,61,61,61,61,0,1.0,10,7,0,not_identified
week,2026-08-11,all_observed,exact_model_variant,total_tokens,62,62,62,62,0,1.0,10,7,0,not_identified
week,2026-08-11,all_observed,exact_model_variant,total_tokens,63,63,63,63,0,1.0,10,7,0,not_identified
week,2026-08-11,all_observed,exact_model_variant,total_tokens,64,64,64,64,0,1.0,10,7,0,not_identified
week,2026-08-11,all_observed,exact_model_variant,total_tokens,65,65,65,65,0,1.0,10,7,0,not_identified
week,2026-08-11,all_observed,exact_model_variant,total_tokens,66,66,66,66,0,1.0,10,7,0,not_identified
week,2026-08-11,all_observed,exact_model_variant,total_tokens,67,67,67,67,0,1.0,10,7,0,not_identified
week,2026-08-11,all_observed,exact_model_variant,total_tokens,68,68,68,68,0,1.0,10,7,0,not_identified
week,2026-08-11,all_observed,exact_model_variant,total_tokens,69,69,69,69,0,1.0,10,7,0,not_identified
week,2026-08-11,all_observed,exact_model_variant,total_tokens,70,70,70,70,0,1.0,11,7,0,not_identified
week,2026-08-11,all_observed,exact_model_variant,total_tokens,71,71,70,71,1,1.0142857142857142,11,7,0,not_identified
week,2026-08-11,all_observed,exact_model_variant,total_tokens,72,72,71,72,1,1.0140845070422535,11,7,0,not_identified
week,2026-08-11,all_observed,exact_model_variant,total_tokens,73,73,72,73,1,1.0138888888888888,11,7,0,not_identified
week,2026-08-11,all_observed,exact_model_variant,total_tokens,74,74,73,74,1,1.0136986301369864,11,7,0,not_identified
week,2026-08-11,all_observed,exact_model_variant,total_tokens,75,75,74,75,1,1.0135135135135136,12,7,0,not_identified
week,2026-08-11,all_observed,exact_model_variant,total_tokens,76,76,75,76,1,1.0133333333333334,12,7,0,not_identified
week,2026-08-11,all_observed,exact_model_variant,total_tokens,77,77,76,77,1,1.013157894736842,12,7,0,not_identified
week,2026-08-11,all_observed,exact_model_variant,total_tokens,78,78,77,78,1,1.0129870129870129,12,7,0,not_identified
week,2026-08-11,all_observed,exact_model_variant,total_tokens,79,79,77,79,2,1.025974025974026,12,7,0,not_identified
week,2026-08-11,all_observed,exact_model_variant,total_tokens,80,80,78,80,2,1.0256410256410255,12,7,0,not_identified
week,2026-08-11,all_observed,exact_model_variant,total_tokens,81,81,78,81,3,1.0384615384615385,12,7,0,not_identified
week,2026-08-11,all_observed,exact_model_variant,total_tokens,82,82,79,82,3,1.0379746835443038,13,7,0,not_identified
week,2026-08-11,all_observed,exact_model_variant,total_tokens,83,83,80,83,3,1.0375,13,7,0,not_identified
week,2026-08-11,all_observed,exact_model_variant,total_tokens,84,84,81,84,3,1.037037037037037,13,7,0,not_identified
week,2026-08-11,all_observed,exact_model_variant,total_tokens,85,85,82,85,3,1.0365853658536586,13,7,0,not_identified
week,2026-08-11,all_observed,exact_model_variant,total_tokens,86,86,83,86,3,1.036144578313253,13,7,0,not_identified
week,2026-08-11,all_observed,exact_model_variant,total_tokens,87,87,84,87,3,1.0357142857142858,13,7,0,not_identified
week,2026-08-11,all_observed,exact_model_variant,total_tokens,88,88,85,88,3,1.035294117647059,13,7,0,not_identified
week,2026-08-11,all_observed,exact_model_variant,total_tokens,89,89,86,89,3,1.0348837209302326,13,7,0,not_identified
week,2026-08-11,all_observed,exact_model_variant,total_tokens,90,90,87,90,3,1.0344827586206897,13,7,0,not_identified
week,2026-08-11,all_observed,exact_model_variant,total_tokens,91,91,88,91,3,1.0340909090909092,13,7,0,not_identified
week,2026-08-11,all_observed,exact_model_variant,total_tokens,92,92,88,92,4,1.0454545454545454,13,7,0,not_identified
week,2026-08-11,all_observed,exact_model_variant,total_tokens,93,93,89,93,4,1.0449438202247192,13,7,0,not_identified
week,2026-08-11,all_observed,exact_model_variant,total_tokens,94,94,90,94,4,1.0444444444444445,13,7,0,not_identified
week,2026-08-11,all_observed,exact_model_variant,total_tokens,95,95,91,95,4,1.043956043956044,13,7,0,not_identified
week,2026-08-11,all_observed,exact_model_variant,total_tokens,96,96,92,96,4,1.0434782608695652,13,7,0,not_identified
week,2026-08-11,all_observed,exact_model_variant,total_tokens,97,97,93,97,4,1.043010752688172,13,7,0,not_identified
week,2026-08-11,all_observed,exact_model_variant,total_tokens,98,98,94,98,4,1.0425531914893618,13,7,0,not_identified
week,2026-08-11,all_observed,exact_model_variant,total_tokens,99,99,95,99,4,1.0421052631578946,13,7,0,not_identified
week,2026-08-11,all_observed,exact_model_variant,total_tokens,100,100,96,100,4,1.0416666666666667,13,7,0,not_identified
week,2026-08-11,all_observed,exact_model_variant,total_tokens,101,101,97,101,4,1.041237113402062,13,7,0,not_identified
week,2026-08-11,all_observed,exact_model_variant,total_tokens,102,102,98,102,4,1.0408163265306123,13,7,0,not_identified
week,2026-08-11,all_observed,exact_model_variant,total_tokens,103,103,99,103,4,1.0404040404040404,13,7,0,not_identified
week,2026-08-11,all_observed,exact_model_variant,total_tokens,104,104,100,104,4,1.04,13,7,0,not_identified
week,2026-08-11,all_observed,exact_model_variant,total_tokens,105,105,101,105,4,1.0396039603960396,13,7,0,not_identified
week,2026-08-11,all_observed,exact_model_variant,total_tokens,106,106,102,106,4,1.0392156862745099,13,7,0,not_identified
week,2026-08-11,all_observed,exact_model_variant,total_tokens,107,107,103,107,4,1.0388349514563107,13,7,0,not_identified
week,2026-08-11,all_observed,exact_model_variant,total_tokens,108,108,104,108,4,1.0384615384615385,13,7,0,not_identified
week,2026-08-11,all_observed,exact_model_variant,total_tokens,109,109,105,109,4,1.0380952380952382,14,7,0,not_identified
week,2026-08-11,all_observed,exact_model_variant,total_tokens,110,110,106,110,4,1.0377358490566038,14,7,0,not_identified
week,2026-08-11,all_observed,exact_model_variant,total_tokens,111,111,107,111,4,1.0373831775700935,14,7,0,not_identified
week,2026-08-11,all_observed,exact_model_variant,total_tokens,112,112,108,112,4,1.037037037037037,14,7,0,not_identified
week,2026-08-11,all_observed,exact_model_variant,total_tokens,113,113,109,113,4,1.036697247706422,14,7,0,not_identified
week,2026-08-11,all_observed,exact_model_variant,total_tokens,114,114,110,114,4,1.0363636363636364,14,7,0,not_identified
week,2026-08-11,all_observed,exact_model_variant,total_tokens,115,115,111,115,4,1.0360360360360361,14,7,0,not_identified
week,2026-08-11,all_observed,exact_model_variant,total_tokens,116,116,112,116,4,1.0357142857142858,14,7,0,not_identified
week,2026-08-11,all_observed,exact_model_variant,total_tokens,117,117,113,117,4,1.0353982300884956,14,7,0,not_identified
week,2026-08-11,all_observed,exact_model_variant,total_tokens,118,118,114,118,4,1.0350877192982457,14,7,0,not_identified
week,2026-08-11,all_observed,exact_model_variant,total_tokens,119,119,114,119,5,1.043859649122807,14,7,0,not_identified
week,2026-08-11,all_observed,exact_model_variant,total_tokens,120,120,115,120,5,1.0434782608695652,14,7,0,not_identified
week,2026-08-11,all_observed,exact_model_variant,total_tokens,121,121,116,121,5,1.043103448275862,14,7,0,not_identified
week,2026-08-11,all_observed,exact_model_variant,total_tokens,122,122,117,122,5,1.0427350427350428,14,8,0,not_identified
week,2026-08-11,all_observed,exact_model_variant,total_tokens,123,123,118,123,5,1.0423728813559323,14,8,0,not_identified
week,2026-08-11,all_observed,exact_model_variant,total_tokens,124,124,119,124,5,1.0420168067226891,14,8,0,not_identified
week,2026-08-11,all_observed,exact_model_variant,total_tokens,125,125,119,125,6,1.050420168067227,14,8,0,not_identified
week,2026-08-11,all_observed,exact_model_variant,total_tokens,126,126,120,126,6,1.05,14,8,0,not_identified
week,2026-08-11,all_observed,exact_model_variant,total_tokens,127,127,121,127,6,1.0495867768595042,14,8,0,not_identified
week,2026-08-11,all_observed,exact_model_variant,total_tokens,128,128,122,128,6,1.0491803278688525,14,9,0,not_identified
week,2026-08-11,all_observed,exact_model_variant,total_tokens,129,129,123,129,6,1.048780487804878,14,9,0,not_identified
week,2026-08-11,all_observed,exact_model_variant,total_tokens,130,130,124,130,6,1.0483870967741935,14,9,0,not_identified
week,2026-08-11,all_observed,exact_model_variant,total_tokens,131,131,125,131,6,1.048,14,9,0,not_identified
week,2026-08-11,all_observed,exact_model_variant,total_tokens,132,132,126,132,6,1.0476190476190477,14,9,0,not_identified
week,2026-08-11,all_observed,exact_model_variant,total_tokens,133,133,127,133,6,1.047244094488189,14,10,0,not_identified
week,2026-08-11,all_observed,exact_model_variant,total_tokens,134,134,128,134,6,1.046875,14,10,0,not_identified
week,2026-08-11,all_observed,exact_model_variant,total_tokens,135,135,129,135,6,1.0465116279069768,14,10,0,not_identified
week,2026-08-11,all_observed,exact_model_variant,total_tokens,136,136,130,136,6,1.0461538461538462,14,10,0,not_identified
week,2026-08-11,all_observed,exact_model_variant,total_tokens,137,137,131,137,6,1.0458015267175573,14,10,0,not_identified
week,2026-08-11,all_observed,exact_model_variant,total_tokens,138,138,132,138,6,1.0454545454545454,14,10,0,not_identified
week,2026-08-11,all_observed,exact_model_variant,total_tokens,139,139,133,139,6,1.0451127819548873,14,10,0,not_identified
week,2026-08-11,all_observed,exact_model_variant,total_tokens,140,140,134,140,6,1.044776119402985,14,10,0,not_identified
week,2026-08-11,all_observed,exact_model_variant,total_tokens,141,141,135,141,6,1.0444444444444445,14,10,0,not_identified
week,2026-08-11,all_observed,exact_model_variant,total_tokens,142,142,136,142,6,1.0441176470588236,14,10,0,not_identified
week,2026-08-11,all_observed,exact_model_variant,total_tokens,143,143,137,143,6,1.0437956204379562,14,10,0,not_identified
week,2026-08-11,all_observed,exact_model_variant,total_tokens,144,144,138,144,6,1.0434782608695652,14,10,0,not_identified
week,2026-08-11,all_observed,exact_model_variant,total_tokens,145,145,139,145,6,1.0431654676258992,14,10,0,not_identified
week,2026-08-11,all_observed,exact_model_variant,total_tokens,146,146,140,146,6,1.042857142857143,14,10,0,not_identified
week,2026-08-11,all_observed,exact_model_variant,total_tokens,147,147,141,147,6,1.0425531914893618,14,10,0,not_identified
week,2026-08-11,all_observed,exact_model_variant,total_tokens,148,148,142,148,6,1.0422535211267605,14,10,0,not_identified
week,2026-08-11,all_observed,exact_model_variant,total_tokens,149,149,143,149,6,1.0419580419580419,14,10,0,not_identified
week,2026-08-11,all_observed,exact_model_variant,total_tokens,150,150,143,150,7,1.048951048951049,14,10,0,not_identified
week,2026-08-11,all_observed,exact_model_variant,total_tokens,151,151,144,151,7,1.0486111111111112,14,10,0,not_identified
week,2026-08-11,all_observed,exact_model_variant,total_tokens,152,152,145,152,7,1.0482758620689656,14,10,0,not_identified
week,2026-08-11,all_observed,exact_model_variant,total_tokens,153,153,145,153,8,1.0551724137931036,14,10,0,not_identified
week,2026-08-11,all_observed,exact_model_variant,total_tokens,154,154,146,154,8,1.0547945205479452,14,10,0,not_identified
week,2026-08-11,all_observed,exact_model_variant,total_tokens,155,155,147,155,8,1.054421768707483,14,10,0,not_identified
week,2026-08-11,all_observed,exact_model_variant,total_tokens,156,156,148,156,8,1.054054054054054,14,10,0,not_identified
week,2026-08-11,all_observed,exact_model_variant,total_tokens,157,157,149,157,8,1.0536912751677852,14,10,0,not_identified
week,2026-08-11,all_observed,exact_model_variant,total_tokens,158,158,150,158,8,1.0533333333333332,14,10,0,not_identified
week,2026-08-11,all_observed,exact_model_variant,total_tokens,159,159,151,159,8,1.0529801324503312,14,10,0,not_identified
week,2026-08-11,all_observed,exact_model_variant,total_tokens,160,160,152,160,8,1.0526315789473684,14,10,0,not_identified
week,2026-08-11,all_observed,exact_model_variant,total_tokens,161,161,153,161,8,1.0522875816993464,14,10,0,not_identified
week,2026-08-11,all_observed,exact_model_variant,total_tokens,162,162,154,162,8,1.051948051948052,14,10,0,not_identified
week,2026-08-11,all_observed,exact_model_variant,total_tokens,163,163,155,163,8,1.0516129032258064,14,10,0,not_identified
week,2026-08-11,all_observed,exact_model_variant,total_tokens,164,164,156,164,8,1.0512820512820513,14,10,0,not_identified
week,2026-08-11,all_observed,exact_model_variant,total_tokens,165,165,157,165,8,1.0509554140127388,14,10,0,not_identified
week,2026-08-11,all_observed,exact_model_variant,total_tokens,166,166,158,166,8,1.0506329113924051,14,11,0,not_identified
week,2026-08-11,all_observed,exact_model_variant,total_tokens,167,167,159,167,8,1.050314465408805,14,11,0,not_identified
week,2026-08-11,all_observed,exact_model_variant,total_tokens,168,168,160,168,8,1.05,14,11,0,not_identified
week,2026-08-11,all_observed,exact_model_variant,total_tokens,169,169,161,169,8,1.049689440993789,14,11,0,not_identified
week,2026-08-11,all_observed,exact_model_variant,total_tokens,170,170,162,170,8,1.0493827160493827,14,11,0,not_identified
week,2026-08-11,all_observed,exact_model_variant,total_tokens,171,171,163,171,8,1.049079754601227,14,11,0,not_identified
week,2026-08-11,all_observed,exact_model_variant,total_tokens,172,172,164,172,8,1.048780487804878,14,11,0,not_identified
week,2026-08-11,all_observed,exact_model_variant,total_tokens,173,173,165,173,8,1.0484848484848486,14,11,0,not_identified
week,2026-08-11,all_observed,exact_model_variant,total_tokens,174,174,166,174,8,1.0481927710843373,14,11,0,not_identified
week,2026-08-11,all_observed,exact_model_variant,total_tokens,175,175,167,175,8,1.0479041916167664,14,11,0,not_identified
week,2026-08-11,all_observed,exact_model_variant,total_tokens,176,176,168,176,8,1.0476190476190477,14,11,0,not_identified
week,2026-08-11,all_observed,exact_model_variant,total_tokens,177,177,169,177,8,1.047337278106509,14,11,0,not_identified
week,2026-08-11,all_observed,exact_model_variant,total_tokens,178,178,170,178,8,1.0470588235294118,14,11,0,not_identified
week,2026-08-11,all_observed,exact_model_variant,total_tokens,179,179,171,179,8,1.0467836257309941,14,11,0,not_identified
week,2026-08-11,all_observed,exact_model_variant,total_tokens,180,180,172,180,8,1.0465116279069768,14,12,0,not_identified
week,2026-08-11,all_observed,exact_model_variant,total_tokens,181,181,173,181,8,1.046242774566474,14,12,0,not_identified
week,2026-08-11,all_observed,exact_model_variant,total_tokens,182,182,174,182,8,1.0459770114942528,14,12,0,not_identified
week,2026-08-11,all_observed,exact_model_variant,total_tokens,183,183,175,183,8,1.0457142857142858,14,12,0,not_identified
week,2026-08-11,all_observed,exact_model_variant,total_tokens,184,184,176,184,8,1.0454545454545454,14,12,0,not_identified
week,2026-08-11,all_observed,exact_model_variant,total_tokens,185,185,177,185,8,1.0451977401129944,14,13,0,not_identified
week,2026-08-11,all_observed,exact_model_variant,total_tokens,186,186,178,186,8,1.0449438202247192,14,13,0,not_identified
week,2026-08-11,all_observed,exact_model_variant,total_tokens,187,187,179,187,8,1.0446927374301676,14,13,0,not_identified
week,2026-08-11,all_observed,exact_model_variant,total_tokens,188,188,180,188,8,1.0444444444444445,14,13,0,not_identified
week,2026-08-11,all_observed,exact_model_variant,total_tokens,189,189,181,189,8,1.0441988950276244,14,13,0,not_identified
week,2026-08-11,all_observed,exact_model_variant,total_tokens,190,190,182,190,8,1.043956043956044,14,13,0,not_identified
week,2026-08-11,all_observed,exact_model_variant,total_tokens,191,191,183,191,8,1.0437158469945356,14,13,0,not_identified
week,2026-08-11,all_observed,exact_model_variant,total_tokens,192,192,184,192,8,1.0434782608695652,14,13,0,not_identified
week,2026-08-11,all_observed,exact_model_variant,total_tokens,193,193,185,193,8,1.0432432432432432,14,13,0,not_identified
week,2026-08-11,all_observed,exact_model_variant,total_tokens,194,194,186,194,8,1.043010752688172,14,13,0,not_identified
week,2026-08-11,all_observed,exact_model_variant,total_tokens,195,195,187,195,8,1.0427807486631016,14,13,0,not_identified
week,2026-08-11,all_observed,exact_model_variant,total_tokens,196,196,188,196,8,1.0425531914893618,14,13,0,not_identified
week,2026-08-11,all_observed,exact_model_variant,total_tokens,197,197,189,197,8,1.0423280423280423,14,13,0,not_identified
week,2026-08-11,all_observed,exact_model_variant,total_tokens,198,198,190,198,8,1.0421052631578946,14,13,0,not_identified
week,2026-08-11,all_observed,exact_model_variant,total_tokens,199,199,191,199,8,1.0418848167539267,14,13,0,not_identified
week,2026-08-11,all_observed,exact_model_variant,total_tokens,200,200,192,200,8,1.0416666666666667,14,13,0,not_identified
week,2026-08-11,all_observed,exact_model_variant,total_tokens,201,201,193,201,8,1.0414507772020725,14,13,0,not_identified
week,2026-08-11,all_observed,exact_model_variant,total_tokens,202,202,194,202,8,1.041237113402062,14,13,0,not_identified
week,2026-08-11,all_observed,exact_model_variant,total_tokens,203,203,195,203,8,1.041025641025641,14,13,0,not_identified
week,2026-08-11,all_observed,exact_model_variant,total_tokens,204,204,196,204,8,1.0408163265306123,14,13,0,not_identified
week,2026-08-11,all_observed,exact_model_variant,total_tokens,205,205,197,205,8,1.0406091370558375,14,13,0,not_identified
week,2026-08-11,all_observed,exact_model_variant,total_tokens,206,206,198,206,8,1.0404040404040404,14,13,0,not_identified
week,2026-08-11,all_observed,exact_model_variant,total_tokens,207,207,199,207,8,1.0402010050251256,14,13,0,not_identified
week,2026-08-11,all_observed,exact_model_variant,total_tokens,208,208,200,208,8,1.04,14,13,0,not_identified
week,2026-08-11,all_observed,exact_model_variant,total_tokens,209,209,201,209,8,1.0398009950248757,14,14,0,not_identified
week,2026-08-11,all_observed,exact_model_variant,total_tokens,210,210,202,210,8,1.0396039603960396,14,14,0,not_identified
week,2026-08-11,all_observed,exact_model_variant,total_tokens,211,211,203,211,8,1.0394088669950738,14,14,0,not_identified
week,2026-08-11,all_observed,exact_model_variant,total_tokens,212,212,204,212,8,1.0392156862745099,14,14,0,not_identified
week,2026-08-11,all_observed,exact_model_variant,total_tokens,213,213,205,213,8,1.0390243902439025,14,14,0,not_identified
week,2026-08-11,all_observed,exact_model_variant,total_tokens,214,214,206,214,8,1.0388349514563107,14,14,0,not_identified
week,2026-08-11,all_observed,exact_model_variant,total_tokens,215,215,207,215,8,1.038647342995169,14,14,0,not_identified
week,2026-08-11,all_observed,exact_model_variant,total_tokens,216,216,208,216,8,1.0384615384615385,14,14,0,not_identified
week,2026-08-11,all_observed,exact_model_variant,total_tokens,217,217,209,217,8,1.0382775119617225,14,14,0,not_identified
week,2026-08-11,all_observed,exact_model_variant,total_tokens,218,218,209,218,9,1.0430622009569377,14,14,0,not_identified
week,2026-08-11,all_observed,exact_model_variant,total_tokens,219,219,210,219,9,1.042857142857143,14,14,0,not_identified
week,2026-08-11,all_observed,exact_model_variant,total_tokens,220,220,211,220,9,1.042654028436019,14,14,0,not_identified
week,2026-08-11,all_observed,exact_model_variant,total_tokens,221,221,212,221,9,1.0424528301886793,14,14,0,not_identified
week,2026-08-11,all_observed,exact_model_variant,total_tokens,222,222,213,222,9,1.0422535211267605,14,14,0,not_identified
week,2026-08-11,all_observed,exact_model_variant,total_tokens,223,223,214,223,9,1.0420560747663552,14,14,0,not_identified
week,2026-08-11,all_observed,exact_model_variant,total_tokens,224,224,215,224,9,1.041860465116279,14,14,0,not_identified
week,2026-08-11,all_observed,exact_model_variant,total_tokens,225,225,216,225,9,1.0416666666666667,14,14,0,not_identified
week,2026-08-11,all_observed,exact_model_variant,total_tokens,226,226,217,226,9,1.0414746543778801,14,14,0,not_identified
week,2026-08-11,all_observed,exact_model_variant,total_tokens,227,227,217,227,10,1.0460829493087558,14,14,0,not_identified
week,2026-08-11,all_observed,exact_model_variant,total_tokens,228,228,218,228,10,1.0458715596330275,14,14,0,not_identified
week,2026-08-11,all_observed,exact_model_variant,total_tokens,229,229,219,229,10,1.0456621004566211,14,14,0,not_identified
week,2026-08-11,all_observed,exact_model_variant,total_tokens,230,230,220,230,10,1.0454545454545454,14,14,0,not_identified
week,2026-08-11,all_observed,exact_model_variant,total_tokens,231,231,221,231,10,1.0452488687782806,14,15,0,not_identified
week,2026-08-11,all_observed,exact_model_variant,total_tokens,232,232,222,232,10,1.045045045045045,14,15,0,not_identified
week,2026-08-11,all_observed,exact_model_variant,total_tokens,233,233,223,233,10,1.0448430493273542,14,15,0,not_identified
week,2026-08-11,all_observed,exact_model_variant,total_tokens,234,234,224,234,10,1.0446428571428572,14,15,0,not_identified
week,2026-08-11,all_observed,exact_model_variant,total_tokens,235,235,225,235,10,1.0444444444444445,14,15,0,not_identified
week,2026-08-11,all_observed,exact_model_variant,total_tokens,236,236,226,236,10,1.0442477876106195,14,15,0,not_identified
week,2026-08-11,all_observed,exact_model_variant,total_tokens,237,237,227,237,10,1.0440528634361232,14,15,0,not_identified
week,2026-08-11,all_observed,exact_model_variant,total_tokens,238,238,228,238,10,1.043859649122807,14,15,0,not_identified
week,2026-08-11,all_observed,exact_model_variant,total_tokens,239,239,229,239,10,1.0436681222707425,14,15,0,not_identified
week,2026-08-11,all_observed,exact_model_variant,total_tokens,240,240,230,240,10,1.0434782608695652,14,15,0,not_identified
week,2026-08-11,all_observed,exact_model_variant,total_tokens,241,241,231,241,10,1.0432900432900434,14,15,0,not_identified
week,2026-08-11,all_observed,exact_model_variant,total_tokens,242,242,232,242,10,1.043103448275862,14,15,0,not_identified
week,2026-08-11,all_observed,exact_model_variant,total_tokens,243,243,233,243,10,1.0429184549356223,14,15,0,not_identified
week,2026-08-11,all_observed,exact_model_variant,total_tokens,244,244,234,244,10,1.0427350427350428,14,15,0,not_identified
week,2026-08-11,all_observed,exact_model_variant,total_tokens,245,245,235,245,10,1.0425531914893618,14,15,0,not_identified
week,2026-08-11,all_observed,exact_model_variant,total_tokens,246,246,236,246,10,1.0423728813559323,14,15,0,not_identified
week,2026-08-11,all_observed,exact_model_variant,total_tokens,247,247,237,247,10,1.0421940928270041,14,15,0,not_identified
week,2026-08-11,all_observed,exact_model_variant,total_tokens,248,248,238,248,10,1.0420168067226891,14,15,0,not_identified
week,2026-08-11,all_observed,exact_model_variant,total_tokens,249,249,239,249,10,1.0418410041841004,14,15,0,not_identified
week,2026-08-11,all_observed,exact_model_variant,total_tokens,250,250,240,250,10,1.0416666666666667,14,15,0,not_identified
week,2026-08-11,all_observed,exact_model_variant,total_tokens,251,251,241,251,10,1.04149377593361,14,15,0,not_identified
week,2026-08-11,all_observed,exact_model_variant,total_tokens,252,252,242,252,10,1.0413223140495869,14,15,0,not_identified
week,2026-08-11,all_observed,exact_model_variant,total_tokens,253,253,243,253,10,1.0411522633744856,14,15,0,not_identified
week,2026-08-11,all_observed,exact_model_variant,total_tokens,254,254,244,254,10,1.040983606557377,14,16,0,not_identified
week,2026-08-11,all_observed,exact_model_variant,total_tokens,255,255,245,255,10,1.0408163265306123,14,16,0,not_identified
week,2026-08-11,all_observed,exact_model_variant,total_tokens,256,256,246,256,10,1.0406504065040652,14,16,0,not_identified
week,2026-08-11,all_observed,exact_model_variant,total_tokens,257,257,247,257,10,1.040485829959514,14,16,0,not_identified
week,2026-08-11,all_observed,exact_model_variant,total_tokens,258,258,248,258,10,1.0403225806451613,14,16,0,not_identified
week,2026-08-11,all_observed,exact_model_variant,total_tokens,259,259,249,259,10,1.0401606425702812,14,16,0,not_identified
week,2026-08-11,all_observed,exact_model_variant,total_tokens,260,260,250,260,10,1.04,14,16,0,not_identified
week,2026-08-11,all_observed,exact_model_variant,total_tokens,261,261,251,261,10,1.0398406374501992,15,16,0,not_identified
week,2026-08-11,all_observed,exact_model_variant,total_tokens,262,262,252,262,10,1.0396825396825398,15,16,0,not_identified
week,2026-08-11,all_observed,exact_model_variant,total_tokens,263,263,253,263,10,1.0395256916996047,15,16,0,not_identified
week,2026-08-11,all_observed,exact_model_variant,total_tokens,264,264,254,264,10,1.0393700787401574,15,16,0,not_identified
week,2026-08-11,all_observed,exact_model_variant,total_tokens,265,265,255,265,10,1.0392156862745099,15,16,0,not_identified
week,2026-08-11,all_observed,exact_model_variant,total_tokens,266,266,256,266,10,1.0390625,15,16,0,not_identified
week,2026-08-11,all_observed,exact_model_variant,total_tokens,267,267,257,267,10,1.038910505836576,15,16,0,not_identified
week,2026-08-11,all_observed,exact_model_variant,total_tokens,268,268,258,268,10,1.0387596899224807,15,16,0,not_identified
week,2026-08-11,all_observed,exact_model_variant,total_tokens,269,269,259,269,10,1.0386100386100385,15,16,0,not_identified
week,2026-08-11,all_observed,exact_model_variant,total_tokens,270,270,260,270,10,1.0384615384615385,15,16,0,not_identified
week,2026-08-11,all_observed,exact_model_variant,total_tokens,271,271,260,271,11,1.0423076923076924,15,16,0,not_identified
week,2026-08-11,all_observed,exact_model_variant,total_tokens,272,272,261,272,11,1.0421455938697317,15,16,0,not_identified
week,2026-08-11,all_observed,exact_model_variant,total_tokens,273,273,262,273,11,1.0419847328244274,15,16,0,not_identified
week,2026-08-11,all_observed,exact_model_variant,total_tokens,274,274,263,274,11,1.0418250950570342,15,16,0,not_identified
week,2026-08-11,all_observed,exact_model_variant,total_tokens,275,275,264,275,11,1.0416666666666667,15,16,0,not_identified
week,2026-08-11,all_observed,exact_model_variant,total_tokens,276,276,265,276,11,1.0415094339622641,15,16,0,not_identified
week,2026-08-11,all_observed,exact_model_variant,total_tokens,277,277,266,277,11,1.0413533834586466,15,16,0,not_identified
week,2026-08-11,all_observed,exact_model_variant,total_tokens,278,278,267,278,11,1.0411985018726593,15,17,0,not_identified
week,2026-08-11,all_observed,exact_model_variant,total_tokens,279,279,268,279,11,1.041044776119403,15,17,0,not_identified
week,2026-08-11,all_observed,exact_model_variant,total_tokens,280,280,269,280,11,1.0408921933085502,15,17,0,not_identified
week,2026-08-11,all_observed,exact_model_variant,total_tokens,281,281,270,281,11,1.0407407407407407,15,17,0,not_identified
week,2026-08-11,all_observed,exact_model_variant,total_tokens,282,282,271,282,11,1.040590405904059,15,17,0,not_identified
week,2026-08-11,all_observed,exact_model_variant,total_tokens,283,283,272,283,11,1.0404411764705883,15,17,0,not_identified
week,2026-08-11,all_observed,exact_model_variant,total_tokens,284,284,273,284,11,1.0402930402930404,15,17,0,not_identified
week,2026-08-11,all_observed,exact_model_variant,total_tokens,285,285,274,285,11,1.0401459854014599,15,17,0,not_identified
week,2026-08-11,all_observed,exact_model_variant,total_tokens,286,286,274,286,12,1.0437956204379562,15,17,0,not_identified
week,2026-08-11,all_observed,exact_model_variant,total_tokens,287,287,275,287,12,1.0436363636363637,15,17,0,not_identified
week,2026-08-11,all_observed,exact_model_variant,total_tokens,288,288,276,288,12,1.0434782608695652,15,17,0,not_identified
week,2026-08-11,all_observed,exact_model_variant,total_tokens,289,289,277,289,12,1.0433212996389891,15,17,0,not_identified
week,2026-08-11,all_observed,exact_model_variant,total_tokens,290,290,278,290,12,1.0431654676258992,15,17,0,not_identified
week,2026-08-11,all_observed,exact_model_variant,total_tokens,291,291,279,291,12,1.043010752688172,15,17,0,not_identified
week,2026-08-11,all_observed,exact_model_variant,total_tokens,292,292,280,292,12,1.042857142857143,15,17,0,not_identified
week,2026-08-11,all_observed,exact_model_variant,total_tokens,293,293,281,293,12,1.0427046263345197,15,17,0,not_identified
week,2026-08-11,all_observed,exact_model_variant,total_tokens,294,294,282,294,12,1.0425531914893618,15,17,0,not_identified
week,2026-08-11,all_observed,exact_model_variant,total_tokens,295,295,283,295,12,1.0424028268551238,15,17,0,not_identified
week,2026-08-11,all_observed,exact_model_variant,total_tokens,296,296,283,296,13,1.0459363957597174,15,17,0,not_identified
week,2026-08-11,all_observed,exact_model_variant,total_tokens,297,297,284,297,13,1.045774647887324,15,17,0,not_identified
week,2026-08-11,all_observed,exact_model_variant,total_tokens,298,298,285,298,13,1.0456140350877192,15,17,0,not_identified
week,2026-08-11,all_observed,exact_model_variant,total_tokens,299,299,286,299,13,1.0454545454545454,15,18,0,not_identified
week,2026-08-11,all_observed,exact_model_variant,total_tokens,300,300,287,300,13,1.0452961672473868,15,18,0,not_identified
week,2026-08-11,all_observed,exact_model_variant,total_tokens,301,301,287,301,14,1.048780487804878,15,18,0,not_identified
week,2026-08-11,all_observed,exact_model_variant,total_tokens,302,302,288,302,14,1.0486111111111112,15,18,0,not_identified
week,2026-08-11,all_observed,exact_model_variant,total_tokens,303,303,289,303,14,1.0484429065743945,15,19,0,not_identified
week,2026-08-11,all_observed,exact_model_variant,total_tokens,304,304,290,304,14,1.0482758620689656,15,19,0,not_identified
week,2026-08-11,all_observed,exact_model_variant,total_tokens,305,305,290,305,15,1.0517241379310345,15,19,0,not_identified
week,2026-08-11,all_observed,exact_model_variant,total_tokens,306,306,290,306,16,1.0551724137931036,15,19,0,not_identified
week,2026-08-11,all_observed,exact_model_variant,total_tokens,307,307,291,307,16,1.0549828178694158,15,19,0,not_identified
week,2026-08-11,all_observed,exact_model_variant,total_tokens,308,308,292,308,16,1.0547945205479452,15,19,0,not_identified
week,2026-08-11,all_observed,exact_model_variant,total_tokens,309,309,293,309,16,1.0546075085324231,15,19,0,not_identified
week,2026-08-11,all_observed,exact_model_variant,total_tokens,310,310,294,310,16,1.054421768707483,15,19,0,not_identified
week,2026-08-11,all_observed,exact_model_variant,total_tokens,311,311,295,311,16,1.0542372881355933,15,19,0,not_identified
week,2026-08-11,all_observed,exact_model_variant,total_tokens,312,312,296,312,16,1.054054054054054,15,20,0,not_identified
week,2026-08-11,all_observed,exact_model_variant,total_tokens,313,313,296,313,17,1.0574324324324325,15,20,0,not_identified
week,2026-08-11,all_observed,exact_model_variant,total_tokens,314,314,297,314,17,1.0572390572390573,15,20,0,not_identified
week,2026-08-11,all_observed,exact_model_variant,total_tokens,315,315,298,315,17,1.0570469798657718,15,20,0,not_identified
week,2026-08-11,all_observed,exact_model_variant,total_tokens,316,316,299,316,17,1.0568561872909699,15,20,0,not_identified
week,2026-08-11,all_observed,exact_model_variant,total_tokens,317,317,300,317,17,1.0566666666666666,15,20,0,not_identified
week,2026-08-11,all_observed,exact_model_variant,total_tokens,318,318,301,318,17,1.0564784053156147,15,20,0,not_identified
week,2026-08-11,all_observed,exact_model_variant,total_tokens,319,319,302,319,17,1.0562913907284768,15,20,0,not_identified
week,2026-08-11,all_observed,exact_model_variant,total_tokens,320,320,303,320,17,1.056105610561056,15,20,0,not_identified
week,2026-08-11,all_observed,exact_model_variant,total_tokens,321,321,303,321,18,1.0594059405940595,15,20,0,not_identified
week,2026-08-11,all_observed,exact_model_variant,total_tokens,322,322,303,322,19,1.0627062706270627,15,20,0,not_identified
week,2026-08-11,all_observed,exact_model_variant,total_tokens,323,323,304,323,19,1.0625,15,20,0,not_identified
week,2026-08-11,all_observed,exact_model_variant,total_tokens,324,324,304,324,20,1.0657894736842106,15,20,0,not_identified
week,2026-08-11,all_observed,exact_model_variant,total_tokens,325,325,305,325,20,1.0655737704918034,15,20,0,not_identified
week,2026-08-11,all_observed,exact_model_variant,total_tokens,326,326,306,326,20,1.065359477124183,15,20,0,not_identified
week,2026-08-11,all_observed,exact_model_variant,total_tokens,327,327,307,327,20,1.0651465798045603,15,20,0,not_identified
week,2026-08-11,all_observed,exact_model_variant,total_tokens,328,328,308,328,20,1.0649350649350648,15,20,0,not_identified
week,2026-08-11,all_observed,exact_model_variant,total_tokens,329,329,309,329,20,1.064724919093851,15,20,0,not_identified
week,2026-08-11,all_observed,exact_model_variant,total_tokens,330,330,310,330,20,1.064516129032258,15,20,0,not_identified
week,2026-08-11,all_observed,exact_model_variant,total_tokens,331,331,311,331,20,1.0643086816720257,15,20,0,not_identified
week,2026-08-11,all_observed,exact_model_variant,total_tokens,332,332,311,332,21,1.067524115755627,15,20,0,not_identified
week,2026-08-11,all_observed,exact_model_variant,total_tokens,333,333,311,333,22,1.0707395498392283,15,20,0,not_identified
week,2026-08-11,all_observed,exact_model_variant,total_tokens,334,334,312,334,22,1.0705128205128205,16,20,0,not_identified
week,2026-08-11,all_observed,exact_model_variant,total_tokens,335,335,312,335,23,1.0737179487179487,16,20,0,not_identified
week,2026-08-11,all_observed,exact_model_variant,total_tokens,336,336,313,336,23,1.073482428115016,16,20,0,not_identified
week,2026-08-11,all_observed,exact_model_variant,total_tokens,337,337,314,337,23,1.0732484076433122,16,21,0,not_identified
week,2026-08-11,all_observed,exact_model_variant,total_tokens,338,338,315,338,23,1.073015873015873,16,21,0,not_identified
week,2026-08-11,all_observed,exact_model_variant,total_tokens,339,339,316,339,23,1.0727848101265822,16,21,0,not_identified
week,2026-08-11,all_observed,exact_model_variant,total_tokens,340,340,317,340,23,1.0725552050473186,16,21,0,not_identified
week,2026-08-11,all_observed,exact_model_variant,total_tokens,341,341,318,341,23,1.0723270440251573,16,21,0,not_identified
week,2026-08-11,all_observed,exact_model_variant,total_tokens,342,342,319,342,23,1.0721003134796239,16,21,0,not_identified
week,2026-08-11,all_observed,exact_model_variant,total_tokens,343,343,320,343,23,1.071875,16,21,0,not_identified
week,2026-08-11,all_observed,exact_model_variant,total_tokens,344,344,321,344,23,1.071651090342679,16,21,0,not_identified
week,2026-08-11,all_observed,exact_model_variant,total_tokens,345,345,321,345,24,1.074766355140187,16,21,0,not_identified
week,2026-08-11,all_observed,exact_model_variant,total_tokens,346,346,321,346,25,1.0778816199376946,16,21,0,not_identified
week,2026-08-11,all_observed,exact_model_variant,total_tokens,347,347,322,347,25,1.0776397515527951,16,21,0,not_identified
week,2026-08-11,all_observed,exact_model_variant,total_tokens,348,348,323,348,25,1.0773993808049536,16,21,0,not_identified
week,2026-08-11,all_observed,exact_model_variant,total_tokens,349,349,324,349,25,1.0771604938271604,16,21,0,not_identified
week,2026-08-11,all_observed,exact_model_variant,total_tokens,350,350,325,350,25,1.0769230769230769,16,21,0,not_identified
week,2026-08-11,all_observed,exact_model_variant,total_tokens,351,351,326,351,25,1.0766871165644172,16,21,0,not_identified
week,2026-08-11,all_observed,exact_model_variant,total_tokens,352,352,327,352,25,1.0764525993883791,16,21,0,not_identified
week,2026-08-11,all_observed,exact_model_variant,total_tokens,353,353,328,353,25,1.076219512195122,16,21,0,not_identified
week,2026-08-11,all_observed,exact_model_variant,total_tokens,354,354,329,354,25,1.0759878419452888,16,21,0,not_identified
week,2026-08-11,all_observed,exact_model_variant,total_tokens,355,355,330,355,25,1.0757575757575757,16,21,0,not_identified
week,2026-08-11,all_observed,exact_model_variant,total_tokens,356,356,331,356,25,1.0755287009063443,16,21,0,not_identified
week,2026-08-11,all_observed,exact_model_variant,total_tokens,357,357,332,357,25,1.0753012048192772,16,21,0,not_identified
week,2026-08-11,all_observed,exact_model_variant,total_tokens,358,358,332,358,26,1.0783132530120483,16,21,0,not_identified
week,2026-08-11,all_observed,exact_model_variant,total_tokens,359,359,333,359,26,1.078078078078078,16,21,0,not_identified
week,2026-08-11,all_observed,exact_model_variant,total_tokens,360,360,334,360,26,1.0778443113772456,16,21,0,not_identified
week,2026-08-11,all_observed,exact_model_variant,total_tokens,361,361,334,361,27,1.0808383233532934,16,21,0,not_identified
week,2026-08-11,all_observed,exact_model_variant,total_tokens,362,362,335,362,27,1.0805970149253732,16,21,0,not_identified
week,2026-08-11,all_observed,exact_model_variant,total_tokens,363,363,335,363,28,1.0835820895522388,16,21,0,not_identified
week,2026-08-11,all_observed,exact_model_variant,total_tokens,364,364,336,364,28,1.0833333333333333,16,21,0,not_identified
week,2026-08-11,all_observed,exact_model_variant,total_tokens,365,365,337,365,28,1.083086053412463,16,21,0,not_identified
week,2026-08-11,all_observed,exact_model_variant,total_tokens,366,366,338,366,28,1.0828402366863905,16,21,0,not_identified
week,2026-08-11,all_observed,exact_model_variant,total_tokens,367,367,338,367,29,1.0857988165680474,16,21,0,not_identified
week,2026-08-11,all_observed,exact_model_variant,total_tokens,368,368,338,368,30,1.0887573964497042,16,21,0,not_identified
week,2026-08-11,all_observed,exact_model_variant,total_tokens,369,369,339,369,30,1.0884955752212389,16,21,0,not_identified
week,2026-08-11,all_observed,exact_model_variant,total_tokens,370,370,340,370,30,1.088235294117647,16,21,0,not_identified
week,2026-08-11,all_observed,exact_model_variant,total_tokens,371,371,341,371,30,1.0879765395894427,16,21,0,not_identified
week,2026-08-11,all_observed,exact_model_variant,total_tokens,372,372,341,372,31,1.0909090909090908,16,21,0,not_identified
week,2026-08-11,all_observed,exact_model_variant,total_tokens,373,373,342,373,31,1.090643274853801,16,21,0,not_identified
week,2026-08-11,all_observed,exact_model_variant,total_tokens,374,374,343,374,31,1.0903790087463556,16,21,0,not_identified
week,2026-08-11,all_observed,exact_model_variant,total_tokens,375,375,344,375,31,1.0901162790697674,16,21,0,not_identified
week,2026-08-11,all_observed,exact_model_variant,total_tokens,376,376,345,376,31,1.0898550724637681,16,21,0,not_identified
week,2026-08-11,all_observed,exact_model_variant,total_tokens,377,377,346,377,31,1.0895953757225434,16,21,0,not_identified
week,2026-08-11,all_observed,exact_model_variant,total_tokens,378,378,347,378,31,1.0893371757925072,16,21,0,not_identified
week,2026-08-11,all_observed,exact_model_variant,total_tokens,379,379,348,379,31,1.089080459770115,16,21,0,not_identified
week,2026-08-11,all_observed,exact_model_variant,total_tokens,380,380,348,380,32,1.0919540229885059,16,21,0,not_identified
week,2026-08-11,all_observed,exact_model_variant,total_tokens,381,381,349,381,32,1.0916905444126075,16,21,0,not_identified
week,2026-08-11,all_observed,exact_model_variant,total_tokens,382,382,350,382,32,1.0914285714285714,16,21,0,not_identified
week,2026-08-11,all_observed,exact_model_variant,total_tokens,383,383,351,383,32,1.0911680911680912,16,21,0,not_identified
week,2026-08-11,all_observed,exact_model_variant,total_tokens,384,384,351,384,33,1.0940170940170941,16,21,0,not_identified
week,2026-08-11,all_observed,exact_model_variant,total_tokens,385,385,351,385,34,1.0968660968660968,16,21,0,not_identified
week,2026-08-11,all_observed,exact_model_variant,total_tokens,386,386,352,386,34,1.0965909090909092,16,21,0,not_identified
week,2026-08-11,all_observed,exact_model_variant,total_tokens,387,387,353,387,34,1.0963172804532577,16,21,0,not_identified
week,2026-08-11,all_observed,exact_model_variant,total_tokens,388,388,354,388,34,1.0960451977401129,16,21,0,not_identified
week,2026-08-11,all_observed,exact_model_variant,total_tokens,389,389,355,389,34,1.095774647887324,16,21,0,not_identified
week,2026-08-11,all_observed,exact_model_variant,total_tokens,390,390,356,390,34,1.095505617977528,16,21,0,not_identified
week,2026-08-11,all_observed,exact_model_variant,total_tokens,391,391,356,391,35,1.098314606741573,16,21,0,not_identified
week,2026-08-11,all_observed,exact_model_variant,total_tokens,392,392,356,392,36,1.101123595505618,16,21,0,not_identified
week,2026-08-11,all_observed,exact_model_variant,total_tokens,393,393,357,393,36,1.1008403361344539,16,21,0,not_identified
week,2026-08-11,all_observed,exact_model_variant,total_tokens,394,394,358,394,36,1.100558659217877,16,21,0,not_identified
week,2026-08-11,all_observed,exact_model_variant,total_tokens,395,395,359,395,36,1.1002785515320335,16,21,0,not_identified
week,2026-08-11,all_observed,exact_model_variant,total_tokens,396,396,360,396,36,1.1,16,21,0,not_identified
week,2026-08-11,all_observed,exact_model_variant,total_tokens,397,397,361,397,36,1.0997229916897506,16,21,0,not_identified
week,2026-08-11,all_observed,exact_model_variant,total_tokens,398,398,362,398,36,1.0994475138121547,16,21,0,not_identified
week,2026-08-11,all_observed,exact_model_variant,total_tokens,399,399,363,399,36,1.0991735537190082,16,21,0,not_identified
week,2026-08-11,all_observed,exact_model_variant,total_tokens,400,400,363,400,37,1.1019283746556474,16,21,0,not_identified
week,2026-08-11,all_observed,exact_model_variant,total_tokens,401,401,364,401,37,1.1016483516483517,16,21,0,not_identified
week,2026-08-11,all_observed,exact_model_variant,total_tokens,402,402,365,402,37,1.1013698630136985,16,21,0,not_identified
week,2026-08-11,all_observed,exact_model_variant,total_tokens,403,403,365,403,38,1.104109589041096,16,21,0,not_identified
week,2026-08-11,all_observed,exact_model_variant,total_tokens,404,404,366,404,38,1.1038251366120218,16,21,0,not_identified
week,2026-08-11,all_observed,exact_model_variant,total_tokens,405,405,367,405,38,1.103542234332425,16,21,0,not_identified
week,2026-08-11,all_observed,exact_model_variant,total_tokens,406,406,368,406,38,1.1032608695652173,16,22,0,not_identified
week,2026-08-11,all_observed,exact_model_variant,total_tokens,407,407,369,407,38,1.102981029810298,16,22,0,not_identified
week,2026-08-11,all_observed,exact_model_variant,total_tokens,408,408,369,408,39,1.1056910569105691,16,22,0,not_identified
week,2026-08-11,all_observed,exact_model_variant,total_tokens,409,409,370,409,39,1.1054054054054054,16,22,0,not_identified
week,2026-08-11,all_observed,exact_model_variant,total_tokens,410,410,371,410,39,1.105121293800539,16,22,0,not_identified
week,2026-08-11,all_observed,exact_model_variant,total_tokens,411,411,372,411,39,1.1048387096774193,16,22,0,not_identified
week,2026-08-11,all_observed,exact_model_variant,total_tokens,412,412,372,412,40,1.10752688172043,16,22,0,not_identified
week,2026-08-11,all_observed,exact_model_variant,total_tokens,413,413,372,413,41,1.1102150537634408,16,22,0,not_identified
week,2026-08-11,all_observed,exact_model_variant,total_tokens,414,414,373,414,41,1.1099195710455765,16,22,0,not_identified
week,2026-08-11,all_observed,exact_model_variant,total_tokens,415,415,374,415,41,1.1096256684491979,16,22,0,not_identified
week,2026-08-11,all_observed,exact_model_variant,total_tokens,416,416,375,416,41,1.1093333333333333,16,22,0,not_identified
week,2026-08-11,all_observed,exact_model_variant,total_tokens,417,417,376,417,41,1.1090425531914894,16,22,0,not_identified
week,2026-08-11,all_observed,exact_model_variant,total_tokens,418,418,376,418,42,1.1117021276595744,16,22,0,not_identified
week,2026-08-11,all_observed,exact_model_variant,total_tokens,419,419,376,419,43,1.1143617021276595,16,22,0,not_identified
week,2026-08-11,all_observed,exact_model_variant,total_tokens,420,420,377,420,43,1.1140583554376657,16,22,0,not_identified
week,2026-08-11,all_observed,exact_model_variant,total_tokens,421,421,377,421,44,1.1167108753315649,16,22,0,not_identified
week,2026-08-11,all_observed,exact_model_variant,total_tokens,422,422,378,422,44,1.1164021164021165,16,22,0,not_identified
week,2026-08-11,all_observed,exact_model_variant,total_tokens,423,423,379,423,44,1.116094986807388,16,22,0,not_identified
week,2026-08-11,all_observed,exact_model_variant,total_tokens,424,424,380,424,44,1.1157894736842104,16,22,0,not_identified
week,2026-08-11,all_observed,exact_model_variant,total_tokens,425,425,380,425,45,1.118421052631579,16,22,0,not_identified
week,2026-08-11,all_observed,exact_model_variant,total_tokens,426,426,380,426,46,1.1210526315789473,16,22,0,not_identified
week,2026-08-11,all_observed,exact_model_variant,total_tokens,427,427,380,427,47,1.1236842105263158,16,22,0,not_identified
week,2026-08-11,all_observed,exact_model_variant,total_tokens,428,428,381,428,47,1.1233595800524934,16,22,0,not_identified
week,2026-08-11,all_observed,exact_model_variant,total_tokens,429,429,381,429,48,1.125984251968504,16,22,0,not_identified
week,2026-08-11,all_observed,exact_model_variant,total_tokens,430,430,382,430,48,1.12565445026178,16,22,0,not_identified
week,2026-08-11,all_observed,exact_model_variant,total_tokens,431,431,383,431,48,1.1253263707571801,16,22,0,not_identified
week,2026-08-11,all_observed,exact_model_variant,total_tokens,432,432,384,432,48,1.125,16,22,0,not_identified
week,2026-08-11,all_observed,exact_model_variant,total_tokens,433,433,385,433,48,1.1246753246753247,16,22,0,not_identified
week,2026-08-11,all_observed,exact_model_variant,total_tokens,434,434,386,434,48,1.1243523316062176,16,22,0,not_identified
week,2026-08-11,all_observed,exact_model_variant,total_tokens,435,435,386,435,49,1.1269430051813472,16,22,0,not_identified
week,2026-08-11,all_observed,exact_model_variant,total_tokens,436,436,386,436,50,1.1295336787564767,16,22,0,not_identified
week,2026-08-11,all_observed,exact_model_variant,total_tokens,437,437,386,437,51,1.1321243523316062,16,22,0,not_identified
week,2026-08-11,all_observed,exact_model_variant,total_tokens,438,438,387,438,51,1.1317829457364341,16,22,0,not_identified
week,2026-08-11,all_observed,exact_model_variant,total_tokens,439,439,387,439,52,1.1343669250645996,16,22,0,not_identified
week,2026-08-11,all_observed,exact_model_variant,total_tokens,440,440,388,440,52,1.134020618556701,16,22,0,not_identified
week,2026-08-11,all_observed,exact_model_variant,total_tokens,441,441,389,441,52,1.1336760925449871,16,22,0,not_identified
week,2026-08-11,all_observed,exact_model_variant,total_tokens,442,442,390,442,52,1.1333333333333333,16,22,0,not_identified
week,2026-08-11,all_observed,exact_model_variant,total_tokens,443,443,390,443,53,1.1358974358974359,16,22,0,not_identified
week,2026-08-11,all_observed,exact_model_variant,total_tokens,444,444,391,444,53,1.1355498721227621,16,22,0,not_identified
week,2026-08-11,all_observed,exact_model_variant,total_tokens,445,445,392,445,53,1.135204081632653,16,22,0,not_identified
week,2026-08-11,all_observed,exact_model_variant,total_tokens,446,446,393,446,53,1.1348600508905853,16,22,0,not_identified
week,2026-08-11,all_observed,exact_model_variant,total_tokens,447,447,393,447,54,1.1374045801526718,16,22,0,not_identified
week,2026-08-11,all_observed,exact_model_variant,total_tokens,448,448,394,448,54,1.1370558375634519,16,22,0,not_identified
week,2026-08-11,all_observed,exact_model_variant,total_tokens,449,449,395,449,54,1.1367088607594937,16,22,0,not_identified
week,2026-08-11,all_observed,exact_model_variant,total_tokens,450,450,396,450,54,1.1363636363636365,16,22,0,not_identified
week,2026-08-11,all_observed,exact_model_variant,total_tokens,451,451,396,451,55,1.1388888888888888,16,22,0,not_identified
week,2026-08-11,all_observed,exact_model_variant,total_tokens,452,452,397,452,55,1.1385390428211586,16,22,0,not_identified
week,2026-08-11,all_observed,exact_model_variant,total_tokens,453,453,397,453,56,1.141057934508816,16,22,0,not_identified
week,2026-08-11,all_observed,exact_model_variant,total_tokens,454,454,398,454,56,1.1407035175879396,16,22,0,not_identified
week,2026-08-11,all_observed,exact_model_variant,total_tokens,455,455,398,455,57,1.14321608040201,16,22,0,not_identified
week,2026-08-11,all_observed,exact_model_variant,total_tokens,456,456,398,456,58,1.1457286432160805,16,22,0,not_identified
week,2026-08-11,all_observed,exact_model_variant,total_tokens,457,457,399,457,58,1.1453634085213034,16,22,0,not_identified
week,2026-08-11,all_observed,exact_model_variant,total_tokens,458,458,400,458,58,1.145,16,22,0,not_identified
week,2026-08-11,all_observed,exact_model_variant,total_tokens,459,459,400,459,59,1.1475,16,22,0,not_identified
week,2026-08-11,all_observed,exact_model_variant,total_tokens,460,460,400,460,60,1.15,16,22,0,not_identified
week,2026-08-11,all_observed,exact_model_variant,total_tokens,461,461,401,461,60,1.1496259351620948,16,22,0,not_identified
week,2026-08-11,all_observed,exact_model_variant,total_tokens,462,462,402,462,60,1.1492537313432836,16,22,0,not_identified
week,2026-08-11,all_observed,exact_model_variant,total_tokens,463,463,403,463,60,1.1488833746898264,16,22,0,not_identified
week,2026-08-11,all_observed,exact_model_variant,total_tokens,464,464,404,464,60,1.1485148514851484,16,22,0,not_identified
week,2026-08-11,all_observed,exact_model_variant,total_tokens,465,465,404,465,61,1.150990099009901,16,22,0,not_identified
week,2026-08-11,all_observed,exact_model_variant,total_tokens,466,466,405,466,61,1.1506172839506172,16,22,0,not_identified
week,2026-08-11,all_observed,exact_model_variant,total_tokens,467,467,406,467,61,1.1502463054187193,16,22,0,not_identified
week,2026-08-11,all_observed,exact_model_variant,total_tokens,468,468,407,468,61,1.1498771498771498,16,22,0,not_identified
week,2026-08-11,all_observed,exact_model_variant,total_tokens,469,469,408,469,61,1.1495098039215685,16,22,0,not_identified
week,2026-08-11,all_observed,exact_model_variant,total_tokens,470,470,409,470,61,1.1491442542787287,16,22,0,not_identified
week,2026-08-11,all_observed,exact_model_variant,total_tokens,471,471,410,471,61,1.148780487804878,16,23,0,not_identified
week,2026-08-11,all_observed,exact_model_variant,total_tokens,472,472,411,472,61,1.1484184914841848,16,23,0,not_identified
week,2026-08-11,all_observed,exact_model_variant,total_tokens,473,473,412,473,61,1.1480582524271845,16,23,0,not_identified
week,2026-08-11,all_observed,exact_model_variant,total_tokens,474,474,413,474,61,1.1476997578692494,16,23,0,not_identified
week,2026-08-11,all_observed,exact_model_variant,total_tokens,475,475,414,475,61,1.1473429951690821,16,24,0,not_identified
week,2026-08-11,all_observed,exact_model_variant,total_tokens,476,476,415,476,61,1.146987951807229,16,24,0,not_identified
week,2026-08-11,all_observed,exact_model_variant,total_tokens,477,477,416,477,61,1.1466346153846154,16,25,0,not_identified
week,2026-08-11,all_observed,exact_model_variant,total_tokens,478,478,417,478,61,1.146282973621103,16,25,0,not_identified
week,2026-08-11,all_observed,exact_model_variant,total_tokens,479,479,418,479,61,1.145933014354067,16,25,0,not_identified
week,2026-08-11,all_observed,exact_model_variant,total_tokens,480,480,419,480,61,1.1455847255369929,16,25,0,not_identified
week,2026-08-11,all_observed,exact_model_variant,total_tokens,481,481,420,481,61,1.1452380952380952,16,25,0,not_identified
week,2026-08-11,all_observed,exact_model_variant,total_tokens,482,482,421,482,61,1.144893111638955,16,25,0,not_identified
week,2026-08-11,all_observed,exact_model_variant,total_tokens,483,483,422,483,61,1.1445497630331753,16,25,0,not_identified
week,2026-08-11,all_observed,exact_model_variant,total_tokens,484,484,423,484,61,1.1442080378250592,16,25,0,not_identified
week,2026-08-11,all_observed,exact_model_variant,total_tokens,485,485,424,485,61,1.1438679245283019,16,25,0,not_identified
week,2026-08-11,all_observed,exact_model_variant,total_tokens,486,486,425,486,61,1.143529411764706,16,25,0,not_identified
week,2026-08-11,all_observed,exact_model_variant,total_tokens,487,487,426,487,61,1.1431924882629108,16,25,0,not_identified
week,2026-08-11,all_observed,exact_model_variant,total_tokens,488,488,427,488,61,1.1428571428571428,16,25,0,not_identified
week,2026-08-11,all_observed,exact_model_variant,total_tokens,489,489,428,489,61,1.1425233644859814,16,25,0,not_identified
week,2026-08-11,all_observed,exact_model_variant,total_tokens,490,490,429,490,61,1.1421911421911422,16,25,0,not_identified
week,2026-08-11,all_observed,exact_model_variant,total_tokens,491,491,430,491,61,1.1418604651162791,16,25,0,not_identified
week,2026-08-11,all_observed,exact_model_variant,total_tokens,492,492,430,492,62,1.1441860465116278,16,25,0,not_identified
week,2026-08-11,all_observed,exact_model_variant,total_tokens,493,493,431,493,62,1.1438515081206497,16,25,0,not_identified
week,2026-08-11,all_observed,exact_model_variant,total_tokens,494,494,432,494,62,1.1435185185185186,16,25,0,not_identified
week,2026-08-11,all_observed,exact_model_variant,total_tokens,495,495,433,495,62,1.1431870669745958,16,25,0,not_identified
week,2026-08-11,all_observed,exact_model_variant,total_tokens,496,496,434,496,62,1.1428571428571428,16,25,0,not_identified
week,2026-08-11,all_observed,exact_model_variant,total_tokens,497,497,435,497,62,1.1425287356321838,16,25,0,not_identified
week,2026-08-11,all_observed,exact_model_variant,total_tokens,498,498,436,498,62,1.1422018348623852,16,25,0,not_identified
week,2026-08-11,all_observed,exact_model_variant,total_tokens,499,499,437,499,62,1.1418764302059496,16,25,0,not_identified
week,2026-08-11,all_observed,exact_model_variant,total_tokens,500,500,438,500,62,1.1415525114155252,16,25,0,not_identified
week,2026-08-11,all_observed,exact_model_variant,total_tokens,501,501,439,501,62,1.14123006833713,16,25,0,not_identified
week,2026-08-11,all_observed,exact_model_variant,total_tokens,502,502,440,502,62,1.1409090909090909,17,25,0,not_identified
week,2026-08-11,all_observed,exact_model_variant,total_tokens,503,503,441,503,62,1.1405895691609977,17,25,0,not_identified
week,2026-08-11,all_observed,exact_model_variant,total_tokens,504,504,442,504,62,1.1402714932126696,17,25,0,not_identified
week,2026-08-11,all_observed,exact_model_variant,total_tokens,505,505,443,505,62,1.1399548532731376,17,25,0,not_identified
week,2026-08-11,all_observed,exact_model_variant,total_tokens,506,506,444,506,62,1.1396396396396395,17,25,0,not_identified
week,2026-08-11,all_observed,exact_model_variant,total_tokens,507,507,445,507,62,1.1393258426966293,17,25,0,not_identified
week,2026-08-11,all_observed,exact_model_variant,total_tokens,508,508,446,508,62,1.1390134529147982,17,25,0,not_identified
week,2026-08-11,all_observed,exact_model_variant,requests,1,1,1,1,0,1.0,1,1,0,not_identified
week,2026-08-11,all_observed,exact_model_variant,requests,2,2,2,2,0,1.0,1,1,0,not_identified
week,2026-08-11,all_observed,exact_model_variant,requests,3,3,3,3,0,1.0,2,2,0,not_identified
week,2026-08-11,all_observed,exact_model_variant,requests,4,4,4,4,0,1.0,2,2,0,not_identified
week,2026-08-11,all_observed,exact_model_variant,requests,5,5,5,5,0,1.0,3,3,0,not_identified
week,2026-08-11,all_observed,exact_model_variant,requests,6,6,6,6,0,1.0,4,3,0,not_identified
week,2026-08-11,all_observed,exact_model_variant,requests,7,7,7,7,0,1.0,4,3,0,not_identified
week,2026-08-11,all_observed,exact_model_variant,requests,8,8,8,8,0,1.0,4,3,0,not_identified
week,2026-08-11,all_observed,exact_model_variant,requests,9,9,9,9,0,1.0,4,3,0,not_identified
week,2026-08-11,all_observed,exact_model_variant,requests,10,10,10,10,0,1.0,4,3,0,not_identified
week,2026-08-11,all_observed,exact_model_variant,requests,11,11,11,11,0,1.0,4,3,0,not_identified
week,2026-08-11,all_observed,exact_model_variant,requests,12,12,12,12,0,1.0,4,4,0,not_identified
week,2026-08-11,all_observed,exact_model_variant,requests,13,13,13,13,0,1.0,5,5,0,not_identified
week,2026-08-11,all_observed,exact_model_variant,requests,14,14,14,14,0,1.0,5,5,0,not_identified
week,2026-08-11,all_observed,exact_model_variant,requests,15,15,15,15,0,1.0,5,5,0,not_identified
week,2026-08-11,all_observed,exact_model_variant,requests,16,16,16,16,0,1.0,5,5,0,not_identified
week,2026-08-11,all_observed,exact_model_variant,requests,17,17,17,17,0,1.0,5,6,0,not_identified
week,2026-08-11,all_observed,exact_model_variant,requests,18,18,18,18,0,1.0,5,6,0,not_identified
week,2026-08-11,all_observed,exact_model_variant,requests,19,19,19,19,0,1.0,5,6,0,not_identified
week,2026-08-11,all_observed,exact_model_variant,requests,20,20,20,20,0,1.0,6,6,0,not_identified
week,2026-08-11,all_observed,exact_model_variant,requests,21,21,21,21,0,1.0,7,6,0,not_identified
week,2026-08-11,all_observed,exact_model_variant,requests,22,22,22,22,0,1.0,7,6,0,not_identified
week,2026-08-11,all_observed,exact_model_variant,requests,23,23,23,23,0,1.0,7,6,0,not_identified
week,2026-08-11,all_observed,exact_model_variant,requests,24,24,24,24,0,1.0,8,6,0,not_identified
week,2026-08-11,all_observed,exact_model_variant,requests,25,25,25,25,0,1.0,8,6,0,not_identified
week,2026-08-11,all_observed,exact_model_variant,requests,26,26,26,26,0,1.0,8,6,0,not_identified
week,2026-08-11,all_observed,exact_model_variant,requests,27,27,27,27,0,1.0,8,6,0,not_identified
week,2026-08-11,all_observed,exact_model_variant,requests,28,28,28,28,0,1.0,8,6,0,not_identified
week,2026-08-11,all_observed,exact_model_variant,requests,29,29,29,29,0,1.0,8,6,0,not_identified
week,2026-08-11,all_observed,exact_model_variant,requests,30,30,30,30,0,1.0,9,6,0,not_identified
week,2026-08-11,all_observed,exact_model_variant,requests,31,31,31,31,0,1.0,9,6,0,not_identified
week,2026-08-11,all_observed,exact_model_variant,requests,32,32,32,32,0,1.0,9,6,0,not_identified
week,2026-08-11,all_observed,exact_model_variant,requests,33,33,33,33,0,1.0,9,6,0,not_identified
week,2026-08-11,all_observed,exact_model_variant,requests,34,34,34,34,0,1.0,9,6,0,not_identified
week,2026-08-11,all_observed,exact_model_variant,requests,35,35,35,35,0,1.0,9,6,0,not_identified
week,2026-08-11,all_observed,exact_model_variant,requests,36,36,36,36,0,1.0,9,6,0,not_identified
week,2026-08-11,all_observed,exact_model_variant,requests,37,37,37,37,0,1.0,10,6,0,not_identified
week,2026-08-11,all_observed,exact_model_variant,requests,38,38,38,38,0,1.0,10,6,0,not_identified
week,2026-08-11,all_observed,exact_model_variant,requests,39,39,39,39,0,1.0,11,6,0,not_identified
week,2026-08-11,all_observed,exact_model_variant,requests,40,40,40,40,0,1.0,11,6,0,not_identified
week,2026-08-11,all_observed,exact_model_variant,requests,41,41,41,41,0,1.0,11,6,0,not_identified
week,2026-08-11,all_observed,exact_model_variant,requests,42,42,42,42,0,1.0,11,7,0,not_identified
week,2026-08-11,all_observed,exact_model_variant,requests,43,43,43,43,0,1.0,11,7,0,not_identified
week,2026-08-11,all_observed,exact_model_variant,requests,44,44,44,44,0,1.0,11,7,0,not_identified
week,2026-08-11,all_observed,exact_model_variant,requests,45,45,45,45,0,1.0,11,7,0,not_identified
week,2026-08-11,all_observed,exact_model_variant,requests,46,46,46,46,0,1.0,11,7,0,not_identified
week,2026-08-11,all_observed,exact_model_variant,requests,47,47,47,47,0,1.0,11,7,0,not_identified
week,2026-08-11,all_observed,exact_model_variant,requests,48,48,48,48,0,1.0,11,7,0,not_identified
week,2026-08-11,all_observed,exact_model_variant,requests,49,49,49,49,0,1.0,11,7,0,not_identified
week,2026-08-11,all_observed,exact_model_variant,requests,50,50,50,50,0,1.0,11,7,0,not_identified
week,2026-08-11,all_observed,exact_model_variant,requests,51,51,51,51,0,1.0,11,7,0,not_identified
week,2026-08-11,all_observed,exact_model_variant,requests,52,52,52,52,0,1.0,11,7,0,not_identified
week,2026-08-11,all_observed,exact_model_variant,requests,53,53,53,53,0,1.0,11,8,0,not_identified
week,2026-08-11,all_observed,exact_model_variant,requests,54,54,54,54,0,1.0,11,8,0,not_identified
week,2026-08-11,all_observed,exact_model_variant,requests,55,55,55,55,0,1.0,11,8,0,not_identified
week,2026-08-11,all_observed,exact_model_variant,requests,56,56,56,56,0,1.0,11,8,0,not_identified
week,2026-08-11,all_observed,exact_model_variant,requests,57,57,57,57,0,1.0,11,8,0,not_identified
week,2026-08-11,all_observed,exact_model_variant,requests,58,58,58,58,0,1.0,11,8,0,not_identified
week,2026-08-11,all_observed,exact_model_variant,requests,59,59,59,59,0,1.0,11,8,0,not_identified
week,2026-08-11,all_observed,exact_model_variant,requests,60,60,60,60,0,1.0,11,8,0,not_identified
week,2026-08-11,all_observed,exact_model_variant,requests,61,61,61,61,0,1.0,11,8,0,not_identified
week,2026-08-11,all_observed,exact_model_variant,requests,62,62,62,62,0,1.0,11,8,0,not_identified
week,2026-08-11,all_observed,exact_model_variant,requests,63,63,63,63,0,1.0,11,8,0,not_identified
week,2026-08-11,all_observed,exact_model_variant,requests,64,64,64,64,0,1.0,12,8,0,not_identified
week,2026-08-11,all_observed,exact_model_variant,requests,65,65,65,65,0,1.0,12,8,0,not_identified
week,2026-08-11,all_observed,exact_model_variant,requests,66,66,66,66,0,1.0,13,8,0,not_identified
week,2026-08-11,all_observed,exact_model_variant,requests,67,67,67,67,0,1.0,13,8,0,not_identified
week,2026-08-11,all_observed,exact_model_variant,requests,68,68,68,68,0,1.0,13,8,0,not_identified
week,2026-08-11,all_observed,exact_model_variant,requests,69,69,69,69,0,1.0,13,8,0,not_identified
week,2026-08-11,all_observed,exact_model_variant,requests,70,70,70,70,0,1.0,13,8,0,not_identified
week,2026-08-11,all_observed,exact_model_variant,requests,71,71,71,71,0,1.0,13,8,0,not_identified
week,2026-08-11,all_observed,exact_model_variant,requests,72,72,72,72,0,1.0,13,8,0,not_identified
week,2026-08-11,all_observed,exact_model_variant,requests,73,73,73,73,0,1.0,13,8,0,not_identified
week,2026-08-11,all_observed,exact_model_variant,requests,74,74,74,74,0,1.0,13,8,0,not_identified
week,2026-08-11,all_observed,exact_model_variant,requests,75,75,75,75,0,1.0,13,8,0,not_identified
week,2026-08-11,all_observed,exact_model_variant,requests,76,76,76,76,0,1.0,13,8,0,not_identified
week,2026-08-11,all_observed,exact_model_variant,requests,77,77,77,77,0,1.0,13,8,0,not_identified
week,2026-08-11,all_observed,exact_model_variant,requests,78,78,78,78,0,1.0,13,8,0,not_identified
week,2026-08-11,all_observed,exact_model_variant,requests,79,79,79,79,0,1.0,13,8,0,not_identified
week,2026-08-11,all_observed,exact_model_variant,requests,80,80,80,80,0,1.0,13,8,0,not_identified
week,2026-08-11,all_observed,exact_model_variant,requests,81,81,81,81,0,1.0,13,8,0,not_identified
week,2026-08-11,all_observed,exact_model_variant,requests,82,82,82,82,0,1.0,13,8,0,not_identified
week,2026-08-11,all_observed,exact_model_variant,requests,83,83,83,83,0,1.0,13,8,0,not_identified
week,2026-08-11,all_observed,exact_model_variant,requests,84,84,84,84,0,1.0,13,8,0,not_identified
week,2026-08-11,all_observed,exact_model_variant,requests,85,85,85,85,0,1.0,13,9,0,not_identified
week,2026-08-11,all_observed,exact_model_variant,requests,86,86,86,86,0,1.0,13,9,0,not_identified
week,2026-08-11,all_observed,exact_model_variant,requests,87,87,87,87,0,1.0,13,9,0,not_identified
week,2026-08-11,all_observed,exact_model_variant,requests,88,88,88,88,0,1.0,14,9,0,not_identified
week,2026-08-11,all_observed,exact_model_variant,requests,89,89,89,89,0,1.0,14,9,0,not_identified
week,2026-08-11,all_observed,exact_model_variant,requests,90,90,90,90,0,1.0,14,9,0,not_identified
week,2026-08-11,all_observed,exact_model_variant,requests,91,91,91,91,0,1.0,14,9,0,not_identified
week,2026-08-11,all_observed,exact_model_variant,requests,92,92,92,92,0,1.0,14,9,0,not_identified
week,2026-08-11,all_observed,exact_model_variant,requests,93,93,93,93,0,1.0,14,9,0,not_identified
week,2026-08-11,all_observed,exact_model_variant,requests,94,94,94,94,0,1.0,14,9,0,not_identified
week,2026-08-11,all_observed,exact_model_variant,requests,95,95,95,95,0,1.0,14,9,0,not_identified
week,2026-08-11,all_observed,exact_model_variant,requests,96,96,96,96,0,1.0,14,9,0,not_identified
week,2026-08-11,all_observed,exact_model_variant,requests,97,97,97,97,0,1.0,14,9,0,not_identified
week,2026-08-11,all_observed,exact_model_variant,requests,98,98,98,98,0,1.0,14,9,0,not_identified
week,2026-08-11,all_observed,exact_model_variant,requests,99,99,99,99,0,1.0,14,9,0,not_identified
week,2026-08-11,all_observed,exact_model_variant,requests,100,100,100,100,0,1.0,14,9,0,not_identified
week,2026-08-11,all_observed,exact_model_variant,requests,101,101,101,101,0,1.0,14,9,0,not_identified
week,2026-08-11,all_observed,exact_model_variant,requests,102,102,102,102,0,1.0,14,9,0,not_identified
week,2026-08-11,all_observed,exact_model_variant,requests,103,103,103,103,0,1.0,14,9,0,not_identified
week,2026-08-11,all_observed,exact_model_variant,requests,104,104,104,104,0,1.0,14,9,0,not_identified
week,2026-08-11,all_observed,exact_model_variant,requests,105,105,104,105,1,1.0096153846153846,14,9,0,not_identified
week,2026-08-11,all_observed,exact_model_variant,requests,106,106,105,106,1,1.0095238095238095,14,9,0,not_identified
week,2026-08-11,all_observed,exact_model_variant,requests,107,107,106,107,1,1.009433962264151,14,9,0,not_identified
week,2026-08-11,all_observed,exact_model_variant,requests,108,108,107,108,1,1.0093457943925233,14,9,0,not_identified
week,2026-08-11,all_observed,exact_model_variant,requests,109,109,108,109,1,1.0092592592592593,14,9,0,not_identified
week,2026-08-11,all_observed,exact_model_variant,requests,110,110,109,110,1,1.0091743119266054,14,9,0,not_identified
week,2026-08-11,all_observed,exact_model_variant,requests,111,111,109,111,2,1.018348623853211,14,9,0,not_identified
week,2026-08-11,all_observed,exact_model_variant,requests,112,112,110,112,2,1.018181818181818,14,9,0,not_identified
week,2026-08-11,all_observed,exact_model_variant,requests,113,113,111,113,2,1.018018018018018,14,9,0,not_identified
week,2026-08-11,all_observed,exact_model_variant,requests,114,114,112,114,2,1.0178571428571428,14,9,0,not_identified
week,2026-08-11,all_observed,exact_model_variant,requests,115,115,113,115,2,1.0176991150442478,14,9,0,not_identified
week,2026-08-11,all_observed,exact_model_variant,requests,116,116,114,116,2,1.0175438596491229,14,9,0,not_identified
week,2026-08-11,all_observed,exact_model_variant,requests,117,117,114,117,3,1.0263157894736843,14,9,0,not_identified
week,2026-08-11,all_observed,exact_model_variant,requests,118,118,115,118,3,1.0260869565217392,14,9,0,not_identified
week,2026-08-11,all_observed,exact_model_variant,requests,119,119,116,119,3,1.0258620689655173,14,9,0,not_identified
week,2026-08-11,all_observed,exact_model_variant,requests,120,120,117,120,3,1.0256410256410255,14,9,0,not_identified
week,2026-08-11,all_observed,exact_model_variant,requests,121,121,118,121,3,1.0254237288135593,14,9,0,not_identified
week,2026-08-11,all_observed,exact_model_variant,requests,122,122,119,122,3,1.0252100840336134,14,10,0,not_identified
week,2026-08-11,all_observed,exact_model_variant,requests,123,123,120,123,3,1.025,14,10,0,not_identified
week,2026-08-11,all_observed,exact_model_variant,requests,124,124,121,124,3,1.024793388429752,14,10,0,not_identified
week,2026-08-11,all_observed,exact_model_variant,requests,125,125,122,125,3,1.0245901639344261,14,10,0,not_identified
week,2026-08-11,all_observed,exact_model_variant,requests,126,126,123,126,3,1.024390243902439,14,10,0,not_identified
week,2026-08-11,all_observed,exact_model_variant,requests,127,127,123,127,4,1.032520325203252,14,10,0,not_identified
week,2026-08-11,all_observed,exact_model_variant,requests,128,128,124,128,4,1.032258064516129,14,10,0,not_identified
week,2026-08-11,all_observed,exact_model_variant,requests,129,129,125,129,4,1.032,14,11,0,not_identified
week,2026-08-11,all_observed,exact_model_variant,requests,130,130,126,130,4,1.0317460317460319,14,11,0,not_identified
week,2026-08-11,all_observed,exact_model_variant,requests,131,131,127,131,4,1.031496062992126,14,11,0,not_identified
week,2026-08-11,all_observed,exact_model_variant,requests,132,132,128,132,4,1.03125,14,11,0,not_identified
week,2026-08-11,all_observed,exact_model_variant,requests,133,133,129,133,4,1.0310077519379846,14,11,0,not_identified
week,2026-08-11,all_observed,exact_model_variant,requests,134,134,130,134,4,1.0307692307692307,14,11,0,not_identified
week,2026-08-11,all_observed,exact_model_variant,requests,135,135,131,135,4,1.0305343511450382,14,11,0,not_identified
week,2026-08-11,all_observed,exact_model_variant,requests,136,136,132,136,4,1.0303030303030303,14,11,0,not_identified
week,2026-08-11,all_observed,exact_model_variant,requests,137,137,133,137,4,1.0300751879699248,14,11,0,not_identified
week,2026-08-11,all_observed,exact_model_variant,requests,138,138,134,138,4,1.0298507462686568,14,11,0,not_identified
week,2026-08-11,all_observed,exact_model_variant,requests,139,139,135,139,4,1.0296296296296297,14,11,0,not_identified
week,2026-08-11,all_observed,exact_model_variant,requests,140,140,136,140,4,1.0294117647058822,14,11,0,not_identified
week,2026-08-11,all_observed,exact_model_variant,requests,141,141,137,141,4,1.0291970802919708,14,11,0,not_identified
week,2026-08-11,all_observed,exact_model_variant,requests,142,142,138,142,4,1.0289855072463767,14,11,0,not_identified
week,2026-08-11,all_observed,exact_model_variant,requests,143,143,139,143,4,1.0287769784172662,14,11,0,not_identified
week,2026-08-11,all_observed,exact_model_variant,requests,144,144,140,144,4,1.0285714285714285,14,11,0,not_identified
week,2026-08-11,all_observed,exact_model_variant,requests,145,145,141,145,4,1.0283687943262412,14,11,0,not_identified
week,2026-08-11,all_observed,exact_model_variant,requests,146,146,142,146,4,1.028169014084507,14,12,0,not_identified
week,2026-08-11,all_observed,exact_model_variant,requests,147,147,143,147,4,1.027972027972028,14,12,0,not_identified
week,2026-08-11,all_observed,exact_model_variant,requests,148,148,144,148,4,1.0277777777777777,14,12,0,not_identified
week,2026-08-11,all_observed,exact_model_variant,requests,149,149,145,149,4,1.0275862068965518,14,12,0,not_identified
week,2026-08-11,all_observed,exact_model_variant,requests,150,150,146,150,4,1.0273972602739727,14,12,0,not_identified
week,2026-08-11,all_observed,exact_model_variant,requests,151,151,146,151,5,1.0342465753424657,14,12,0,not_identified
week,2026-08-11,all_observed,exact_model_variant,requests,152,152,147,152,5,1.034013605442177,14,12,0,not_identified
week,2026-08-11,all_observed,exact_model_variant,requests,153,153,148,153,5,1.0337837837837838,14,12,0,not_identified
week,2026-08-11,all_observed,exact_model_variant,requests,154,154,149,154,5,1.0335570469798658,14,12,0,not_identified
week,2026-08-11,all_observed,exact_model_variant,requests,155,155,150,155,5,1.0333333333333334,14,12,0,not_identified
week,2026-08-11,all_observed,exact_model_variant,requests,156,156,151,156,5,1.033112582781457,14,12,0,not_identified
week,2026-08-11,all_observed,exact_model_variant,requests,157,157,152,157,5,1.0328947368421053,14,12,0,not_identified
week,2026-08-11,all_observed,exact_model_variant,requests,158,158,153,158,5,1.0326797385620916,14,12,0,not_identified
week,2026-08-11,all_observed,exact_model_variant,requests,159,159,154,159,5,1.0324675324675325,14,12,0,not_identified
week,2026-08-11,all_observed,exact_model_variant,requests,160,160,155,160,5,1.032258064516129,14,13,0,not_identified
week,2026-08-11,all_observed,exact_model_variant,requests,161,161,156,161,5,1.0320512820512822,14,13,0,not_identified
week,2026-08-11,all_observed,exact_model_variant,requests,162,162,157,162,5,1.0318471337579618,14,13,0,not_identified
week,2026-08-11,all_observed,exact_model_variant,requests,163,163,158,163,5,1.0316455696202531,14,13,0,not_identified
week,2026-08-11,all_observed,exact_model_variant,requests,164,164,159,164,5,1.0314465408805031,14,13,0,not_identified
week,2026-08-11,all_observed,exact_model_variant,requests,165,165,160,165,5,1.03125,14,13,0,not_identified
week,2026-08-11,all_observed,exact_model_variant,requests,166,166,160,166,6,1.0375,14,13,0,not_identified
week,2026-08-11,all_observed,exact_model_variant,requests,167,167,161,167,6,1.0372670807453417,14,13,0,not_identified
week,2026-08-11,all_observed,exact_model_variant,requests,168,168,162,168,6,1.037037037037037,14,13,0,not_identified
week,2026-08-11,all_observed,exact_model_variant,requests,169,169,163,169,6,1.0368098159509203,14,13,0,not_identified
week,2026-08-11,all_observed,exact_model_variant,requests,170,170,164,170,6,1.0365853658536586,14,13,0,not_identified
week,2026-08-11,all_observed,exact_model_variant,requests,171,171,165,171,6,1.0363636363636364,14,13,0,not_identified
week,2026-08-11,all_observed,exact_model_variant,requests,172,172,166,172,6,1.036144578313253,14,14,0,not_identified
week,2026-08-11,all_observed,exact_model_variant,requests,173,173,167,173,6,1.035928143712575,14,14,0,not_identified
week,2026-08-11,all_observed,exact_model_variant,requests,174,174,168,174,6,1.0357142857142858,14,14,0,not_identified
week,2026-08-11,all_observed,exact_model_variant,requests,175,175,169,175,6,1.0355029585798816,14,14,0,not_identified
week,2026-08-11,all_observed,exact_model_variant,requests,176,176,170,176,6,1.035294117647059,14,14,0,not_identified
week,2026-08-11,all_observed,exact_model_variant,requests,177,177,171,177,6,1.0350877192982457,14,14,0,not_identified
week,2026-08-11,all_observed,exact_model_variant,requests,178,178,172,178,6,1.0348837209302326,14,14,0,not_identified
week,2026-08-11,all_observed,exact_model_variant,requests,179,179,173,179,6,1.0346820809248556,14,14,0,not_identified
week,2026-08-11,all_observed,exact_model_variant,requests,180,180,174,180,6,1.0344827586206897,14,14,0,not_identified
week,2026-08-11,all_observed,exact_model_variant,requests,181,181,175,181,6,1.0342857142857143,14,14,0,not_identified
week,2026-08-11,all_observed,exact_model_variant,requests,182,182,176,182,6,1.0340909090909092,14,14,0,not_identified
week,2026-08-11,all_observed,exact_model_variant,requests,183,183,177,183,6,1.0338983050847457,14,14,0,not_identified
week,2026-08-11,all_observed,exact_model_variant,requests,184,184,177,184,7,1.03954802259887,14,14,0,not_identified
week,2026-08-11,all_observed,exact_model_variant,requests,185,185,178,185,7,1.0393258426966292,14,14,0,not_identified
week,2026-08-11,all_observed,exact_model_variant,requests,186,186,179,186,7,1.0391061452513966,14,14,0,not_identified
week,2026-08-11,all_observed,exact_model_variant,requests,187,187,180,187,7,1.038888888888889,14,14,0,not_identified
week,2026-08-11,all_observed,exact_model_variant,requests,188,188,181,188,7,1.0386740331491713,14,14,0,not_identified
week,2026-08-11,all_observed,exact_model_variant,requests,189,189,182,189,7,1.0384615384615385,14,14,0,not_identified
week,2026-08-11,all_observed,exact_model_variant,requests,190,190,183,190,7,1.0382513661202186,14,15,0,not_identified
week,2026-08-11,all_observed,exact_model_variant,requests,191,191,184,191,7,1.0380434782608696,14,15,0,not_identified
week,2026-08-11,all_observed,exact_model_variant,requests,192,192,185,192,7,1.037837837837838,14,15,0,not_identified
week,2026-08-11,all_observed,exact_model_variant,requests,193,193,186,193,7,1.0376344086021505,14,15,0,not_identified
week,2026-08-11,all_observed,exact_model_variant,requests,194,194,187,194,7,1.0374331550802138,14,15,0,not_identified
week,2026-08-11,all_observed,exact_model_variant,requests,195,195,188,195,7,1.0372340425531914,14,15,0,not_identified
week,2026-08-11,all_observed,exact_model_variant,requests,196,196,189,196,7,1.037037037037037,14,15,0,not_identified
week,2026-08-11,all_observed,exact_model_variant,requests,197,197,190,197,7,1.0368421052631578,14,15,0,not_identified
week,2026-08-11,all_observed,exact_model_variant,requests,198,198,191,198,7,1.036649214659686,14,15,0,not_identified
week,2026-08-11,all_observed,exact_model_variant,requests,199,199,192,199,7,1.0364583333333333,14,15,0,not_identified
week,2026-08-11,all_observed,exact_model_variant,requests,200,200,193,200,7,1.0362694300518134,15,15,0,not_identified
week,2026-08-11,all_observed,exact_model_variant,requests,201,201,194,201,7,1.0360824742268042,15,15,0,not_identified
week,2026-08-11,all_observed,exact_model_variant,requests,202,202,195,202,7,1.035897435897436,15,15,0,not_identified
week,2026-08-11,all_observed,exact_model_variant,requests,203,203,196,203,7,1.0357142857142858,15,16,0,not_identified
week,2026-08-11,all_observed,exact_model_variant,requests,204,204,196,204,8,1.0408163265306123,15,16,0,not_identified
week,2026-08-11,all_observed,exact_model_variant,requests,205,205,197,205,8,1.0406091370558375,15,16,0,not_identified
week,2026-08-11,all_observed,exact_model_variant,requests,206,206,198,206,8,1.0404040404040404,15,16,0,not_identified
week,2026-08-11,all_observed,exact_model_variant,requests,207,207,199,207,8,1.0402010050251256,15,16,0,not_identified
week,2026-08-11,all_observed,exact_model_variant,requests,208,208,200,208,8,1.04,15,16,0,not_identified
week,2026-08-11,all_observed,exact_model_variant,requests,209,209,201,209,8,1.0398009950248757,15,16,0,not_identified
week,2026-08-11,all_observed,exact_model_variant,requests,210,210,202,210,8,1.0396039603960396,15,16,0,not_identified
week,2026-08-11,all_observed,exact_model_variant,requests,211,211,203,211,8,1.0394088669950738,15,16,0,not_identified
week,2026-08-11,all_observed,exact_model_variant,requests,212,212,204,212,8,1.0392156862745099,15,16,0,not_identified
week,2026-08-11,all_observed,exact_model_variant,requests,213,213,204,213,9,1.0441176470588236,15,16,0,not_identified
week,2026-08-11,all_observed,exact_model_variant,requests,214,214,205,214,9,1.0439024390243903,15,16,0,not_identified
week,2026-08-11,all_observed,exact_model_variant,requests,215,215,206,215,9,1.0436893203883495,15,16,0,not_identified
week,2026-08-11,all_observed,exact_model_variant,requests,216,216,207,216,9,1.0434782608695652,15,16,0,not_identified
week,2026-08-11,all_observed,exact_model_variant,requests,217,217,208,217,9,1.0432692307692308,15,16,0,not_identified
week,2026-08-11,all_observed,exact_model_variant,requests,218,218,209,218,9,1.0430622009569377,15,16,0,not_identified
week,2026-08-11,all_observed,exact_model_variant,requests,219,219,210,219,9,1.042857142857143,15,16,0,not_identified
week,2026-08-11,all_observed,exact_model_variant,requests,220,220,211,220,9,1.042654028436019,15,16,0,not_identified
week,2026-08-11,all_observed,exact_model_variant,requests,221,221,212,221,9,1.0424528301886793,15,16,0,not_identified
week,2026-08-11,all_observed,exact_model_variant,requests,222,222,213,222,9,1.0422535211267605,15,17,0,not_identified
week,2026-08-11,all_observed,exact_model_variant,requests,223,223,214,223,9,1.0420560747663552,15,17,0,not_identified
week,2026-08-11,all_observed,exact_model_variant,requests,224,224,215,224,9,1.041860465116279,15,17,0,not_identified
week,2026-08-11,all_observed,exact_model_variant,requests,225,225,216,225,9,1.0416666666666667,15,17,0,not_identified
week,2026-08-11,all_observed,exact_model_variant,requests,226,226,217,226,9,1.0414746543778801,15,17,0,not_identified
week,2026-08-11,all_observed,exact_model_variant,requests,227,227,218,227,9,1.0412844036697249,15,17,0,not_identified
week,2026-08-11,all_observed,exact_model_variant,requests,228,228,219,228,9,1.0410958904109588,15,17,0,not_identified
week,2026-08-11,all_observed,exact_model_variant,requests,229,229,220,229,9,1.040909090909091,15,17,0,not_identified
week,2026-08-11,all_observed,exact_model_variant,requests,230,230,221,230,9,1.0407239819004526,15,17,0,not_identified
week,2026-08-11,all_observed,exact_model_variant,requests,231,231,222,231,9,1.0405405405405406,15,17,0,not_identified
week,2026-08-11,all_observed,exact_model_variant,requests,232,232,223,232,9,1.0403587443946187,15,17,0,not_identified
week,2026-08-11,all_observed,exact_model_variant,requests,233,233,224,233,9,1.0401785714285714,15,17,0,not_identified
week,2026-08-11,all_observed,exact_model_variant,requests,234,234,225,234,9,1.04,15,17,0,not_identified
week,2026-08-11,all_observed,exact_model_variant,requests,235,235,226,235,9,1.0398230088495575,15,17,0,not_identified
week,2026-08-11,all_observed,exact_model_variant,requests,236,236,227,236,9,1.039647577092511,15,17,0,not_identified
week,2026-08-11,all_observed,exact_model_variant,requests,237,237,228,237,9,1.0394736842105263,15,17,0,not_identified
week,2026-08-11,all_observed,exact_model_variant,requests,238,238,229,238,9,1.039301310043668,15,17,0,not_identified
week,2026-08-11,all_observed,exact_model_variant,requests,239,239,230,239,9,1.0391304347826087,15,17,0,not_identified
week,2026-08-11,all_observed,exact_model_variant,requests,240,240,231,240,9,1.0389610389610389,15,17,0,not_identified
week,2026-08-11,all_observed,exact_model_variant,requests,241,241,232,241,9,1.0387931034482758,15,17,0,not_identified
week,2026-08-11,all_observed,exact_model_variant,requests,242,242,233,242,9,1.03862660944206,15,17,0,not_identified
week,2026-08-11,all_observed,exact_model_variant,requests,243,243,234,243,9,1.0384615384615385,15,17,0,not_identified
week,2026-08-11,all_observed,exact_model_variant,requests,244,244,235,244,9,1.0382978723404255,15,17,0,not_identified
week,2026-08-11,all_observed,exact_model_variant,requests,245,245,236,245,9,1.0381355932203389,15,17,0,not_identified
week,2026-08-11,all_observed,exact_model_variant,requests,246,246,237,246,9,1.0379746835443038,15,17,0,not_identified
week,2026-08-11,all_observed,exact_model_variant,requests,247,247,238,247,9,1.0378151260504203,15,17,0,not_identified
week,2026-08-11,all_observed,exact_model_variant,requests,248,248,239,248,9,1.0376569037656904,15,17,0,not_identified
week,2026-08-11,all_observed,exact_model_variant,requests,249,249,240,249,9,1.0375,15,17,0,not_identified
week,2026-08-11,all_observed,exact_model_variant,requests,250,250,241,250,9,1.037344398340249,15,17,0,not_identified
week,2026-08-11,all_observed,exact_model_variant,requests,251,251,242,251,9,1.037190082644628,15,17,0,not_identified
week,2026-08-11,all_observed,exact_model_variant,requests,252,252,243,252,9,1.037037037037037,15,17,0,not_identified
week,2026-08-11,all_observed,exact_model_variant,requests,253,253,244,253,9,1.0368852459016393,15,17,0,not_identified
week,2026-08-11,all_observed,exact_model_variant,requests,254,254,245,254,9,1.036734693877551,15,17,0,not_identified
week,2026-08-11,all_observed,exact_model_variant,requests,255,255,246,255,9,1.0365853658536586,15,17,0,not_identified
week,2026-08-11,all_observed,exact_model_variant,requests,256,256,247,256,9,1.0364372469635628,15,17,0,not_identified
week,2026-08-11,all_observed,exact_model_variant,requests,257,257,248,257,9,1.0362903225806452,15,17,0,not_identified
week,2026-08-11,all_observed,exact_model_variant,requests,258,258,249,258,9,1.036144578313253,15,18,0,not_identified
week,2026-08-11,all_observed,exact_model_variant,requests,259,259,250,259,9,1.036,15,18,0,not_identified
week,2026-08-11,all_observed,exact_model_variant,requests,260,260,251,260,9,1.0358565737051793,15,18,0,not_identified
week,2026-08-11,all_observed,exact_model_variant,requests,261,261,252,261,9,1.0357142857142858,15,18,0,not_identified
week,2026-08-11,all_observed,exact_model_variant,requests,262,262,253,262,9,1.0355731225296443,15,18,0,not_identified
week,2026-08-11,all_observed,exact_model_variant,requests,263,263,254,263,9,1.0354330708661417,15,19,0,not_identified
week,2026-08-11,all_observed,exact_model_variant,requests,264,264,255,264,9,1.035294117647059,15,19,0,not_identified
week,2026-08-11,all_observed,exact_model_variant,requests,265,265,256,265,9,1.03515625,15,19,0,not_identified
week,2026-08-11,all_observed,exact_model_variant,requests,266,266,257,266,9,1.0350194552529184,15,19,0,not_identified
week,2026-08-11,all_observed,exact_model_variant,requests,267,267,258,267,9,1.0348837209302326,15,19,0,not_identified
week,2026-08-11,all_observed,exact_model_variant,requests,268,268,259,268,9,1.0347490347490347,15,19,0,not_identified
week,2026-08-11,all_observed,exact_model_variant,requests,269,269,260,269,9,1.0346153846153847,15,19,0,not_identified
week,2026-08-11,all_observed,exact_model_variant,requests,270,270,261,270,9,1.0344827586206897,15,19,0,not_identified
week,2026-08-11,all_observed,exact_model_variant,requests,271,271,262,271,9,1.034351145038168,15,19,0,not_identified
week,2026-08-11,all_observed,exact_model_variant,requests,272,272,263,272,9,1.0342205323193916,15,20,0,not_identified
week,2026-08-11,all_observed,exact_model_variant,requests,273,273,264,273,9,1.0340909090909092,15,20,0,not_identified
week,2026-08-11,all_observed,exact_model_variant,requests,274,274,265,274,9,1.0339622641509434,15,20,0,not_identified
week,2026-08-11,all_observed,exact_model_variant,requests,275,275,266,275,9,1.0338345864661653,15,21,0,not_identified
week,2026-08-11,all_observed,exact_model_variant,requests,276,276,267,276,9,1.0337078651685394,15,21,0,not_identified
week,2026-08-11,all_observed,exact_model_variant,requests,277,277,268,277,9,1.0335820895522387,15,21,0,not_identified
week,2026-08-11,all_observed,exact_model_variant,requests,278,278,269,278,9,1.033457249070632,15,21,0,not_identified
week,2026-08-11,all_observed,exact_model_variant,requests,279,279,270,279,9,1.0333333333333334,15,21,0,not_identified
week,2026-08-11,all_observed,exact_model_variant,requests,280,280,271,280,9,1.033210332103321,15,21,0,not_identified
week,2026-08-11,all_observed,exact_model_variant,requests,281,281,272,281,9,1.0330882352941178,15,21,0,not_identified
week,2026-08-11,all_observed,exact_model_variant,requests,282,282,273,282,9,1.032967032967033,15,21,0,not_identified
week,2026-08-11,all_observed,exact_model_variant,requests,283,283,274,283,9,1.032846715328467,15,21,0,not_identified
week,2026-08-11,all_observed,exact_model_variant,requests,284,284,275,284,9,1.0327272727272727,15,21,0,not_identified
week,2026-08-11,all_observed,exact_model_variant,requests,285,285,276,285,9,1.0326086956521738,15,21,0,not_identified
week,2026-08-11,all_observed,exact_model_variant,requests,286,286,277,286,9,1.032490974729242,15,21,0,not_identified
week,2026-08-11,all_observed,exact_model_variant,requests,287,287,278,287,9,1.0323741007194245,15,21,0,not_identified
week,2026-08-11,all_observed,exact_model_variant,requests,288,288,279,288,9,1.032258064516129,15,21,0,not_identified
week,2026-08-11,all_observed,exact_model_variant,requests,289,289,280,289,9,1.0321428571428573,15,21,0,not_identified
week,2026-08-11,all_observed,exact_model_variant,requests,290,290,281,290,9,1.0320284697508897,15,21,0,not_identified
week,2026-08-11,all_observed,exact_model_variant,requests,291,291,282,291,9,1.0319148936170213,15,21,0,not_identified
week,2026-08-11,all_observed,exact_model_variant,requests,292,292,283,292,9,1.0318021201413428,15,21,0,not_identified
week,2026-08-11,all_observed,exact_model_variant,requests,293,293,284,293,9,1.0316901408450705,15,21,0,not_identified
week,2026-08-11,all_observed,exact_model_variant,requests,294,294,285,294,9,1.0315789473684212,15,21,0,not_identified
week,2026-08-11,all_observed,exact_model_variant,requests,295,295,286,295,9,1.0314685314685315,15,21,0,not_identified
week,2026-08-11,all_observed,exact_model_variant,requests,296,296,287,296,9,1.0313588850174216,15,21,0,not_identified
week,2026-08-11,all_observed,exact_model_variant,requests,297,297,288,297,9,1.03125,15,21,0,not_identified
week,2026-08-11,all_observed,exact_model_variant,requests,298,298,288,298,10,1.0347222222222223,15,21,0,not_identified
week,2026-08-11,all_observed,exact_model_variant,requests,299,299,288,299,11,1.0381944444444444,15,21,0,not_identified
week,2026-08-11,all_observed,exact_model_variant,requests,300,300,289,300,11,1.0380622837370241,15,21,0,not_identified
week,2026-08-11,all_observed,exact_model_variant,requests,301,301,290,301,11,1.0379310344827586,15,21,0,not_identified
week,2026-08-11,all_observed,exact_model_variant,requests,302,302,291,302,11,1.0378006872852235,15,21,0,not_identified
week,2026-08-11,all_observed,exact_model_variant,requests,303,303,292,303,11,1.0376712328767124,15,21,0,not_identified
week,2026-08-11,all_observed,exact_model_variant,requests,304,304,293,304,11,1.0375426621160408,15,21,0,not_identified
week,2026-08-11,all_observed,exact_model_variant,requests,305,305,294,305,11,1.0374149659863945,15,21,0,not_identified
week,2026-08-11,all_observed,exact_model_variant,requests,306,306,295,306,11,1.0372881355932204,15,21,0,not_identified
week,2026-08-11,all_observed,exact_model_variant,requests,307,307,296,307,11,1.037162162162162,15,21,0,not_identified
week,2026-08-11,all_observed,exact_model_variant,requests,308,308,297,308,11,1.037037037037037,15,21,0,not_identified
week,2026-08-11,all_observed,exact_model_variant,requests,309,309,298,309,11,1.0369127516778522,15,21,0,not_identified
week,2026-08-11,all_observed,exact_model_variant,requests,310,310,299,310,11,1.0367892976588629,15,21,0,not_identified
week,2026-08-11,all_observed,exact_model_variant,requests,311,311,300,311,11,1.0366666666666666,15,21,0,not_identified
week,2026-08-11,all_observed,exact_model_variant,requests,312,312,301,312,11,1.0365448504983388,15,21,0,not_identified
week,2026-08-11,all_observed,exact_model_variant,requests,313,313,302,313,11,1.0364238410596027,15,21,0,not_identified
week,2026-08-11,all_observed,exact_model_variant,requests,314,314,303,314,11,1.0363036303630364,15,21,0,not_identified
week,2026-08-11,all_observed,exact_model_variant,requests,315,315,304,315,11,1.0361842105263157,15,21,0,not_identified
week,2026-08-11,all_observed,exact_model_variant,requests,316,316,304,316,12,1.0394736842105263,15,21,0,not_identified
week,2026-08-11,all_observed,exact_model_variant,requests,317,317,305,317,12,1.039344262295082,15,21,0,not_identified
week,2026-08-11,all_observed,exact_model_variant,requests,318,318,306,318,12,1.0392156862745099,15,21,0,not_identified
week,2026-08-11,all_observed,exact_model_variant,requests,319,319,307,319,12,1.0390879478827362,15,21,0,not_identified
week,2026-08-11,all_observed,exact_model_variant,requests,320,320,308,320,12,1.0389610389610389,15,21,0,not_identified
week,2026-08-11,all_observed,exact_model_variant,requests,321,321,309,321,12,1.0388349514563107,15,21,0,not_identified
week,2026-08-11,all_observed,exact_model_variant,requests,322,322,310,322,12,1.038709677419355,15,21,0,not_identified
week,2026-08-11,all_observed,exact_model_variant,requests,323,323,311,323,12,1.0385852090032155,15,21,0,not_identified
week,2026-08-11,all_observed,exact_model_variant,requests,324,324,312,324,12,1.0384615384615385,15,21,0,not_identified
week,2026-08-11,all_observed,exact_model_variant,requests,325,325,313,325,12,1.038338658146965,15,21,0,not_identified
week,2026-08-11,all_observed,exact_model_variant,requests,326,326,313,326,13,1.0415335463258786,15,21,0,not_identified
week,2026-08-11,all_observed,exact_model_variant,requests,327,327,314,327,13,1.0414012738853504,15,21,0,not_identified
week,2026-08-11,all_observed,exact_model_variant,requests,328,328,315,328,13,1.0412698412698413,15,21,0,not_identified
week,2026-08-11,all_observed,exact_model_variant,requests,329,329,316,329,13,1.0411392405063291,15,21,0,not_identified
week,2026-08-11,all_observed,exact_model_variant,requests,330,330,317,330,13,1.0410094637223974,15,21,0,not_identified
week,2026-08-11,all_observed,exact_model_variant,requests,331,331,317,331,14,1.0441640378548895,15,21,0,not_identified
week,2026-08-11,all_observed,exact_model_variant,requests,332,332,317,332,15,1.0473186119873816,15,21,0,not_identified
week,2026-08-11,all_observed,exact_model_variant,requests,333,333,317,333,16,1.0504731861198737,15,21,0,not_identified
week,2026-08-11,all_observed,exact_model_variant,requests,334,334,318,334,16,1.050314465408805,15,21,0,not_identified
week,2026-08-11,all_observed,exact_model_variant,requests,335,335,319,335,16,1.0501567398119123,15,21,0,not_identified
week,2026-08-11,all_observed,exact_model_variant,requests,336,336,320,336,16,1.05,15,21,0,not_identified
week,2026-08-11,all_observed,exact_model_variant,requests,337,337,321,337,16,1.0498442367601246,15,21,0,not_identified
week,2026-08-11,all_observed,exact_model_variant,requests,338,338,322,338,16,1.049689440993789,15,21,0,not_identified
week,2026-08-11,all_observed,exact_model_variant,requests,339,339,323,339,16,1.0495356037151702,15,21,0,not_identified
week,2026-08-11,all_observed,exact_model_variant,requests,340,340,324,340,16,1.0493827160493827,15,21,0,not_identified
week,2026-08-11,all_observed,exact_model_variant,requests,341,341,325,341,16,1.0492307692307692,15,21,0,not_identified
week,2026-08-11,all_observed,exact_model_variant,requests,342,342,326,342,16,1.049079754601227,15,21,0,not_identified
week,2026-08-11,all_observed,exact_model_variant,requests,343,343,327,343,16,1.0489296636085628,15,22,0,not_identified
week,2026-08-11,all_observed,exact_model_variant,requests,344,344,328,344,16,1.048780487804878,15,22,0,not_identified
week,2026-08-11,all_observed,exact_model_variant,requests,345,345,329,345,16,1.0486322188449848,15,22,0,not_identified
week,2026-08-11,all_observed,exact_model_variant,requests,346,346,330,346,16,1.0484848484848486,15,22,0,not_identified
week,2026-08-11,all_observed,exact_model_variant,requests,347,347,330,347,17,1.0515151515151515,15,22,0,not_identified
week,2026-08-11,all_observed,exact_model_variant,requests,348,348,330,348,18,1.0545454545454545,15,22,0,not_identified
week,2026-08-11,all_observed,exact_model_variant,requests,349,349,330,349,19,1.0575757575757576,15,22,0,not_identified
week,2026-08-11,all_observed,exact_model_variant,requests,350,350,331,350,19,1.0574018126888218,15,22,0,not_identified
week,2026-08-11,all_observed,exact_model_variant,requests,351,351,332,351,19,1.0572289156626506,15,22,0,not_identified
week,2026-08-11,all_observed,exact_model_variant,requests,352,352,333,352,19,1.057057057057057,15,22,0,not_identified
week,2026-08-11,all_observed,exact_model_variant,requests,353,353,333,353,20,1.06006006006006,15,22,0,not_identified
week,2026-08-11,all_observed,exact_model_variant,requests,354,354,334,354,20,1.0598802395209581,15,22,0,not_identified
week,2026-08-11,all_observed,exact_model_variant,requests,355,355,335,355,20,1.0597014925373134,15,22,0,not_identified
week,2026-08-11,all_observed,exact_model_variant,requests,356,356,336,356,20,1.0595238095238095,15,22,0,not_identified
week,2026-08-11,all_observed,exact_model_variant,requests,357,357,337,357,20,1.0593471810089021,15,22,0,not_identified
week,2026-08-11,all_observed,exact_model_variant,requests,358,358,338,358,20,1.0591715976331362,15,22,0,not_identified
week,2026-08-11,all_observed,exact_model_variant,requests,359,359,339,359,20,1.0589970501474926,15,22,0,not_identified
week,2026-08-11,all_observed,exact_model_variant,requests,360,360,340,360,20,1.0588235294117647,15,22,0,not_identified
week,2026-08-11,all_observed,exact_model_variant,requests,361,361,341,361,20,1.0586510263929618,15,22,0,not_identified
week,2026-08-11,all_observed,exact_model_variant,requests,362,362,342,362,20,1.0584795321637428,15,22,0,not_identified
week,2026-08-11,all_observed,exact_model_variant,requests,363,363,343,363,20,1.0583090379008746,15,22,0,not_identified
week,2026-08-11,all_observed,exact_model_variant,requests,364,364,344,364,20,1.058139534883721,16,22,0,not_identified
week,2026-08-11,all_observed,exact_model_variant,requests,365,365,345,365,20,1.0579710144927537,16,22,0,not_identified
week,2026-08-11,all_observed,exact_model_variant,requests,366,366,346,366,20,1.0578034682080926,16,22,0,not_identified
week,2026-08-11,all_observed,exact_model_variant,requests,367,367,347,367,20,1.057636887608069,16,22,0,not_identified
week,2026-08-11,all_observed,exact_model_variant,requests,368,368,348,368,20,1.0574712643678161,16,22,0,not_identified
week,2026-08-11,all_observed,exact_model_variant,requests,369,369,349,369,20,1.0573065902578798,16,22,0,not_identified
week,2026-08-11,all_observed,exact_model_variant,requests,370,370,350,370,20,1.0571428571428572,16,22,0,not_identified
week,2026-08-11,all_observed,exact_model_variant,requests,371,371,350,371,21,1.06,16,22,0,not_identified
week,2026-08-11,all_observed,exact_model_variant,requests,372,372,351,372,21,1.0598290598290598,16,23,0,not_identified
week,2026-08-11,all_observed,exact_model_variant,requests,373,373,352,373,21,1.0596590909090908,16,23,0,not_identified
week,2026-08-11,all_observed,exact_model_variant,requests,374,374,353,374,21,1.0594900849858357,16,23,0,not_identified
week,2026-08-11,all_observed,exact_model_variant,requests,375,375,354,375,21,1.0593220338983051,16,23,0,not_identified
week,2026-08-11,all_observed,exact_model_variant,requests,376,376,354,376,22,1.0621468926553672,16,23,0,not_identified
week,2026-08-11,all_observed,exact_model_variant,requests,377,377,355,377,22,1.0619718309859154,16,23,0,not_identified
week,2026-08-11,all_observed,exact_model_variant,requests,378,378,355,378,23,1.064788732394366,16,23,0,not_identified
week,2026-08-11,all_observed,exact_model_variant,requests,379,379,356,379,23,1.0646067415730338,16,23,0,not_identified
week,2026-08-11,all_observed,exact_model_variant,requests,380,380,357,380,23,1.0644257703081232,16,23,0,not_identified
week,2026-08-11,all_observed,exact_model_variant,requests,381,381,358,381,23,1.0642458100558658,16,23,0,not_identified
week,2026-08-11,all_observed,exact_model_variant,requests,382,382,359,382,23,1.064066852367688,16,23,0,not_identified
week,2026-08-11,all_observed,exact_model_variant,requests,383,383,360,383,23,1.0638888888888889,16,23,0,not_identified
week,2026-08-11,all_observed,exact_model_variant,requests,384,384,361,384,23,1.0637119113573408,16,23,0,not_identified
week,2026-08-11,all_observed,exact_model_variant,requests,385,385,362,385,23,1.0635359116022098,16,23,0,not_identified
week,2026-08-11,all_observed,exact_model_variant,requests,386,386,363,386,23,1.0633608815426998,16,23,0,not_identified
week,2026-08-11,all_observed,exact_model_variant,requests,387,387,363,387,24,1.0661157024793388,16,23,0,not_identified
week,2026-08-11,all_observed,exact_model_variant,requests,388,388,364,388,24,1.065934065934066,16,23,0,not_identified
week,2026-08-11,all_observed,exact_model_variant,requests,389,389,365,389,24,1.0657534246575342,16,23,0,not_identified
week,2026-08-11,all_observed,exact_model_variant,requests,390,390,365,390,25,1.0684931506849316,16,23,0,not_identified
week,2026-08-11,all_observed,exact_model_variant,requests,391,391,365,391,26,1.0712328767123287,16,23,0,not_identified
week,2026-08-11,all_observed,exact_model_variant,requests,392,392,366,392,26,1.0710382513661203,16,23,0,not_identified
week,2026-08-11,all_observed,exact_model_variant,requests,393,393,367,393,26,1.0708446866485013,16,24,0,not_identified
week,2026-08-11,all_observed,exact_model_variant,requests,394,394,368,394,26,1.0706521739130435,16,24,0,not_identified
week,2026-08-11,all_observed,exact_model_variant,requests,395,395,369,395,26,1.070460704607046,16,24,0,not_identified
week,2026-08-11,all_observed,exact_model_variant,requests,396,396,369,396,27,1.0731707317073171,16,24,0,not_identified
week,2026-08-11,all_observed,exact_model_variant,requests,397,397,370,397,27,1.072972972972973,16,24,0,not_identified
week,2026-08-11,all_observed,exact_model_variant,requests,398,398,371,398,27,1.0727762803234502,16,24,0,not_identified
week,2026-08-11,all_observed,exact_model_variant,requests,399,399,372,399,27,1.0725806451612903,17,24,0,not_identified
week,2026-08-11,all_observed,exact_model_variant,requests,400,400,373,400,27,1.0723860589812333,17,24,0,not_identified
week,2026-08-11,all_observed,exact_model_variant,requests,401,401,373,401,28,1.0750670241286864,17,24,0,not_identified
week,2026-08-11,all_observed,exact_model_variant,requests,402,402,374,402,28,1.0748663101604279,17,24,0,not_identified
week,2026-08-11,all_observed,exact_model_variant,requests,403,403,375,403,28,1.0746666666666667,17,24,0,not_identified
week,2026-08-11,all_observed,exact_model_variant,requests,404,404,376,404,28,1.074468085106383,17,24,0,not_identified
week,2026-08-11,all_observed,exact_model_variant,requests,405,405,376,405,29,1.077127659574468,17,24,0,not_identified
week,2026-08-11,all_observed,exact_model_variant,requests,406,406,376,406,30,1.0797872340425532,17,24,0,not_identified
week,2026-08-11,all_observed,exact_model_variant,requests,407,407,377,407,30,1.0795755968169762,17,24,0,not_identified
week,2026-08-11,all_observed,exact_model_variant,requests,408,408,377,408,31,1.0822281167108754,17,24,0,not_identified
week,2026-08-11,all_observed,exact_model_variant,requests,409,409,378,409,31,1.082010582010582,17,24,0,not_identified
week,2026-08-11,all_observed,exact_model_variant,requests,410,410,379,410,31,1.0817941952506596,17,24,0,not_identified
week,2026-08-11,all_observed,exact_model_variant,requests,411,411,380,411,31,1.081578947368421,17,24,0,not_identified
week,2026-08-11,all_observed,exact_model_variant,requests,412,412,381,412,31,1.0813648293963254,17,24,0,not_identified
week,2026-08-11,all_observed,exact_model_variant,requests,413,413,382,413,31,1.081151832460733,17,24,0,not_identified
week,2026-08-11,all_observed,exact_model_variant,requests,414,414,383,414,31,1.080939947780679,17,24,0,not_identified
week,2026-08-11,all_observed,exact_model_variant,requests,415,415,384,415,31,1.0807291666666667,17,24,0,not_identified
week,2026-08-11,all_observed,exact_model_variant,requests,416,416,385,416,31,1.0805194805194804,17,24,0,not_identified
week,2026-08-11,all_observed,exact_model_variant,requests,417,417,386,417,31,1.0803108808290156,17,24,0,not_identified
week,2026-08-11,all_observed,exact_model_variant,requests,418,418,387,418,31,1.0801033591731266,17,24,0,not_identified
week,2026-08-11,all_observed,exact_model_variant,requests,419,419,388,419,31,1.0798969072164948,17,24,0,not_identified
week,2026-08-11,all_observed,exact_model_variant,requests,420,420,389,420,31,1.0796915167095116,17,24,0,not_identified
week,2026-08-11,all_observed,exact_model_variant,requests,421,421,390,421,31,1.0794871794871794,17,24,0,not_identified
week,2026-08-11,all_observed,exact_model_variant,requests,422,422,391,422,31,1.0792838874680306,17,24,0,not_identified
week,2026-08-11,all_observed,exact_model_variant,requests,423,423,392,423,31,1.0790816326530612,17,24,0,not_identified
week,2026-08-11,all_observed,exact_model_variant,requests,424,424,393,424,31,1.078880407124682,17,24,0,not_identified
week,2026-08-11,all_observed,exact_model_variant,requests,425,425,394,425,31,1.0786802030456852,17,24,0,not_identified
week,2026-08-11,all_observed,exact_model_variant,requests,426,426,395,426,31,1.0784810126582278,17,24,0,not_identified
week,2026-08-11,all_observed,exact_model_variant,requests,427,427,396,427,31,1.0782828282828283,17,24,0,not_identified
week,2026-08-11,all_observed,exact_model_variant,requests,428,428,396,428,32,1.0808080808080809,17,24,0,not_identified
week,2026-08-11,all_observed,exact_model_variant,requests,429,429,397,429,32,1.0806045340050379,17,25,0,not_identified
week,2026-08-11,all_observed,exact_model_variant,requests,430,430,397,430,33,1.0831234256926952,17,25,0,not_identified
week,2026-08-11,all_observed,exact_model_variant,requests,431,431,398,431,33,1.0829145728643217,17,25,0,not_identified
week,2026-08-11,all_observed,exact_model_variant,requests,432,432,398,432,34,1.085427135678392,17,25,0,not_identified
week,2026-08-11,all_observed,exact_model_variant,requests,433,433,399,433,34,1.0852130325814537,17,25,0,not_identified
week,2026-08-11,all_observed,exact_model_variant,requests,434,434,400,434,34,1.085,17,25,0,not_identified
week,2026-08-11,all_observed,exact_model_variant,requests,435,435,401,435,34,1.084788029925187,17,25,0,not_identified
week,2026-08-11,all_observed,exact_model_variant,requests,436,436,402,436,34,1.0845771144278606,17,25,0,not_identified
week,2026-08-11,all_observed,exact_model_variant,requests,437,437,403,437,34,1.0843672456575681,17,25,0,not_identified
week,2026-08-11,all_observed,exact_model_variant,requests,438,438,404,438,34,1.0841584158415842,17,25,0,not_identified
week,2026-08-11,all_observed,exact_model_variant,requests,439,439,405,439,34,1.0839506172839506,17,25,0,not_identified
week,2026-08-11,all_observed,exact_model_variant,requests,440,440,406,440,34,1.083743842364532,17,25,0,not_identified
week,2026-08-11,all_observed,exact_model_variant,requests,441,441,407,441,34,1.0835380835380835,17,25,0,not_identified
week,2026-08-11,all_observed,exact_model_variant,requests,442,442,408,442,34,1.0833333333333333,17,25,0,not_identified
week,2026-08-11,all_observed,exact_model_variant,requests,443,443,409,443,34,1.0831295843520783,17,25,0,not_identified
week,2026-08-11,all_observed,exact_model_variant,requests,444,444,409,444,35,1.0855745721271393,17,25,0,not_identified
week,2026-08-11,all_observed,exact_model_variant,requests,445,445,409,445,36,1.0880195599022005,17,25,0,not_identified
week,2026-08-11,all_observed,exact_model_variant,requests,446,446,410,446,36,1.0878048780487806,17,25,0,not_identified
week,2026-08-11,all_observed,exact_model_variant,requests,447,447,411,447,36,1.0875912408759123,17,25,0,not_identified
week,2026-08-11,all_observed,exact_model_variant,requests,448,448,412,448,36,1.087378640776699,17,25,0,not_identified
week,2026-08-11,all_observed,exact_model_variant,requests,449,449,413,449,36,1.0871670702179177,17,25,0,not_identified
week,2026-08-11,all_observed,exact_model_variant,requests,450,450,414,450,36,1.0869565217391304,17,25,0,not_identified
week,2026-08-11,all_observed,exact_model_variant,requests,451,451,415,451,36,1.0867469879518072,17,25,0,not_identified
week,2026-08-11,all_observed,exact_model_variant,requests,452,452,416,452,36,1.0865384615384615,17,25,0,not_identified
week,2026-08-11,all_observed,exact_model_variant,requests,453,453,416,453,37,1.0889423076923077,17,25,0,not_identified
week,2026-08-11,all_observed,exact_model_variant,requests,454,454,417,454,37,1.0887290167865706,17,25,0,not_identified
week,2026-08-11,all_observed,exact_model_variant,requests,455,455,418,455,37,1.0885167464114833,17,25,0,not_identified
week,2026-08-11,all_observed,exact_model_variant,requests,456,456,418,456,38,1.0909090909090908,17,25,0,not_identified
week,2026-08-11,all_observed,exact_model_variant,requests,457,457,419,457,38,1.090692124105012,17,25,0,not_identified
week,2026-08-11,all_observed,exact_model_variant,requests,458,458,420,458,38,1.0904761904761904,17,25,0,not_identified
week,2026-08-11,all_observed,exact_model_variant,requests,459,459,421,459,38,1.0902612826603326,17,25,0,not_identified
week,2026-08-11,all_observed,exact_model_variant,requests,460,460,422,460,38,1.0900473933649288,17,25,0,not_identified
week,2026-08-11,all_observed,exact_model_variant,requests,461,461,423,461,38,1.0898345153664302,17,25,0,not_identified
week,2026-08-11,all_observed,exact_model_variant,requests,462,462,424,462,38,1.0896226415094339,17,25,0,not_identified
week,2026-08-11,all_observed,exact_model_variant,requests,463,463,424,463,39,1.0919811320754718,17,25,0,not_identified
week,2026-08-11,all_observed,exact_model_variant,requests,464,464,424,464,40,1.0943396226415094,17,25,0,not_identified
week,2026-08-11,all_observed,exact_model_variant,requests,465,465,425,465,40,1.0941176470588236,17,25,0,not_identified
week,2026-08-11,all_observed,exact_model_variant,requests,466,466,426,466,40,1.0938967136150235,17,25,0,not_identified
week,2026-08-11,all_observed,exact_model_variant,requests,467,467,427,467,40,1.0936768149882905,17,25,0,not_identified
week,2026-08-11,all_observed,exact_model_variant,requests,468,468,428,468,40,1.0934579439252337,17,25,0,not_identified
week,2026-08-11,all_observed,exact_model_variant,requests,469,469,428,469,41,1.0957943925233644,17,25,0,not_identified
week,2026-08-11,all_observed,exact_model_variant,requests,470,470,429,470,41,1.0955710955710956,17,25,0,not_identified
week,2026-08-11,all_observed,exact_model_variant,requests,471,471,429,471,42,1.097902097902098,17,25,0,not_identified
week,2026-08-11,all_observed,exact_model_variant,requests,472,472,429,472,43,1.1002331002331003,17,25,0,not_identified
week,2026-08-11,all_observed,exact_model_variant,requests,473,473,429,473,44,1.1025641025641026,17,25,0,not_identified
week,2026-08-11,all_observed,exact_model_variant,requests,474,474,430,474,44,1.1023255813953488,17,25,0,not_identified
week,2026-08-11,all_observed,exact_model_variant,requests,475,475,431,475,44,1.1020881670533642,17,25,0,not_identified
week,2026-08-11,all_observed,exact_model_variant,requests,476,476,431,476,45,1.1044083526682134,17,25,0,not_identified
week,2026-08-11,all_observed,exact_model_variant,requests,477,477,431,477,46,1.1067285382830627,17,25,0,not_identified
week,2026-08-11,all_observed,exact_model_variant,requests,478,478,431,478,47,1.1090487238979119,17,25,0,not_identified
week,2026-08-11,all_observed,exact_model_variant,requests,479,479,432,479,47,1.1087962962962963,17,25,0,not_identified
week,2026-08-11,all_observed,exact_model_variant,requests,480,480,433,480,47,1.1085450346420322,17,25,0,not_identified
week,2026-08-11,all_observed,exact_model_variant,requests,481,481,434,481,47,1.108294930875576,17,25,0,not_identified
week,2026-08-11,all_observed,exact_model_variant,requests,482,482,435,482,47,1.1080459770114943,17,25,0,not_identified
week,2026-08-11,all_observed,exact_model_variant,requests,483,483,436,483,47,1.1077981651376148,17,25,0,not_identified
week,2026-08-11,all_observed,exact_model_variant,requests,484,484,437,484,47,1.1075514874141876,17,25,0,not_identified
week,2026-08-11,all_observed,exact_model_variant,requests,485,485,437,485,48,1.1098398169336385,17,25,0,not_identified
week,2026-08-11,all_observed,exact_model_variant,requests,486,486,438,486,48,1.1095890410958904,17,25,0,not_identified
week,2026-08-11,all_observed,exact_model_variant,requests,487,487,439,487,48,1.1093394077448746,17,25,0,not_identified
week,2026-08-11,all_observed,exact_model_variant,requests,488,488,439,488,49,1.111617312072893,17,25,0,not_identified
week,2026-08-11,all_observed,exact_model_variant,requests,489,489,439,489,50,1.1138952164009113,17,25,0,not_identified
week,2026-08-11,all_observed,exact_model_variant,requests,490,490,439,490,51,1.1161731207289294,17,25,0,not_identified
week,2026-08-11,all_observed,exact_model_variant,requests,491,491,439,491,52,1.1184510250569477,17,25,0,not_identified
week,2026-08-11,all_observed,exact_model_variant,requests,492,492,439,492,53,1.1207289293849658,17,25,0,not_identified
week,2026-08-11,all_observed,exact_model_variant,requests,493,493,439,493,54,1.1230068337129842,17,25,0,not_identified
week,2026-08-11,all_observed,exact_model_variant,requests,494,494,439,494,55,1.1252847380410023,17,25,0,not_identified
week,2026-08-11,all_observed,exact_model_variant,requests,495,495,440,495,55,1.125,17,25,0,not_identified
week,2026-08-11,all_observed,exact_model_variant,requests,496,496,440,496,56,1.1272727272727272,17,25,0,not_identified
week,2026-08-11,all_observed,exact_model_variant,requests,497,497,440,497,57,1.1295454545454546,17,25,0,not_identified
week,2026-08-11,all_observed,exact_model_variant,requests,498,498,441,498,57,1.129251700680272,17,25,0,not_identified
week,2026-08-11,all_observed,exact_model_variant,requests,499,499,441,499,58,1.1315192743764173,17,25,0,not_identified
week,2026-08-11,all_observed,exact_model_variant,requests,500,500,441,500,59,1.1337868480725624,17,25,0,not_identified
week,2026-08-11,all_observed,exact_model_variant,requests,501,501,442,501,59,1.1334841628959276,17,25,0,not_identified
week,2026-08-11,all_observed,exact_model_variant,requests,502,502,443,502,59,1.1331828442437923,17,25,0,not_identified
week,2026-08-11,all_observed,exact_model_variant,requests,503,503,443,503,60,1.1354401805869074,17,25,0,not_identified
week,2026-08-11,all_observed,exact_model_variant,requests,504,504,444,504,60,1.135135135135135,17,25,0,not_identified
week,2026-08-11,all_observed,exact_model_variant,requests,505,505,444,505,61,1.1373873873873874,17,25,0,not_identified
week,2026-08-11,all_observed,exact_model_variant,requests,506,506,445,506,61,1.1370786516853932,17,25,0,not_identified
week,2026-08-11,all_observed,exact_model_variant,requests,507,507,445,507,62,1.1393258426966293,17,25,0,not_identified
week,2026-08-11,all_observed,exact_model_variant,requests,508,508,446,508,62,1.1390134529147982,17,25,0,not_identified
week,2026-08-11,current_catalog_text_output,model_permaslug,total_tokens,1,1,1,1,0,1.0,1,1,0,not_identified
week,2026-08-11,current_catalog_text_output,model_permaslug,total_tokens,2,2,2,2,0,1.0,2,1,0,not_identified
week,2026-08-11,current_catalog_text_output,model_permaslug,total_tokens,3,3,3,3,0,1.0,2,1,0,not_identified
week,2026-08-11,current_catalog_text_output,model_permaslug,total_tokens,4,4,4,4,0,1.0,2,2,0,not_identified
week,2026-08-11,current_catalog_text_output,model_permaslug,total_tokens,5,5,5,6,1,1.2,3,3,0,not_identified
week,2026-08-11,current_catalog_text_output,model_permaslug,total_tokens,6,6,6,8,2,1.3333333333333333,3,3,0,not_identified
week,2026-08-11,current_catalog_text_output,model_permaslug,total_tokens,7,7,7,9,2,1.2857142857142858,3,3,0,not_identified
week,2026-08-11,current_catalog_text_output,model_permaslug,total_tokens,8,8,8,11,3,1.375,4,4,0,not_identified
week,2026-08-11,current_catalog_text_output,model_permaslug,total_tokens,9,9,9,14,5,1.5555555555555556,4,4,0,not_identified
week,2026-08-11,current_catalog_text_output,model_permaslug,total_tokens,10,10,10,16,6,1.6,4,4,0,not_identified
week,2026-08-11,current_catalog_text_output,model_permaslug,total_tokens,11,11,11,18,7,1.6363636363636365,4,5,0,not_identified
week,2026-08-11,current_catalog_text_output,model_permaslug,total_tokens,12,12,12,19,7,1.5833333333333333,4,5,0,not_identified
week,2026-08-11,current_catalog_text_output,model_permaslug,total_tokens,13,13,13,21,8,1.6153846153846154,5,5,0,not_identified
week,2026-08-11,current_catalog_text_output,model_permaslug,total_tokens,14,14,14,22,8,1.5714285714285714,5,5,0,not_identified
week,2026-08-11,current_catalog_text_output,model_permaslug,total_tokens,15,15,15,24,9,1.6,5,5,0,not_identified
week,2026-08-11,current_catalog_text_output,model_permaslug,total_tokens,16,16,16,26,10,1.625,5,5,0,not_identified
week,2026-08-11,current_catalog_text_output,model_permaslug,total_tokens,17,17,17,28,11,1.6470588235294117,5,5,0,not_identified
week,2026-08-11,current_catalog_text_output,model_permaslug,total_tokens,18,18,18,30,12,1.6666666666666667,5,5,0,not_identified
week,2026-08-11,current_catalog_text_output,model_permaslug,total_tokens,19,19,19,32,13,1.6842105263157894,5,5,0,not_identified
week,2026-08-11,current_catalog_text_output,model_permaslug,total_tokens,20,20,20,34,14,1.7,5,5,0,not_identified
week,2026-08-11,current_catalog_text_output,model_permaslug,total_tokens,21,21,21,36,15,1.7142857142857142,5,5,0,not_identified
week,2026-08-11,current_catalog_text_output,model_permaslug,total_tokens,22,22,22,38,16,1.7272727272727273,5,5,0,not_identified
week,2026-08-11,current_catalog_text_output,model_permaslug,total_tokens,23,23,23,40,17,1.7391304347826086,5,5,0,not_identified
week,2026-08-11,current_catalog_text_output,model_permaslug,total_tokens,24,24,24,41,17,1.7083333333333333,5,5,0,not_identified
week,2026-08-11,current_catalog_text_output,model_permaslug,total_tokens,25,25,25,43,18,1.72,6,5,0,not_identified
week,2026-08-11,current_catalog_text_output,model_permaslug,total_tokens,26,26,26,45,19,1.7307692307692308,6,5,0,not_identified
week,2026-08-11,current_catalog_text_output,model_permaslug,total_tokens,27,27,27,46,19,1.7037037037037037,6,5,0,not_identified
week,2026-08-11,current_catalog_text_output,model_permaslug,total_tokens,28,28,28,47,19,1.6785714285714286,6,5,0,not_identified
week,2026-08-11,current_catalog_text_output,model_permaslug,total_tokens,29,29,29,49,20,1.6896551724137931,6,5,0,not_identified
week,2026-08-11,current_catalog_text_output,model_permaslug,total_tokens,30,30,30,51,21,1.7,6,5,0,not_identified
week,2026-08-11,current_catalog_text_output,model_permaslug,total_tokens,31,31,31,52,21,1.6774193548387097,7,5,0,not_identified
week,2026-08-11,current_catalog_text_output,model_permaslug,total_tokens,32,32,32,54,22,1.6875,7,5,0,not_identified
week,2026-08-11,current_catalog_text_output,model_permaslug,total_tokens,33,33,33,56,23,1.696969696969697,7,5,0,not_identified
week,2026-08-11,current_catalog_text_output,model_permaslug,total_tokens,34,34,34,57,23,1.6764705882352942,8,5,0,not_identified
week,2026-08-11,current_catalog_text_output,model_permaslug,total_tokens,35,35,35,59,24,1.6857142857142857,8,5,0,not_identified
week,2026-08-11,current_catalog_text_output,model_permaslug,total_tokens,36,36,36,60,24,1.6666666666666667,8,5,0,not_identified
week,2026-08-11,current_catalog_text_output,model_permaslug,total_tokens,37,37,37,62,25,1.6756756756756757,9,5,0,not_identified
week,2026-08-11,current_catalog_text_output,model_permaslug,total_tokens,38,38,38,64,26,1.6842105263157894,9,5,0,not_identified
week,2026-08-11,current_catalog_text_output,model_permaslug,total_tokens,39,39,39,66,27,1.6923076923076923,9,5,0,not_identified
week,2026-08-11,current_catalog_text_output,model_permaslug,total_tokens,40,40,40,67,27,1.675,9,5,0,not_identified
week,2026-08-11,current_catalog_text_output,model_permaslug,total_tokens,41,41,41,69,28,1.6829268292682926,9,5,0,not_identified
week,2026-08-11,current_catalog_text_output,model_permaslug,total_tokens,42,42,42,71,29,1.6904761904761905,9,5,0,not_identified
week,2026-08-11,current_catalog_text_output,model_permaslug,total_tokens,43,43,43,72,29,1.6744186046511629,9,6,0,not_identified
week,2026-08-11,current_catalog_text_output,model_permaslug,total_tokens,44,44,44,74,30,1.6818181818181819,9,6,0,not_identified
week,2026-08-11,current_catalog_text_output,model_permaslug,total_tokens,45,45,45,76,31,1.6888888888888889,9,6,0,not_identified
week,2026-08-11,current_catalog_text_output,model_permaslug,total_tokens,46,46,46,78,32,1.6956521739130435,9,6,0,not_identified
week,2026-08-11,current_catalog_text_output,model_permaslug,total_tokens,47,47,47,80,33,1.702127659574468,9,6,0,not_identified
week,2026-08-11,current_catalog_text_output,model_permaslug,total_tokens,48,48,48,82,34,1.7083333333333333,9,6,0,not_identified
week,2026-08-11,current_catalog_text_output,model_permaslug,total_tokens,49,49,49,84,35,1.7142857142857142,9,6,0,not_identified
week,2026-08-11,current_catalog_text_output,model_permaslug,total_tokens,50,50,50,86,36,1.72,9,6,0,not_identified
week,2026-08-11,current_catalog_text_output,model_permaslug,total_tokens,51,51,51,87,36,1.7058823529411764,9,6,0,not_identified
week,2026-08-11,current_catalog_text_output,model_permaslug,total_tokens,52,52,52,88,36,1.6923076923076923,9,6,0,not_identified
week,2026-08-11,current_catalog_text_output,model_permaslug,total_tokens,53,53,53,89,36,1.679245283018868,10,6,0,not_identified
week,2026-08-11,current_catalog_text_output,model_permaslug,total_tokens,54,54,54,91,37,1.6851851851851851,10,6,0,not_identified
week,2026-08-11,current_catalog_text_output,model_permaslug,total_tokens,55,55,55,93,38,1.690909090909091,10,6,0,not_identified
week,2026-08-11,current_catalog_text_output,model_permaslug,total_tokens,56,56,56,94,38,1.6785714285714286,10,6,0,not_identified
week,2026-08-11,current_catalog_text_output,model_permaslug,total_tokens,57,57,57,95,38,1.6666666666666667,10,6,0,not_identified
week,2026-08-11,current_catalog_text_output,model_permaslug,total_tokens,58,58,58,97,39,1.6724137931034482,10,6,0,not_identified
week,2026-08-11,current_catalog_text_output,model_permaslug,total_tokens,59,59,59,98,39,1.6610169491525424,10,6,0,not_identified
week,2026-08-11,current_catalog_text_output,model_permaslug,total_tokens,60,60,60,99,39,1.65,10,6,0,not_identified
week,2026-08-11,current_catalog_text_output,model_permaslug,total_tokens,61,61,61,101,40,1.6557377049180328,10,6,0,not_identified
week,2026-08-11,current_catalog_text_output,model_permaslug,total_tokens,62,62,62,103,41,1.6612903225806452,10,6,0,not_identified
week,2026-08-11,current_catalog_text_output,model_permaslug,total_tokens,63,63,63,104,41,1.6507936507936507,10,6,0,not_identified
week,2026-08-11,current_catalog_text_output,model_permaslug,total_tokens,64,64,64,105,41,1.640625,10,6,0,not_identified
week,2026-08-11,current_catalog_text_output,model_permaslug,total_tokens,65,65,65,106,41,1.6307692307692307,10,6,0,not_identified
week,2026-08-11,current_catalog_text_output,model_permaslug,total_tokens,66,66,66,108,42,1.6363636363636365,10,6,0,not_identified
week,2026-08-11,current_catalog_text_output,model_permaslug,total_tokens,67,67,67,109,42,1.626865671641791,10,6,0,not_identified
week,2026-08-11,current_catalog_text_output,model_permaslug,total_tokens,68,68,68,110,42,1.6176470588235294,10,6,0,not_identified
week,2026-08-11,current_catalog_text_output,model_permaslug,total_tokens,69,69,69,111,42,1.608695652173913,11,6,0,not_identified
week,2026-08-11,current_catalog_text_output,model_permaslug,total_tokens,70,70,70,113,43,1.6142857142857143,11,6,0,not_identified
week,2026-08-11,current_catalog_text_output,model_permaslug,total_tokens,71,71,71,115,44,1.619718309859155,11,6,0,not_identified
week,2026-08-11,current_catalog_text_output,model_permaslug,total_tokens,72,72,72,116,44,1.6111111111111112,11,6,0,not_identified
week,2026-08-11,current_catalog_text_output,model_permaslug,total_tokens,73,73,73,117,44,1.6027397260273972,12,6,0,not_identified
week,2026-08-11,current_catalog_text_output,model_permaslug,total_tokens,74,74,74,119,45,1.6081081081081081,12,6,0,not_identified
week,2026-08-11,current_catalog_text_output,model_permaslug,total_tokens,75,75,75,120,45,1.6,12,6,0,not_identified
week,2026-08-11,current_catalog_text_output,model_permaslug,total_tokens,76,76,76,121,45,1.5921052631578947,12,6,0,not_identified
week,2026-08-11,current_catalog_text_output,model_permaslug,total_tokens,77,77,77,123,46,1.5974025974025974,12,6,0,not_identified
week,2026-08-11,current_catalog_text_output,model_permaslug,total_tokens,78,78,78,124,46,1.5897435897435896,13,6,0,not_identified
week,2026-08-11,current_catalog_text_output,model_permaslug,total_tokens,79,79,79,125,46,1.5822784810126582,13,6,0,not_identified
week,2026-08-11,current_catalog_text_output,model_permaslug,total_tokens,80,80,80,126,46,1.575,13,6,0,not_identified
week,2026-08-11,current_catalog_text_output,model_permaslug,total_tokens,81,81,81,128,47,1.5802469135802468,13,6,0,not_identified
week,2026-08-11,current_catalog_text_output,model_permaslug,total_tokens,82,82,82,129,47,1.5731707317073171,13,6,0,not_identified
week,2026-08-11,current_catalog_text_output,model_permaslug,total_tokens,83,83,83,130,47,1.5662650602409638,13,6,0,not_identified
week,2026-08-11,current_catalog_text_output,model_permaslug,total_tokens,84,84,84,132,48,1.5714285714285714,13,6,0,not_identified
week,2026-08-11,current_catalog_text_output,model_permaslug,total_tokens,85,85,85,133,48,1.5647058823529412,13,6,0,not_identified
week,2026-08-11,current_catalog_text_output,model_permaslug,total_tokens,86,86,86,134,48,1.558139534883721,13,6,0,not_identified
week,2026-08-11,current_catalog_text_output,model_permaslug,total_tokens,87,87,87,135,48,1.5517241379310345,13,6,0,not_identified
week,2026-08-11,current_catalog_text_output,model_permaslug,total_tokens,88,88,88,136,48,1.5454545454545454,13,6,0,not_identified
week,2026-08-11,current_catalog_text_output,model_permaslug,total_tokens,89,89,89,137,48,1.5393258426966292,13,6,0,not_identified
week,2026-08-11,current_catalog_text_output,model_permaslug,total_tokens,90,90,90,138,48,1.5333333333333334,13,6,0,not_identified
week,2026-08-11,current_catalog_text_output,model_permaslug,total_tokens,91,91,91,139,48,1.5274725274725274,13,6,0,not_identified
week,2026-08-11,current_catalog_text_output,model_permaslug,total_tokens,92,92,92,140,48,1.5217391304347827,13,6,0,not_identified
week,2026-08-11,current_catalog_text_output,model_permaslug,total_tokens,93,93,93,142,49,1.5268817204301075,13,6,0,not_identified
week,2026-08-11,current_catalog_text_output,model_permaslug,total_tokens,94,94,94,143,49,1.5212765957446808,13,6,0,not_identified
week,2026-08-11,current_catalog_text_output,model_permaslug,total_tokens,95,95,95,144,49,1.5157894736842106,13,6,0,not_identified
week,2026-08-11,current_catalog_text_output,model_permaslug,total_tokens,96,96,96,145,49,1.5104166666666667,13,6,0,not_identified
week,2026-08-11,current_catalog_text_output,model_permaslug,total_tokens,97,97,97,146,49,1.5051546391752577,13,6,0,not_identified
week,2026-08-11,current_catalog_text_output,model_permaslug,total_tokens,98,98,98,147,49,1.5,13,6,0,not_identified
week,2026-08-11,current_catalog_text_output,model_permaslug,total_tokens,99,99,99,149,50,1.505050505050505,13,6,0,not_identified
week,2026-08-11,current_catalog_text_output,model_permaslug,total_tokens,100,100,100,150,50,1.5,13,6,0,not_identified
week,2026-08-11,current_catalog_text_output,model_permaslug,total_tokens,101,101,101,151,50,1.495049504950495,14,6,0,not_identified
week,2026-08-11,current_catalog_text_output,model_permaslug,total_tokens,102,102,102,152,50,1.4901960784313726,14,6,0,not_identified
week,2026-08-11,current_catalog_text_output,model_permaslug,total_tokens,103,103,103,153,50,1.4854368932038835,14,6,0,not_identified
week,2026-08-11,current_catalog_text_output,model_permaslug,total_tokens,104,104,104,154,50,1.4807692307692308,14,6,0,not_identified
week,2026-08-11,current_catalog_text_output,model_permaslug,total_tokens,105,105,105,155,50,1.4761904761904763,14,6,0,not_identified
week,2026-08-11,current_catalog_text_output,model_permaslug,total_tokens,106,106,106,156,50,1.471698113207547,14,6,0,not_identified
week,2026-08-11,current_catalog_text_output,model_permaslug,total_tokens,107,107,107,157,50,1.4672897196261683,14,6,0,not_identified
week,2026-08-11,current_catalog_text_output,model_permaslug,total_tokens,108,108,108,158,50,1.462962962962963,14,6,0,not_identified
week,2026-08-11,current_catalog_text_output,model_permaslug,total_tokens,109,109,109,159,50,1.4587155963302751,14,6,0,not_identified
week,2026-08-11,current_catalog_text_output,model_permaslug,total_tokens,110,110,110,161,51,1.4636363636363636,14,7,0,not_identified
week,2026-08-11,current_catalog_text_output,model_permaslug,total_tokens,111,111,111,162,51,1.4594594594594594,14,7,0,not_identified
week,2026-08-11,current_catalog_text_output,model_permaslug,total_tokens,112,112,112,163,51,1.4553571428571428,14,7,0,not_identified
week,2026-08-11,current_catalog_text_output,model_permaslug,total_tokens,113,113,113,165,52,1.4601769911504425,14,7,0,not_identified
week,2026-08-11,current_catalog_text_output,model_permaslug,total_tokens,114,114,114,166,52,1.456140350877193,14,7,0,not_identified
week,2026-08-11,current_catalog_text_output,model_permaslug,total_tokens,115,115,115,168,53,1.4608695652173913,14,7,0,not_identified
week,2026-08-11,current_catalog_text_output,model_permaslug,total_tokens,116,116,116,169,53,1.456896551724138,14,7,0,not_identified
week,2026-08-11,current_catalog_text_output,model_permaslug,total_tokens,117,117,117,170,53,1.452991452991453,14,7,0,not_identified
week,2026-08-11,current_catalog_text_output,model_permaslug,total_tokens,118,118,118,171,53,1.4491525423728813,14,7,0,not_identified
week,2026-08-11,current_catalog_text_output,model_permaslug,total_tokens,119,119,119,172,53,1.4453781512605042,14,7,0,not_identified
week,2026-08-11,current_catalog_text_output,model_permaslug,total_tokens,120,120,120,173,53,1.4416666666666667,14,7,0,not_identified
week,2026-08-11,current_catalog_text_output,model_permaslug,total_tokens,121,121,121,175,54,1.4462809917355373,14,7,0,not_identified
week,2026-08-11,current_catalog_text_output,model_permaslug,total_tokens,122,122,122,176,54,1.4426229508196722,14,7,0,not_identified
week,2026-08-11,current_catalog_text_output,model_permaslug,total_tokens,123,123,123,178,55,1.4471544715447155,14,7,0,not_identified
week,2026-08-11,current_catalog_text_output,model_permaslug,total_tokens,124,124,124,179,55,1.4435483870967742,14,7,0,not_identified
week,2026-08-11,current_catalog_text_output,model_permaslug,total_tokens,125,125,125,180,55,1.44,14,7,0,not_identified
week,2026-08-11,current_catalog_text_output,model_permaslug,total_tokens,126,126,126,181,55,1.4365079365079365,14,7,0,not_identified
week,2026-08-11,current_catalog_text_output,model_permaslug,total_tokens,127,127,127,182,55,1.4330708661417322,14,7,0,not_identified
week,2026-08-11,current_catalog_text_output,model_permaslug,total_tokens,128,128,128,183,55,1.4296875,14,7,0,not_identified
week,2026-08-11,current_catalog_text_output,model_permaslug,total_tokens,129,129,129,184,55,1.426356589147287,14,7,0,not_identified
week,2026-08-11,current_catalog_text_output,model_permaslug,total_tokens,130,130,130,185,55,1.4230769230769231,14,7,0,not_identified
week,2026-08-11,current_catalog_text_output,model_permaslug,total_tokens,131,131,131,186,55,1.4198473282442747,14,7,0,not_identified
week,2026-08-11,current_catalog_text_output,model_permaslug,total_tokens,132,132,132,187,55,1.4166666666666667,14,7,0,not_identified
week,2026-08-11,current_catalog_text_output,model_permaslug,total_tokens,133,133,133,188,55,1.413533834586466,14,7,0,not_identified
week,2026-08-11,current_catalog_text_output,model_permaslug,total_tokens,134,134,134,189,55,1.4104477611940298,14,7,0,not_identified
week,2026-08-11,current_catalog_text_output,model_permaslug,total_tokens,135,135,135,190,55,1.4074074074074074,14,7,0,not_identified
week,2026-08-11,current_catalog_text_output,model_permaslug,total_tokens,136,136,136,191,55,1.4044117647058822,14,7,0,not_identified
week,2026-08-11,current_catalog_text_output,model_permaslug,total_tokens,137,137,137,192,55,1.4014598540145986,14,7,0,not_identified
week,2026-08-11,current_catalog_text_output,model_permaslug,total_tokens,138,138,138,193,55,1.3985507246376812,14,7,0,not_identified
week,2026-08-11,current_catalog_text_output,model_permaslug,total_tokens,139,139,139,194,55,1.39568345323741,14,7,0,not_identified
week,2026-08-11,current_catalog_text_output,model_permaslug,total_tokens,140,140,140,195,55,1.3928571428571428,14,7,0,not_identified
week,2026-08-11,current_catalog_text_output,model_permaslug,total_tokens,141,141,141,197,56,1.3971631205673758,14,7,0,not_identified
week,2026-08-11,current_catalog_text_output,model_permaslug,total_tokens,142,142,142,198,56,1.3943661971830985,14,7,0,not_identified
week,2026-08-11,current_catalog_text_output,model_permaslug,total_tokens,143,143,143,199,56,1.3916083916083917,14,7,0,not_identified
week,2026-08-11,current_catalog_text_output,model_permaslug,total_tokens,144,144,144,200,56,1.3888888888888888,14,7,0,not_identified
week,2026-08-11,current_catalog_text_output,model_permaslug,total_tokens,145,145,145,201,56,1.3862068965517242,14,7,0,not_identified
week,2026-08-11,current_catalog_text_output,model_permaslug,total_tokens,146,146,146,202,56,1.3835616438356164,14,7,0,not_identified
week,2026-08-11,current_catalog_text_output,model_permaslug,total_tokens,147,147,147,203,56,1.380952380952381,14,8,0,not_identified
week,2026-08-11,current_catalog_text_output,model_permaslug,total_tokens,148,148,148,204,56,1.3783783783783783,14,8,0,not_identified
week,2026-08-11,current_catalog_text_output,model_permaslug,total_tokens,149,149,149,205,56,1.3758389261744965,14,8,0,not_identified
week,2026-08-11,current_catalog_text_output,model_permaslug,total_tokens,150,150,150,206,56,1.3733333333333333,14,8,0,not_identified
week,2026-08-11,current_catalog_text_output,model_permaslug,total_tokens,151,151,151,207,56,1.3708609271523178,14,8,0,not_identified
week,2026-08-11,current_catalog_text_output,model_permaslug,total_tokens,152,152,152,208,56,1.368421052631579,14,8,0,not_identified
week,2026-08-11,current_catalog_text_output,model_permaslug,total_tokens,153,153,153,209,56,1.3660130718954249,14,8,0,not_identified
week,2026-08-11,current_catalog_text_output,model_permaslug,total_tokens,154,154,154,210,56,1.3636363636363635,14,8,0,not_identified
week,2026-08-11,current_catalog_text_output,model_permaslug,total_tokens,155,155,155,211,56,1.3612903225806452,14,8,0,not_identified
week,2026-08-11,current_catalog_text_output,model_permaslug,total_tokens,156,156,156,212,56,1.358974358974359,14,8,0,not_identified
week,2026-08-11,current_catalog_text_output,model_permaslug,total_tokens,157,157,157,213,56,1.356687898089172,14,8,0,not_identified
week,2026-08-11,current_catalog_text_output,model_permaslug,total_tokens,158,158,158,214,56,1.3544303797468353,14,8,0,not_identified
week,2026-08-11,current_catalog_text_output,model_permaslug,total_tokens,159,159,159,215,56,1.3522012578616351,14,8,0,not_identified
week,2026-08-11,current_catalog_text_output,model_permaslug,total_tokens,160,160,160,216,56,1.35,14,8,0,not_identified
week,2026-08-11,current_catalog_text_output,model_permaslug,total_tokens,161,161,161,217,56,1.3478260869565217,14,8,0,not_identified
week,2026-08-11,current_catalog_text_output,model_permaslug,total_tokens,162,162,162,218,56,1.345679012345679,14,8,0,not_identified
week,2026-08-11,current_catalog_text_output,model_permaslug,total_tokens,163,163,163,219,56,1.343558282208589,14,8,0,not_identified
week,2026-08-11,current_catalog_text_output,model_permaslug,total_tokens,164,164,164,220,56,1.3414634146341464,14,8,0,not_identified
week,2026-08-11,current_catalog_text_output,model_permaslug,total_tokens,165,165,165,221,56,1.3393939393939394,14,8,0,not_identified
week,2026-08-11,current_catalog_text_output,model_permaslug,total_tokens,166,166,166,222,56,1.3373493975903614,14,8,0,not_identified
week,2026-08-11,current_catalog_text_output,model_permaslug,total_tokens,167,167,167,223,56,1.3353293413173652,14,8,0,not_identified
week,2026-08-11,current_catalog_text_output,model_permaslug,total_tokens,168,168,168,224,56,1.3333333333333333,14,8,0,not_identified
week,2026-08-11,current_catalog_text_output,model_permaslug,total_tokens,169,169,169,225,56,1.331360946745562,14,8,0,not_identified
week,2026-08-11,current_catalog_text_output,model_permaslug,total_tokens,170,170,170,226,56,1.3294117647058823,14,8,0,not_identified
week,2026-08-11,current_catalog_text_output,model_permaslug,total_tokens,171,171,171,227,56,1.327485380116959,14,8,0,not_identified
week,2026-08-11,current_catalog_text_output,model_permaslug,total_tokens,172,172,172,228,56,1.3255813953488371,14,8,0,not_identified
week,2026-08-11,current_catalog_text_output,model_permaslug,total_tokens,173,173,173,229,56,1.323699421965318,14,8,0,not_identified
week,2026-08-11,current_catalog_text_output,model_permaslug,total_tokens,174,174,174,230,56,1.3218390804597702,14,8,0,not_identified
week,2026-08-11,current_catalog_text_output,model_permaslug,total_tokens,175,175,175,231,56,1.32,14,8,0,not_identified
week,2026-08-11,current_catalog_text_output,model_permaslug,total_tokens,176,176,176,232,56,1.3181818181818181,14,8,0,not_identified
week,2026-08-11,current_catalog_text_output,model_permaslug,total_tokens,177,177,177,233,56,1.3163841807909604,14,8,0,not_identified
week,2026-08-11,current_catalog_text_output,model_permaslug,total_tokens,178,178,178,234,56,1.3146067415730338,14,8,0,not_identified
week,2026-08-11,current_catalog_text_output,model_permaslug,total_tokens,179,179,179,235,56,1.312849162011173,14,8,0,not_identified
week,2026-08-11,current_catalog_text_output,model_permaslug,total_tokens,180,180,180,236,56,1.3111111111111111,14,8,0,not_identified
week,2026-08-11,current_catalog_text_output,model_permaslug,total_tokens,181,181,181,237,56,1.3093922651933703,14,8,0,not_identified
week,2026-08-11,current_catalog_text_output,model_permaslug,total_tokens,182,182,182,238,56,1.3076923076923077,14,8,0,not_identified
week,2026-08-11,current_catalog_text_output,model_permaslug,total_tokens,183,183,183,239,56,1.3060109289617485,14,8,0,not_identified
week,2026-08-11,current_catalog_text_output,model_permaslug,total_tokens,184,184,184,240,56,1.3043478260869565,14,8,0,not_identified
week,2026-08-11,current_catalog_text_output,model_permaslug,total_tokens,185,185,185,241,56,1.3027027027027027,14,8,0,not_identified
week,2026-08-11,current_catalog_text_output,model_permaslug,total_tokens,186,186,186,242,56,1.3010752688172043,14,8,0,not_identified
week,2026-08-11,current_catalog_text_output,model_permaslug,total_tokens,187,187,187,243,56,1.2994652406417113,14,8,0,not_identified
week,2026-08-11,current_catalog_text_output,model_permaslug,total_tokens,188,188,188,244,56,1.297872340425532,14,8,0,not_identified
week,2026-08-11,current_catalog_text_output,model_permaslug,total_tokens,189,189,189,245,56,1.2962962962962963,14,8,0,not_identified
week,2026-08-11,current_catalog_text_output,model_permaslug,total_tokens,190,190,190,246,56,1.2947368421052632,14,8,0,not_identified
week,2026-08-11,current_catalog_text_output,model_permaslug,total_tokens,191,191,191,247,56,1.293193717277487,14,8,0,not_identified
week,2026-08-11,current_catalog_text_output,model_permaslug,total_tokens,192,192,192,248,56,1.2916666666666667,14,8,0,not_identified
week,2026-08-11,current_catalog_text_output,model_permaslug,total_tokens,193,193,193,249,56,1.2901554404145077,14,8,0,not_identified
week,2026-08-11,current_catalog_text_output,model_permaslug,total_tokens,194,194,194,250,56,1.288659793814433,14,8,0,not_identified
week,2026-08-11,current_catalog_text_output,model_permaslug,total_tokens,195,195,195,251,56,1.2871794871794873,14,8,0,not_identified
week,2026-08-11,current_catalog_text_output,model_permaslug,total_tokens,196,196,196,252,56,1.2857142857142858,14,8,0,not_identified
week,2026-08-11,current_catalog_text_output,model_permaslug,total_tokens,197,197,197,253,56,1.284263959390863,14,8,0,not_identified
week,2026-08-11,current_catalog_text_output,model_permaslug,total_tokens,198,198,198,254,56,1.2828282828282829,14,8,0,not_identified
week,2026-08-11,current_catalog_text_output,model_permaslug,total_tokens,199,199,199,255,56,1.2814070351758795,14,8,0,not_identified
week,2026-08-11,current_catalog_text_output,model_permaslug,total_tokens,200,200,200,256,56,1.28,14,8,0,not_identified
week,2026-08-11,current_catalog_text_output,model_permaslug,total_tokens,201,201,201,257,56,1.2786069651741294,14,9,0,not_identified
week,2026-08-11,current_catalog_text_output,model_permaslug,total_tokens,202,202,202,258,56,1.2772277227722773,14,9,0,not_identified
week,2026-08-11,current_catalog_text_output,model_permaslug,total_tokens,203,203,203,259,56,1.2758620689655173,14,9,0,not_identified
week,2026-08-11,current_catalog_text_output,model_permaslug,total_tokens,204,204,204,260,56,1.2745098039215685,14,9,0,not_identified
week,2026-08-11,current_catalog_text_output,model_permaslug,total_tokens,205,205,205,261,56,1.273170731707317,14,9,0,not_identified
week,2026-08-11,current_catalog_text_output,model_permaslug,total_tokens,206,206,206,262,56,1.2718446601941749,14,9,0,not_identified
week,2026-08-11,current_catalog_text_output,model_permaslug,total_tokens,207,207,207,263,56,1.2705314009661837,14,9,0,not_identified
week,2026-08-11,current_catalog_text_output,model_permaslug,total_tokens,208,208,208,264,56,1.2692307692307692,14,9,0,not_identified
week,2026-08-11,current_catalog_text_output,model_permaslug,total_tokens,209,209,209,265,56,1.2679425837320575,14,9,0,not_identified
week,2026-08-11,current_catalog_text_output,model_permaslug,total_tokens,210,210,210,266,56,1.2666666666666666,14,9,0,not_identified
week,2026-08-11,current_catalog_text_output,model_permaslug,total_tokens,211,211,211,267,56,1.2654028436018958,14,9,0,not_identified
week,2026-08-11,current_catalog_text_output,model_permaslug,total_tokens,212,212,212,268,56,1.2641509433962264,14,9,0,not_identified
week,2026-08-11,current_catalog_text_output,model_permaslug,total_tokens,213,213,213,270,57,1.267605633802817,14,9,0,not_identified
week,2026-08-11,current_catalog_text_output,model_permaslug,total_tokens,214,214,214,271,57,1.266355140186916,14,9,0,not_identified
week,2026-08-11,current_catalog_text_output,model_permaslug,total_tokens,215,215,215,272,57,1.2651162790697674,14,9,0,not_identified
week,2026-08-11,current_catalog_text_output,model_permaslug,total_tokens,216,216,216,273,57,1.2638888888888888,14,9,0,not_identified
week,2026-08-11,current_catalog_text_output,model_permaslug,total_tokens,217,217,217,274,57,1.262672811059908,14,9,0,not_identified
week,2026-08-11,current_catalog_text_output,model_permaslug,total_tokens,218,218,218,275,57,1.261467889908257,14,9,0,not_identified
week,2026-08-11,current_catalog_text_output,model_permaslug,total_tokens,219,219,219,277,58,1.264840182648402,14,9,0,not_identified
week,2026-08-11,current_catalog_text_output,model_permaslug,total_tokens,220,220,220,278,58,1.2636363636363637,14,10,0,not_identified
week,2026-08-11,current_catalog_text_output,model_permaslug,total_tokens,221,221,221,279,58,1.262443438914027,14,10,0,not_identified
week,2026-08-11,current_catalog_text_output,model_permaslug,total_tokens,222,222,222,280,58,1.2612612612612613,14,10,0,not_identified
week,2026-08-11,current_catalog_text_output,model_permaslug,total_tokens,223,223,223,281,58,1.2600896860986548,14,10,0,not_identified
week,2026-08-11,current_catalog_text_output,model_permaslug,total_tokens,224,224,224,282,58,1.2589285714285714,14,10,0,not_identified
week,2026-08-11,current_catalog_text_output,model_permaslug,total_tokens,225,225,225,283,58,1.2577777777777779,14,10,0,not_identified
week,2026-08-11,current_catalog_text_output,model_permaslug,total_tokens,226,226,226,284,58,1.2566371681415929,15,10,0,not_identified
week,2026-08-11,current_catalog_text_output,model_permaslug,total_tokens,227,227,227,285,58,1.2555066079295154,15,10,0,not_identified
week,2026-08-11,current_catalog_text_output,model_permaslug,total_tokens,228,228,228,286,58,1.2543859649122806,15,10,0,not_identified
week,2026-08-11,current_catalog_text_output,model_permaslug,total_tokens,229,229,229,287,58,1.2532751091703056,15,10,0,not_identified
week,2026-08-11,current_catalog_text_output,model_permaslug,total_tokens,230,230,230,288,58,1.2521739130434784,15,10,0,not_identified
week,2026-08-11,current_catalog_text_output,model_permaslug,total_tokens,231,231,231,289,58,1.251082251082251,15,10,0,not_identified
week,2026-08-11,current_catalog_text_output,model_permaslug,total_tokens,232,232,232,290,58,1.25,15,10,0,not_identified
week,2026-08-11,current_catalog_text_output,model_permaslug,total_tokens,233,233,233,291,58,1.2489270386266094,15,10,0,not_identified
week,2026-08-11,current_catalog_text_output,model_permaslug,total_tokens,234,234,234,293,59,1.2521367521367521,15,10,0,not_identified
week,2026-08-11,current_catalog_text_output,model_permaslug,total_tokens,235,235,235,294,59,1.251063829787234,15,10,0,not_identified
week,2026-08-11,current_catalog_text_output,model_permaslug,total_tokens,236,236,236,295,59,1.25,15,10,0,not_identified
week,2026-08-11,current_catalog_text_output,model_permaslug,total_tokens,237,237,237,296,59,1.248945147679325,15,10,0,not_identified
week,2026-08-11,current_catalog_text_output,model_permaslug,total_tokens,238,238,238,297,59,1.2478991596638656,15,10,0,not_identified
week,2026-08-11,current_catalog_text_output,model_permaslug,total_tokens,239,239,239,298,59,1.2468619246861925,15,11,0,not_identified
week,2026-08-11,current_catalog_text_output,model_permaslug,total_tokens,240,240,240,299,59,1.2458333333333333,15,11,0,not_identified
week,2026-08-11,current_catalog_text_output,model_permaslug,total_tokens,241,241,241,300,59,1.2448132780082988,15,11,0,not_identified
week,2026-08-11,current_catalog_text_output,model_permaslug,total_tokens,242,242,242,301,59,1.243801652892562,15,11,0,not_identified
week,2026-08-11,current_catalog_text_output,model_permaslug,total_tokens,243,243,243,302,59,1.242798353909465,15,11,0,not_identified
week,2026-08-11,current_catalog_text_output,model_permaslug,total_tokens,244,244,244,303,59,1.2418032786885247,15,11,0,not_identified
week,2026-08-11,current_catalog_text_output,model_permaslug,total_tokens,245,245,245,304,59,1.2408163265306122,15,11,0,not_identified
week,2026-08-11,current_catalog_text_output,model_permaslug,total_tokens,246,246,246,305,59,1.2398373983739837,15,11,0,not_identified
week,2026-08-11,current_catalog_text_output,model_permaslug,total_tokens,247,247,247,307,60,1.242914979757085,15,11,0,not_identified
week,2026-08-11,current_catalog_text_output,model_permaslug,total_tokens,248,248,248,308,60,1.2419354838709677,15,11,0,not_identified
week,2026-08-11,current_catalog_text_output,model_permaslug,total_tokens,249,249,249,309,60,1.2409638554216869,15,11,0,not_identified
week,2026-08-11,current_catalog_text_output,model_permaslug,total_tokens,250,250,250,310,60,1.24,15,11,0,not_identified
week,2026-08-11,current_catalog_text_output,model_permaslug,total_tokens,251,251,251,311,60,1.2390438247011952,15,11,0,not_identified
week,2026-08-11,current_catalog_text_output,model_permaslug,total_tokens,252,252,252,312,60,1.2380952380952381,15,11,0,not_identified
week,2026-08-11,current_catalog_text_output,model_permaslug,total_tokens,253,253,253,313,60,1.2371541501976284,15,11,0,not_identified
week,2026-08-11,current_catalog_text_output,model_permaslug,total_tokens,254,254,254,314,60,1.236220472440945,15,11,0,not_identified
week,2026-08-11,current_catalog_text_output,model_permaslug,total_tokens,255,255,255,315,60,1.2352941176470589,15,11,0,not_identified
week,2026-08-11,current_catalog_text_output,model_permaslug,total_tokens,256,256,256,316,60,1.234375,15,11,0,not_identified
week,2026-08-11,current_catalog_text_output,model_permaslug,total_tokens,257,257,257,317,60,1.2334630350194553,15,11,0,not_identified
week,2026-08-11,current_catalog_text_output,model_permaslug,total_tokens,258,258,258,318,60,1.2325581395348837,15,12,0,not_identified
week,2026-08-11,current_catalog_text_output,model_permaslug,total_tokens,259,259,259,319,60,1.2316602316602316,15,12,0,not_identified
week,2026-08-11,current_catalog_text_output,model_permaslug,total_tokens,260,260,260,320,60,1.2307692307692308,15,12,0,not_identified
week,2026-08-11,current_catalog_text_output,model_permaslug,total_tokens,261,261,261,321,60,1.2298850574712643,15,12,0,not_identified
week,2026-08-11,current_catalog_text_output,model_permaslug,total_tokens,262,262,262,322,60,1.2290076335877862,15,12,0,not_identified
week,2026-08-11,current_catalog_text_output,model_permaslug,total_tokens,263,263,263,323,60,1.2281368821292775,15,12,0,not_identified
week,2026-08-11,current_catalog_text_output,model_permaslug,total_tokens,264,264,264,324,60,1.2272727272727273,15,12,0,not_identified
week,2026-08-11,current_catalog_text_output,model_permaslug,total_tokens,265,265,265,325,60,1.2264150943396226,15,12,0,not_identified
week,2026-08-11,current_catalog_text_output,model_permaslug,total_tokens,266,266,266,326,60,1.2255639097744362,15,12,0,not_identified
week,2026-08-11,current_catalog_text_output,model_permaslug,total_tokens,267,267,267,327,60,1.2247191011235956,15,12,0,not_identified
week,2026-08-11,current_catalog_text_output,model_permaslug,total_tokens,268,268,268,328,60,1.2238805970149254,15,12,0,not_identified
week,2026-08-11,current_catalog_text_output,model_permaslug,total_tokens,269,269,269,329,60,1.2230483271375465,15,12,0,not_identified
week,2026-08-11,current_catalog_text_output,model_permaslug,total_tokens,270,270,270,331,61,1.2259259259259259,15,12,0,not_identified
week,2026-08-11,current_catalog_text_output,model_permaslug,total_tokens,271,271,271,332,61,1.2250922509225093,15,12,0,not_identified
week,2026-08-11,current_catalog_text_output,model_permaslug,total_tokens,272,272,272,333,61,1.224264705882353,15,12,0,not_identified
week,2026-08-11,current_catalog_text_output,model_permaslug,total_tokens,273,273,273,334,61,1.2234432234432235,15,12,0,not_identified
week,2026-08-11,current_catalog_text_output,model_permaslug,total_tokens,274,274,274,335,61,1.2226277372262773,15,12,0,not_identified
week,2026-08-11,current_catalog_text_output,model_permaslug,total_tokens,275,275,275,336,61,1.221818181818182,15,12,0,not_identified
week,2026-08-11,current_catalog_text_output,model_permaslug,total_tokens,276,276,276,337,61,1.2210144927536233,15,13,0,not_identified
week,2026-08-11,current_catalog_text_output,model_permaslug,total_tokens,277,277,277,338,61,1.220216606498195,15,13,0,not_identified
week,2026-08-11,current_catalog_text_output,model_permaslug,total_tokens,278,278,278,339,61,1.2194244604316546,15,13,0,not_identified
week,2026-08-11,current_catalog_text_output,model_permaslug,total_tokens,279,279,279,340,61,1.2186379928315412,15,13,0,not_identified
week,2026-08-11,current_catalog_text_output,model_permaslug,total_tokens,280,280,280,341,61,1.2178571428571427,15,13,0,not_identified
week,2026-08-11,current_catalog_text_output,model_permaslug,total_tokens,281,281,281,342,61,1.217081850533808,15,13,0,not_identified
week,2026-08-11,current_catalog_text_output,model_permaslug,total_tokens,282,282,282,343,61,1.2163120567375887,15,13,0,not_identified
week,2026-08-11,current_catalog_text_output,model_permaslug,total_tokens,283,283,283,344,61,1.215547703180212,15,13,0,not_identified
week,2026-08-11,current_catalog_text_output,model_permaslug,total_tokens,284,284,284,345,61,1.2147887323943662,15,13,0,not_identified
week,2026-08-11,current_catalog_text_output,model_permaslug,total_tokens,285,285,285,346,61,1.2140350877192982,15,13,0,not_identified
week,2026-08-11,current_catalog_text_output,model_permaslug,total_tokens,286,286,286,347,61,1.2132867132867133,15,13,0,not_identified
week,2026-08-11,current_catalog_text_output,model_permaslug,total_tokens,287,287,287,348,61,1.2125435540069687,15,13,0,not_identified
week,2026-08-11,current_catalog_text_output,model_permaslug,total_tokens,288,288,288,349,61,1.2118055555555556,15,13,0,not_identified
week,2026-08-11,current_catalog_text_output,model_permaslug,total_tokens,289,289,289,350,61,1.2110726643598615,15,13,0,not_identified
week,2026-08-11,current_catalog_text_output,model_permaslug,total_tokens,290,290,290,351,61,1.210344827586207,15,13,0,not_identified
week,2026-08-11,current_catalog_text_output,model_permaslug,total_tokens,291,291,291,352,61,1.2096219931271477,15,13,0,not_identified
week,2026-08-11,current_catalog_text_output,model_permaslug,total_tokens,292,292,292,353,61,1.2089041095890412,15,13,0,not_identified
week,2026-08-11,current_catalog_text_output,model_permaslug,total_tokens,293,293,293,354,61,1.2081911262798635,15,13,0,not_identified
week,2026-08-11,current_catalog_text_output,model_permaslug,total_tokens,294,294,294,355,61,1.2074829931972788,15,13,0,not_identified
week,2026-08-11,current_catalog_text_output,model_permaslug,total_tokens,295,295,295,356,61,1.2067796610169492,15,13,0,not_identified
week,2026-08-11,current_catalog_text_output,model_permaslug,total_tokens,296,296,296,357,61,1.2060810810810811,15,13,0,not_identified
week,2026-08-11,current_catalog_text_output,model_permaslug,total_tokens,297,297,297,358,61,1.2053872053872055,15,13,0,not_identified
week,2026-08-11,current_catalog_text_output,model_permaslug,total_tokens,298,298,298,359,61,1.2046979865771812,15,13,0,not_identified
week,2026-08-11,current_catalog_text_output,model_permaslug,total_tokens,299,299,299,360,61,1.2040133779264215,15,13,0,not_identified
week,2026-08-11,current_catalog_text_output,model_permaslug,total_tokens,300,300,300,361,61,1.2033333333333334,15,13,0,not_identified
week,2026-08-11,current_catalog_text_output,model_permaslug,total_tokens,301,301,301,362,61,1.2026578073089702,15,13,0,not_identified
week,2026-08-11,current_catalog_text_output,model_permaslug,total_tokens,302,302,302,363,61,1.2019867549668874,15,13,0,not_identified
week,2026-08-11,current_catalog_text_output,model_permaslug,total_tokens,303,303,303,364,61,1.2013201320132014,15,13,0,not_identified
week,2026-08-11,current_catalog_text_output,model_permaslug,total_tokens,304,304,304,365,61,1.200657894736842,15,13,0,not_identified
week,2026-08-11,current_catalog_text_output,model_permaslug,total_tokens,305,305,305,366,61,1.2,15,13,0,not_identified
week,2026-08-11,current_catalog_text_output,model_permaslug,total_tokens,306,306,306,367,61,1.1993464052287581,15,13,0,not_identified
week,2026-08-11,current_catalog_text_output,model_permaslug,total_tokens,307,307,307,368,61,1.1986970684039089,15,14,0,not_identified
week,2026-08-11,current_catalog_text_output,model_permaslug,total_tokens,308,308,308,369,61,1.198051948051948,15,14,0,not_identified
week,2026-08-11,current_catalog_text_output,model_permaslug,total_tokens,309,309,309,370,61,1.197411003236246,15,14,0,not_identified
week,2026-08-11,current_catalog_text_output,model_permaslug,total_tokens,310,310,310,371,61,1.196774193548387,15,14,0,not_identified
week,2026-08-11,current_catalog_text_output,model_permaslug,total_tokens,311,311,311,372,61,1.1961414790996785,15,14,0,not_identified
week,2026-08-11,current_catalog_text_output,model_permaslug,total_tokens,312,312,312,373,61,1.1955128205128205,15,14,0,not_identified
week,2026-08-11,current_catalog_text_output,model_permaslug,total_tokens,313,313,313,374,61,1.194888178913738,15,14,0,not_identified
week,2026-08-11,current_catalog_text_output,model_permaslug,total_tokens,314,314,314,375,61,1.194267515923567,15,14,0,not_identified
week,2026-08-11,current_catalog_text_output,model_permaslug,total_tokens,315,315,315,376,61,1.1936507936507936,16,14,0,not_identified
week,2026-08-11,current_catalog_text_output,model_permaslug,requests,1,1,1,1,0,1.0,1,1,0,not_identified
week,2026-08-11,current_catalog_text_output,model_permaslug,requests,2,2,2,2,0,1.0,1,1,0,not_identified
week,2026-08-11,current_catalog_text_output,model_permaslug,requests,3,3,3,4,1,1.3333333333333333,2,2,0,not_identified
week,2026-08-11,current_catalog_text_output,model_permaslug,requests,4,4,4,6,2,1.5,2,2,0,not_identified
week,2026-08-11,current_catalog_text_output,model_permaslug,requests,5,5,5,8,3,1.6,3,3,0,not_identified
week,2026-08-11,current_catalog_text_output,model_permaslug,requests,6,6,6,9,3,1.5,4,3,0,not_identified
week,2026-08-11,current_catalog_text_output,model_permaslug,requests,7,7,7,11,4,1.5714285714285714,4,3,0,not_identified
week,2026-08-11,current_catalog_text_output,model_permaslug,requests,8,8,8,13,5,1.625,4,3,0,not_identified
week,2026-08-11,current_catalog_text_output,model_permaslug,requests,9,9,9,14,5,1.5555555555555556,4,3,0,not_identified
week,2026-08-11,current_catalog_text_output,model_permaslug,requests,10,10,10,16,6,1.6,4,3,0,not_identified
week,2026-08-11,current_catalog_text_output,model_permaslug,requests,11,11,11,17,6,1.5454545454545454,4,3,0,not_identified
week,2026-08-11,current_catalog_text_output,model_permaslug,requests,12,12,12,19,7,1.5833333333333333,5,4,0,not_identified
week,2026-08-11,current_catalog_text_output,model_permaslug,requests,13,13,13,21,8,1.6153846153846154,5,4,0,not_identified
week,2026-08-11,current_catalog_text_output,model_permaslug,requests,14,14,14,22,8,1.5714285714285714,5,4,0,not_identified
week,2026-08-11,current_catalog_text_output,model_permaslug,requests,15,15,15,24,9,1.6,5,4,0,not_identified
week,2026-08-11,current_catalog_text_output,model_permaslug,requests,16,16,16,25,9,1.5625,5,5,0,not_identified
week,2026-08-11,current_catalog_text_output,model_permaslug,requests,17,17,17,26,9,1.5294117647058822,5,5,0,not_identified
week,2026-08-11,current_catalog_text_output,model_permaslug,requests,18,18,18,27,9,1.5,6,5,0,not_identified
week,2026-08-11,current_catalog_text_output,model_permaslug,requests,19,19,19,28,9,1.4736842105263157,7,5,0,not_identified
week,2026-08-11,current_catalog_text_output,model_permaslug,requests,20,20,20,30,10,1.5,7,5,0,not_identified
week,2026-08-11,current_catalog_text_output,model_permaslug,requests,21,21,21,32,11,1.5238095238095237,7,5,0,not_identified
week,2026-08-11,current_catalog_text_output,model_permaslug,requests,22,22,22,34,12,1.5454545454545454,7,5,0,not_identified
week,2026-08-11,current_catalog_text_output,model_permaslug,requests,23,23,23,36,13,1.565217391304348,8,5,0,not_identified
week,2026-08-11,current_catalog_text_output,model_permaslug,requests,24,24,24,38,14,1.5833333333333333,8,5,0,not_identified
week,2026-08-11,current_catalog_text_output,model_permaslug,requests,25,25,25,40,15,1.6,8,5,0,not_identified
week,2026-08-11,current_catalog_text_output,model_permaslug,requests,26,26,26,43,17,1.6538461538461537,8,5,0,not_identified
week,2026-08-11,current_catalog_text_output,model_permaslug,requests,27,27,27,44,17,1.6296296296296295,8,5,0,not_identified
week,2026-08-11,current_catalog_text_output,model_permaslug,requests,28,28,28,45,17,1.6071428571428572,9,5,0,not_identified
week,2026-08-11,current_catalog_text_output,model_permaslug,requests,29,29,29,46,17,1.5862068965517242,9,5,0,not_identified
week,2026-08-11,current_catalog_text_output,model_permaslug,requests,30,30,30,48,18,1.6,9,5,0,not_identified
week,2026-08-11,current_catalog_text_output,model_permaslug,requests,31,31,31,50,19,1.6129032258064515,9,5,0,not_identified
week,2026-08-11,current_catalog_text_output,model_permaslug,requests,32,32,32,51,19,1.59375,9,5,0,not_identified
week,2026-08-11,current_catalog_text_output,model_permaslug,requests,33,33,33,53,20,1.606060606060606,9,5,0,not_identified
week,2026-08-11,current_catalog_text_output,model_permaslug,requests,34,34,34,55,21,1.6176470588235294,9,5,0,not_identified
week,2026-08-11,current_catalog_text_output,model_permaslug,requests,35,35,35,56,21,1.6,10,5,0,not_identified
week,2026-08-11,current_catalog_text_output,model_permaslug,requests,36,36,36,57,21,1.5833333333333333,11,5,0,not_identified
week,2026-08-11,current_catalog_text_output,model_permaslug,requests,37,37,37,59,22,1.5945945945945945,11,5,0,not_identified
week,2026-08-11,current_catalog_text_output,model_permaslug,requests,38,38,38,60,22,1.5789473684210527,11,5,0,not_identified
week,2026-08-11,current_catalog_text_output,model_permaslug,requests,39,39,39,61,22,1.564102564102564,11,6,0,not_identified
week,2026-08-11,current_catalog_text_output,model_permaslug,requests,40,40,40,62,22,1.55,11,6,0,not_identified
week,2026-08-11,current_catalog_text_output,model_permaslug,requests,41,41,41,63,22,1.5365853658536586,11,6,0,not_identified
week,2026-08-11,current_catalog_text_output,model_permaslug,requests,42,42,42,65,23,1.5476190476190477,11,6,0,not_identified
week,2026-08-11,current_catalog_text_output,model_permaslug,requests,43,43,43,66,23,1.5348837209302326,11,6,0,not_identified
week,2026-08-11,current_catalog_text_output,model_permaslug,requests,44,44,44,68,24,1.5454545454545454,11,6,0,not_identified
week,2026-08-11,current_catalog_text_output,model_permaslug,requests,45,45,45,69,24,1.5333333333333334,11,6,0,not_identified
week,2026-08-11,current_catalog_text_output,model_permaslug,requests,46,46,46,71,25,1.5434782608695652,11,6,0,not_identified
week,2026-08-11,current_catalog_text_output,model_permaslug,requests,47,47,47,73,26,1.553191489361702,11,6,0,not_identified
week,2026-08-11,current_catalog_text_output,model_permaslug,requests,48,48,48,74,26,1.5416666666666667,11,6,0,not_identified
week,2026-08-11,current_catalog_text_output,model_permaslug,requests,49,49,49,75,26,1.530612244897959,11,6,0,not_identified
week,2026-08-11,current_catalog_text_output,model_permaslug,requests,50,50,50,77,27,1.54,11,6,0,not_identified
week,2026-08-11,current_catalog_text_output,model_permaslug,requests,51,51,51,78,27,1.5294117647058822,11,6,0,not_identified
week,2026-08-11,current_catalog_text_output,model_permaslug,requests,52,52,52,80,28,1.5384615384615385,11,6,0,not_identified
week,2026-08-11,current_catalog_text_output,model_permaslug,requests,53,53,53,81,28,1.528301886792453,11,6,0,not_identified
week,2026-08-11,current_catalog_text_output,model_permaslug,requests,54,54,54,82,28,1.5185185185185186,11,6,0,not_identified
week,2026-08-11,current_catalog_text_output,model_permaslug,requests,55,55,55,83,28,1.509090909090909,11,6,0,not_identified
week,2026-08-11,current_catalog_text_output,model_permaslug,requests,56,56,56,84,28,1.5,11,6,0,not_identified
week,2026-08-11,current_catalog_text_output,model_permaslug,requests,57,57,57,85,28,1.4912280701754386,12,6,0,not_identified
week,2026-08-11,current_catalog_text_output,model_permaslug,requests,58,58,58,87,29,1.5,12,6,0,not_identified
week,2026-08-11,current_catalog_text_output,model_permaslug,requests,59,59,59,88,29,1.4915254237288136,13,6,0,not_identified
week,2026-08-11,current_catalog_text_output,model_permaslug,requests,60,60,60,89,29,1.4833333333333334,13,6,0,not_identified
week,2026-08-11,current_catalog_text_output,model_permaslug,requests,61,61,61,91,30,1.4918032786885247,13,6,0,not_identified
week,2026-08-11,current_catalog_text_output,model_permaslug,requests,62,62,62,93,31,1.5,13,6,0,not_identified
week,2026-08-11,current_catalog_text_output,model_permaslug,requests,63,63,63,95,32,1.507936507936508,13,6,0,not_identified
week,2026-08-11,current_catalog_text_output,model_permaslug,requests,64,64,64,97,33,1.515625,13,6,0,not_identified
week,2026-08-11,current_catalog_text_output,model_permaslug,requests,65,65,65,98,33,1.5076923076923077,13,6,0,not_identified
week,2026-08-11,current_catalog_text_output,model_permaslug,requests,66,66,66,99,33,1.5,13,6,0,not_identified
week,2026-08-11,current_catalog_text_output,model_permaslug,requests,67,67,67,100,33,1.492537313432836,13,6,0,not_identified
week,2026-08-11,current_catalog_text_output,model_permaslug,requests,68,68,68,101,33,1.4852941176470589,13,6,0,not_identified
week,2026-08-11,current_catalog_text_output,model_permaslug,requests,69,69,69,103,34,1.4927536231884058,13,6,0,not_identified
week,2026-08-11,current_catalog_text_output,model_permaslug,requests,70,70,70,104,34,1.4857142857142858,13,6,0,not_identified
week,2026-08-11,current_catalog_text_output,model_permaslug,requests,71,71,71,106,35,1.4929577464788732,13,6,0,not_identified
week,2026-08-11,current_catalog_text_output,model_permaslug,requests,72,72,72,108,36,1.5,13,6,0,not_identified
week,2026-08-11,current_catalog_text_output,model_permaslug,requests,73,73,73,110,37,1.5068493150684932,13,6,0,not_identified
week,2026-08-11,current_catalog_text_output,model_permaslug,requests,74,74,74,112,38,1.5135135135135136,13,6,0,not_identified
week,2026-08-11,current_catalog_text_output,model_permaslug,requests,75,75,75,113,38,1.5066666666666666,13,6,0,not_identified
week,2026-08-11,current_catalog_text_output,model_permaslug,requests,76,76,76,114,38,1.5,13,6,0,not_identified
week,2026-08-11,current_catalog_text_output,model_permaslug,requests,77,77,77,115,38,1.4935064935064934,13,6,0,not_identified
week,2026-08-11,current_catalog_text_output,model_permaslug,requests,78,78,78,117,39,1.5,13,6,0,not_identified
week,2026-08-11,current_catalog_text_output,model_permaslug,requests,79,79,79,118,39,1.4936708860759493,13,6,0,not_identified
week,2026-08-11,current_catalog_text_output,model_permaslug,requests,80,80,80,120,40,1.5,14,6,0,not_identified
week,2026-08-11,current_catalog_text_output,model_permaslug,requests,81,81,81,122,41,1.5061728395061729,14,6,0,not_identified
week,2026-08-11,current_catalog_text_output,model_permaslug,requests,82,82,82,123,41,1.5,14,6,0,not_identified
week,2026-08-11,current_catalog_text_output,model_permaslug,requests,83,83,83,124,41,1.4939759036144578,14,6,0,not_identified
week,2026-08-11,current_catalog_text_output,model_permaslug,requests,84,84,84,125,41,1.4880952380952381,14,6,0,not_identified
week,2026-08-11,current_catalog_text_output,model_permaslug,requests,85,85,85,126,41,1.4823529411764707,14,6,0,not_identified
week,2026-08-11,current_catalog_text_output,model_permaslug,requests,86,86,86,127,41,1.4767441860465116,14,6,0,not_identified
week,2026-08-11,current_catalog_text_output,model_permaslug,requests,87,87,87,128,41,1.471264367816092,14,6,0,not_identified
week,2026-08-11,current_catalog_text_output,model_permaslug,requests,88,88,88,129,41,1.4659090909090908,14,6,0,not_identified
week,2026-08-11,current_catalog_text_output,model_permaslug,requests,89,89,89,131,42,1.4719101123595506,14,6,0,not_identified
week,2026-08-11,current_catalog_text_output,model_permaslug,requests,90,90,90,132,42,1.4666666666666666,14,6,0,not_identified
week,2026-08-11,current_catalog_text_output,model_permaslug,requests,91,91,91,133,42,1.4615384615384615,14,6,0,not_identified
week,2026-08-11,current_catalog_text_output,model_permaslug,requests,92,92,92,134,42,1.4565217391304348,14,6,0,not_identified
week,2026-08-11,current_catalog_text_output,model_permaslug,requests,93,93,93,135,42,1.4516129032258065,14,6,0,not_identified
week,2026-08-11,current_catalog_text_output,model_permaslug,requests,94,94,94,136,42,1.446808510638298,14,6,0,not_identified
week,2026-08-11,current_catalog_text_output,model_permaslug,requests,95,95,95,137,42,1.4421052631578948,14,6,0,not_identified
week,2026-08-11,current_catalog_text_output,model_permaslug,requests,96,96,96,138,42,1.4375,14,6,0,not_identified
week,2026-08-11,current_catalog_text_output,model_permaslug,requests,97,97,97,140,43,1.443298969072165,14,6,0,not_identified
week,2026-08-11,current_catalog_text_output,model_permaslug,requests,98,98,98,141,43,1.4387755102040816,14,6,0,not_identified
week,2026-08-11,current_catalog_text_output,model_permaslug,requests,99,99,99,142,43,1.4343434343434343,14,6,0,not_identified
week,2026-08-11,current_catalog_text_output,model_permaslug,requests,100,100,100,143,43,1.43,14,6,0,not_identified
week,2026-08-11,current_catalog_text_output,model_permaslug,requests,101,101,101,144,43,1.4257425742574257,14,6,0,not_identified
week,2026-08-11,current_catalog_text_output,model_permaslug,requests,102,102,102,146,44,1.4313725490196079,14,6,0,not_identified
week,2026-08-11,current_catalog_text_output,model_permaslug,requests,103,103,103,148,45,1.4368932038834952,14,6,0,not_identified
week,2026-08-11,current_catalog_text_output,model_permaslug,requests,104,104,104,149,45,1.4326923076923077,14,6,0,not_identified
week,2026-08-11,current_catalog_text_output,model_permaslug,requests,105,105,105,150,45,1.4285714285714286,14,6,0,not_identified
week,2026-08-11,current_catalog_text_output,model_permaslug,requests,106,106,106,151,45,1.4245283018867925,14,6,0,not_identified
week,2026-08-11,current_catalog_text_output,model_permaslug,requests,107,107,107,152,45,1.4205607476635513,14,6,0,not_identified
week,2026-08-11,current_catalog_text_output,model_permaslug,requests,108,108,108,153,45,1.4166666666666667,14,6,0,not_identified
week,2026-08-11,current_catalog_text_output,model_permaslug,requests,109,109,109,154,45,1.4128440366972477,14,6,0,not_identified
week,2026-08-11,current_catalog_text_output,model_permaslug,requests,110,110,110,155,45,1.4090909090909092,14,6,0,not_identified
week,2026-08-11,current_catalog_text_output,model_permaslug,requests,111,111,111,157,46,1.4144144144144144,14,6,0,not_identified
week,2026-08-11,current_catalog_text_output,model_permaslug,requests,112,112,112,158,46,1.4107142857142858,14,6,0,not_identified
week,2026-08-11,current_catalog_text_output,model_permaslug,requests,113,113,113,159,46,1.407079646017699,14,6,0,not_identified
week,2026-08-11,current_catalog_text_output,model_permaslug,requests,114,114,114,160,46,1.4035087719298245,14,6,0,not_identified
week,2026-08-11,current_catalog_text_output,model_permaslug,requests,115,115,115,161,46,1.4,14,6,0,not_identified
week,2026-08-11,current_catalog_text_output,model_permaslug,requests,116,116,116,162,46,1.396551724137931,14,6,0,not_identified
week,2026-08-11,current_catalog_text_output,model_permaslug,requests,117,117,117,163,46,1.393162393162393,14,6,0,not_identified
week,2026-08-11,current_catalog_text_output,model_permaslug,requests,118,118,118,164,46,1.3898305084745763,14,6,0,not_identified
week,2026-08-11,current_catalog_text_output,model_permaslug,requests,119,119,119,165,46,1.3865546218487395,14,6,0,not_identified
week,2026-08-11,current_catalog_text_output,model_permaslug,requests,120,120,120,166,46,1.3833333333333333,14,6,0,not_identified
week,2026-08-11,current_catalog_text_output,model_permaslug,requests,121,121,121,167,46,1.3801652892561984,14,6,0,not_identified
week,2026-08-11,current_catalog_text_output,model_permaslug,requests,122,122,122,168,46,1.3770491803278688,14,6,0,not_identified
week,2026-08-11,current_catalog_text_output,model_permaslug,requests,123,123,123,169,46,1.3739837398373984,14,6,0,not_identified
week,2026-08-11,current_catalog_text_output,model_permaslug,requests,124,124,124,170,46,1.3709677419354838,14,6,0,not_identified
week,2026-08-11,current_catalog_text_output,model_permaslug,requests,125,125,125,171,46,1.368,14,7,0,not_identified
week,2026-08-11,current_catalog_text_output,model_permaslug,requests,126,126,126,173,47,1.373015873015873,14,7,0,not_identified
week,2026-08-11,current_catalog_text_output,model_permaslug,requests,127,127,127,175,48,1.3779527559055118,14,7,0,not_identified
week,2026-08-11,current_catalog_text_output,model_permaslug,requests,128,128,128,176,48,1.375,14,7,0,not_identified
week,2026-08-11,current_catalog_text_output,model_permaslug,requests,129,129,129,177,48,1.372093023255814,14,7,0,not_identified
week,2026-08-11,current_catalog_text_output,model_permaslug,requests,130,130,130,178,48,1.3692307692307693,14,7,0,not_identified
week,2026-08-11,current_catalog_text_output,model_permaslug,requests,131,131,131,179,48,1.366412213740458,14,7,0,not_identified
week,2026-08-11,current_catalog_text_output,model_permaslug,requests,132,132,132,181,49,1.371212121212121,14,7,0,not_identified
week,2026-08-11,current_catalog_text_output,model_permaslug,requests,133,133,133,183,50,1.3759398496240602,14,7,0,not_identified
week,2026-08-11,current_catalog_text_output,model_permaslug,requests,134,134,134,184,50,1.373134328358209,14,7,0,not_identified
week,2026-08-11,current_catalog_text_output,model_permaslug,requests,135,135,135,186,51,1.3777777777777778,14,7,0,not_identified
week,2026-08-11,current_catalog_text_output,model_permaslug,requests,136,136,136,187,51,1.375,14,7,0,not_identified
week,2026-08-11,current_catalog_text_output,model_permaslug,requests,137,137,137,188,51,1.3722627737226278,14,7,0,not_identified
week,2026-08-11,current_catalog_text_output,model_permaslug,requests,138,138,138,189,51,1.3695652173913044,14,7,0,not_identified
week,2026-08-11,current_catalog_text_output,model_permaslug,requests,139,139,139,190,51,1.3669064748201438,14,7,0,not_identified
week,2026-08-11,current_catalog_text_output,model_permaslug,requests,140,140,140,191,51,1.3642857142857143,14,7,0,not_identified
week,2026-08-11,current_catalog_text_output,model_permaslug,requests,141,141,141,192,51,1.3617021276595744,14,7,0,not_identified
week,2026-08-11,current_catalog_text_output,model_permaslug,requests,142,142,142,194,52,1.3661971830985915,14,7,0,not_identified
week,2026-08-11,current_catalog_text_output,model_permaslug,requests,143,143,143,195,52,1.3636363636363635,14,7,0,not_identified
week,2026-08-11,current_catalog_text_output,model_permaslug,requests,144,144,144,196,52,1.3611111111111112,14,7,0,not_identified
week,2026-08-11,current_catalog_text_output,model_permaslug,requests,145,145,145,198,53,1.3655172413793104,14,8,0,not_identified
week,2026-08-11,current_catalog_text_output,model_permaslug,requests,146,146,146,199,53,1.3630136986301369,14,8,0,not_identified
week,2026-08-11,current_catalog_text_output,model_permaslug,requests,147,147,147,200,53,1.3605442176870748,14,8,0,not_identified
week,2026-08-11,current_catalog_text_output,model_permaslug,requests,148,148,148,201,53,1.3581081081081081,14,8,0,not_identified
week,2026-08-11,current_catalog_text_output,model_permaslug,requests,149,149,149,202,53,1.3557046979865772,14,8,0,not_identified
week,2026-08-11,current_catalog_text_output,model_permaslug,requests,150,150,150,203,53,1.3533333333333333,14,8,0,not_identified
week,2026-08-11,current_catalog_text_output,model_permaslug,requests,151,151,151,204,53,1.3509933774834437,14,8,0,not_identified
week,2026-08-11,current_catalog_text_output,model_permaslug,requests,152,152,152,205,53,1.3486842105263157,14,8,0,not_identified
week,2026-08-11,current_catalog_text_output,model_permaslug,requests,153,153,153,206,53,1.34640522875817,14,8,0,not_identified
week,2026-08-11,current_catalog_text_output,model_permaslug,requests,154,154,154,207,53,1.344155844155844,14,8,0,not_identified
week,2026-08-11,current_catalog_text_output,model_permaslug,requests,155,155,155,209,54,1.3483870967741935,14,8,0,not_identified
week,2026-08-11,current_catalog_text_output,model_permaslug,requests,156,156,156,210,54,1.3461538461538463,14,8,0,not_identified
week,2026-08-11,current_catalog_text_output,model_permaslug,requests,157,157,157,211,54,1.3439490445859872,14,8,0,not_identified
week,2026-08-11,current_catalog_text_output,model_permaslug,requests,158,158,158,212,54,1.3417721518987342,14,8,0,not_identified
week,2026-08-11,current_catalog_text_output,model_permaslug,requests,159,159,159,213,54,1.3396226415094339,14,8,0,not_identified
week,2026-08-11,current_catalog_text_output,model_permaslug,requests,160,160,160,214,54,1.3375,14,8,0,not_identified
week,2026-08-11,current_catalog_text_output,model_permaslug,requests,161,161,161,216,55,1.3416149068322982,14,8,0,not_identified
week,2026-08-11,current_catalog_text_output,model_permaslug,requests,162,162,162,217,55,1.3395061728395061,14,8,0,not_identified
week,2026-08-11,current_catalog_text_output,model_permaslug,requests,163,163,163,218,55,1.3374233128834356,14,8,0,not_identified
week,2026-08-11,current_catalog_text_output,model_permaslug,requests,164,164,164,219,55,1.3353658536585367,14,8,0,not_identified
week,2026-08-11,current_catalog_text_output,model_permaslug,requests,165,165,165,220,55,1.3333333333333333,14,8,0,not_identified
week,2026-08-11,current_catalog_text_output,model_permaslug,requests,166,166,166,221,55,1.3313253012048192,15,8,0,not_identified
week,2026-08-11,current_catalog_text_output,model_permaslug,requests,167,167,167,222,55,1.3293413173652695,15,8,0,not_identified
week,2026-08-11,current_catalog_text_output,model_permaslug,requests,168,168,168,223,55,1.3273809523809523,15,8,0,not_identified
week,2026-08-11,current_catalog_text_output,model_permaslug,requests,169,169,169,224,55,1.3254437869822486,15,9,0,not_identified
week,2026-08-11,current_catalog_text_output,model_permaslug,requests,170,170,170,225,55,1.3235294117647058,15,9,0,not_identified
week,2026-08-11,current_catalog_text_output,model_permaslug,requests,171,171,171,226,55,1.3216374269005848,15,9,0,not_identified
week,2026-08-11,current_catalog_text_output,model_permaslug,requests,172,172,172,228,56,1.3255813953488371,15,9,0,not_identified
week,2026-08-11,current_catalog_text_output,model_permaslug,requests,173,173,173,229,56,1.323699421965318,15,9,0,not_identified
week,2026-08-11,current_catalog_text_output,model_permaslug,requests,174,174,174,230,56,1.3218390804597702,15,9,0,not_identified
week,2026-08-11,current_catalog_text_output,model_permaslug,requests,175,175,175,231,56,1.32,15,9,0,not_identified
week,2026-08-11,current_catalog_text_output,model_permaslug,requests,176,176,176,232,56,1.3181818181818181,15,9,0,not_identified
week,2026-08-11,current_catalog_text_output,model_permaslug,requests,177,177,177,234,57,1.3220338983050848,15,9,0,not_identified
week,2026-08-11,current_catalog_text_output,model_permaslug,requests,178,178,178,235,57,1.3202247191011236,15,9,0,not_identified
week,2026-08-11,current_catalog_text_output,model_permaslug,requests,179,179,179,236,57,1.318435754189944,15,9,0,not_identified
week,2026-08-11,current_catalog_text_output,model_permaslug,requests,180,180,180,237,57,1.3166666666666667,15,9,0,not_identified
week,2026-08-11,current_catalog_text_output,model_permaslug,requests,181,181,181,238,57,1.3149171270718232,15,9,0,not_identified
week,2026-08-11,current_catalog_text_output,model_permaslug,requests,182,182,182,239,57,1.3131868131868132,15,9,0,not_identified
week,2026-08-11,current_catalog_text_output,model_permaslug,requests,183,183,183,240,57,1.3114754098360655,15,9,0,not_identified
week,2026-08-11,current_catalog_text_output,model_permaslug,requests,184,184,184,241,57,1.309782608695652,15,9,0,not_identified
week,2026-08-11,current_catalog_text_output,model_permaslug,requests,185,185,185,243,58,1.3135135135135134,15,9,0,not_identified
week,2026-08-11,current_catalog_text_output,model_permaslug,requests,186,186,186,244,58,1.3118279569892473,15,9,0,not_identified
week,2026-08-11,current_catalog_text_output,model_permaslug,requests,187,187,187,245,58,1.3101604278074865,15,9,0,not_identified
week,2026-08-11,current_catalog_text_output,model_permaslug,requests,188,188,188,246,58,1.3085106382978724,15,9,0,not_identified
week,2026-08-11,current_catalog_text_output,model_permaslug,requests,189,189,189,247,58,1.306878306878307,15,9,0,not_identified
week,2026-08-11,current_catalog_text_output,model_permaslug,requests,190,190,190,248,58,1.305263157894737,15,9,0,not_identified
week,2026-08-11,current_catalog_text_output,model_permaslug,requests,191,191,191,249,58,1.3036649214659686,15,9,0,not_identified
week,2026-08-11,current_catalog_text_output,model_permaslug,requests,192,192,192,250,58,1.3020833333333333,15,9,0,not_identified
week,2026-08-11,current_catalog_text_output,model_permaslug,requests,193,193,193,251,58,1.3005181347150259,15,9,0,not_identified
week,2026-08-11,current_catalog_text_output,model_permaslug,requests,194,194,194,252,58,1.2989690721649485,15,9,0,not_identified
week,2026-08-11,current_catalog_text_output,model_permaslug,requests,195,195,195,253,58,1.2974358974358975,15,9,0,not_identified
week,2026-08-11,current_catalog_text_output,model_permaslug,requests,196,196,196,254,58,1.2959183673469388,15,9,0,not_identified
week,2026-08-11,current_catalog_text_output,model_permaslug,requests,197,197,197,255,58,1.2944162436548223,15,9,0,not_identified
week,2026-08-11,current_catalog_text_output,model_permaslug,requests,198,198,198,256,58,1.292929292929293,15,9,0,not_identified
week,2026-08-11,current_catalog_text_output,model_permaslug,requests,199,199,199,257,58,1.2914572864321607,15,9,0,not_identified
week,2026-08-11,current_catalog_text_output,model_permaslug,requests,200,200,200,258,58,1.29,15,9,0,not_identified
week,2026-08-11,current_catalog_text_output,model_permaslug,requests,201,201,201,259,58,1.2885572139303483,15,9,0,not_identified
week,2026-08-11,current_catalog_text_output,model_permaslug,requests,202,202,202,260,58,1.2871287128712872,15,9,0,not_identified
week,2026-08-11,current_catalog_text_output,model_permaslug,requests,203,203,203,261,58,1.2857142857142858,15,9,0,not_identified
week,2026-08-11,current_catalog_text_output,model_permaslug,requests,204,204,204,262,58,1.2843137254901962,15,9,0,not_identified
week,2026-08-11,current_catalog_text_output,model_permaslug,requests,205,205,205,263,58,1.2829268292682927,15,9,0,not_identified
week,2026-08-11,current_catalog_text_output,model_permaslug,requests,206,206,206,264,58,1.2815533980582525,15,9,0,not_identified
week,2026-08-11,current_catalog_text_output,model_permaslug,requests,207,207,207,265,58,1.2801932367149758,15,9,0,not_identified
week,2026-08-11,current_catalog_text_output,model_permaslug,requests,208,208,208,266,58,1.2788461538461537,15,9,0,not_identified
week,2026-08-11,current_catalog_text_output,model_permaslug,requests,209,209,209,267,58,1.277511961722488,15,9,0,not_identified
week,2026-08-11,current_catalog_text_output,model_permaslug,requests,210,210,210,268,58,1.276190476190476,15,9,0,not_identified
week,2026-08-11,current_catalog_text_output,model_permaslug,requests,211,211,211,269,58,1.2748815165876777,15,10,0,not_identified
week,2026-08-11,current_catalog_text_output,model_permaslug,requests,212,212,212,270,58,1.2735849056603774,15,10,0,not_identified
week,2026-08-11,current_catalog_text_output,model_permaslug,requests,213,213,213,271,58,1.272300469483568,15,11,0,not_identified
week,2026-08-11,current_catalog_text_output,model_permaslug,requests,214,214,214,272,58,1.2710280373831775,15,11,0,not_identified
week,2026-08-11,current_catalog_text_output,model_permaslug,requests,215,215,215,273,58,1.2697674418604652,15,11,0,not_identified
week,2026-08-11,current_catalog_text_output,model_permaslug,requests,216,216,216,274,58,1.2685185185185186,15,11,0,not_identified
week,2026-08-11,current_catalog_text_output,model_permaslug,requests,217,217,217,275,58,1.2672811059907834,15,11,0,not_identified
week,2026-08-11,current_catalog_text_output,model_permaslug,requests,218,218,218,276,58,1.2660550458715596,15,11,0,not_identified
week,2026-08-11,current_catalog_text_output,model_permaslug,requests,219,219,219,277,58,1.264840182648402,15,11,0,not_identified
week,2026-08-11,current_catalog_text_output,model_permaslug,requests,220,220,220,278,58,1.2636363636363637,15,12,0,not_identified
week,2026-08-11,current_catalog_text_output,model_permaslug,requests,221,221,221,279,58,1.262443438914027,15,12,0,not_identified
week,2026-08-11,current_catalog_text_output,model_permaslug,requests,222,222,222,280,58,1.2612612612612613,15,12,0,not_identified
week,2026-08-11,current_catalog_text_output,model_permaslug,requests,223,223,223,281,58,1.2600896860986548,15,13,0,not_identified
week,2026-08-11,current_catalog_text_output,model_permaslug,requests,224,224,224,282,58,1.2589285714285714,15,13,0,not_identified
week,2026-08-11,current_catalog_text_output,model_permaslug,requests,225,225,225,283,58,1.2577777777777779,15,13,0,not_identified
week,2026-08-11,current_catalog_text_output,model_permaslug,requests,226,226,226,284,58,1.2566371681415929,15,13,0,not_identified
week,2026-08-11,current_catalog_text_output,model_permaslug,requests,227,227,227,286,59,1.2599118942731278,15,13,0,not_identified
week,2026-08-11,current_catalog_text_output,model_permaslug,requests,228,228,228,287,59,1.2587719298245614,15,13,0,not_identified
week,2026-08-11,current_catalog_text_output,model_permaslug,requests,229,229,229,289,60,1.262008733624454,15,13,0,not_identified
week,2026-08-11,current_catalog_text_output,model_permaslug,requests,230,230,230,290,60,1.2608695652173914,15,13,0,not_identified
week,2026-08-11,current_catalog_text_output,model_permaslug,requests,231,231,231,291,60,1.2597402597402598,15,13,0,not_identified
week,2026-08-11,current_catalog_text_output,model_permaslug,requests,232,232,232,292,60,1.2586206896551724,15,13,0,not_identified
week,2026-08-11,current_catalog_text_output,model_permaslug,requests,233,233,233,293,60,1.257510729613734,15,13,0,not_identified
week,2026-08-11,current_catalog_text_output,model_permaslug,requests,234,234,234,294,60,1.2564102564102564,15,13,0,not_identified
week,2026-08-11,current_catalog_text_output,model_permaslug,requests,235,235,235,295,60,1.2553191489361701,15,13,0,not_identified
week,2026-08-11,current_catalog_text_output,model_permaslug,requests,236,236,236,296,60,1.2542372881355932,15,13,0,not_identified
week,2026-08-11,current_catalog_text_output,model_permaslug,requests,237,237,237,297,60,1.2531645569620253,15,13,0,not_identified
week,2026-08-11,current_catalog_text_output,model_permaslug,requests,238,238,238,298,60,1.2521008403361344,15,13,0,not_identified
week,2026-08-11,current_catalog_text_output,model_permaslug,requests,239,239,239,299,60,1.2510460251046025,15,13,0,not_identified
week,2026-08-11,current_catalog_text_output,model_permaslug,requests,240,240,240,300,60,1.25,15,13,0,not_identified
week,2026-08-11,current_catalog_text_output,model_permaslug,requests,241,241,241,301,60,1.2489626556016598,15,13,0,not_identified
week,2026-08-11,current_catalog_text_output,model_permaslug,requests,242,242,242,302,60,1.2479338842975207,15,13,0,not_identified
week,2026-08-11,current_catalog_text_output,model_permaslug,requests,243,243,243,303,60,1.2469135802469136,15,13,0,not_identified
week,2026-08-11,current_catalog_text_output,model_permaslug,requests,244,244,244,304,60,1.2459016393442623,15,13,0,not_identified
week,2026-08-11,current_catalog_text_output,model_permaslug,requests,245,245,245,305,60,1.2448979591836735,15,13,0,not_identified
week,2026-08-11,current_catalog_text_output,model_permaslug,requests,246,246,246,306,60,1.2439024390243902,15,13,0,not_identified
week,2026-08-11,current_catalog_text_output,model_permaslug,requests,247,247,247,307,60,1.242914979757085,15,13,0,not_identified
week,2026-08-11,current_catalog_text_output,model_permaslug,requests,248,248,248,308,60,1.2419354838709677,15,13,0,not_identified
week,2026-08-11,current_catalog_text_output,model_permaslug,requests,249,249,249,309,60,1.2409638554216869,15,13,0,not_identified
week,2026-08-11,current_catalog_text_output,model_permaslug,requests,250,250,250,310,60,1.24,15,13,0,not_identified
week,2026-08-11,current_catalog_text_output,model_permaslug,requests,251,251,251,311,60,1.2390438247011952,15,13,0,not_identified
week,2026-08-11,current_catalog_text_output,model_permaslug,requests,252,252,252,312,60,1.2380952380952381,15,13,0,not_identified
week,2026-08-11,current_catalog_text_output,model_permaslug,requests,253,253,253,313,60,1.2371541501976284,15,13,0,not_identified
week,2026-08-11,current_catalog_text_output,model_permaslug,requests,254,254,254,314,60,1.236220472440945,15,13,0,not_identified
week,2026-08-11,current_catalog_text_output,model_permaslug,requests,255,255,255,315,60,1.2352941176470589,15,13,0,not_identified
week,2026-08-11,current_catalog_text_output,model_permaslug,requests,256,256,256,316,60,1.234375,15,13,0,not_identified
week,2026-08-11,current_catalog_text_output,model_permaslug,requests,257,257,257,317,60,1.2334630350194553,15,13,0,not_identified
week,2026-08-11,current_catalog_text_output,model_permaslug,requests,258,258,258,318,60,1.2325581395348837,15,13,0,not_identified
week,2026-08-11,current_catalog_text_output,model_permaslug,requests,259,259,259,319,60,1.2316602316602316,15,13,0,not_identified
week,2026-08-11,current_catalog_text_output,model_permaslug,requests,260,260,260,320,60,1.2307692307692308,15,13,0,not_identified
week,2026-08-11,current_catalog_text_output,model_permaslug,requests,261,261,261,321,60,1.2298850574712643,15,13,0,not_identified
week,2026-08-11,current_catalog_text_output,model_permaslug,requests,262,262,262,322,60,1.2290076335877862,15,13,0,not_identified
week,2026-08-11,current_catalog_text_output,model_permaslug,requests,263,263,263,323,60,1.2281368821292775,15,13,0,not_identified
week,2026-08-11,current_catalog_text_output,model_permaslug,requests,264,264,264,324,60,1.2272727272727273,15,13,0,not_identified
week,2026-08-11,current_catalog_text_output,model_permaslug,requests,265,265,265,325,60,1.2264150943396226,15,13,0,not_identified
week,2026-08-11,current_catalog_text_output,model_permaslug,requests,266,266,266,326,60,1.2255639097744362,15,13,0,not_identified
week,2026-08-11,current_catalog_text_output,model_permaslug,requests,267,267,267,327,60,1.2247191011235956,15,13,0,not_identified
week,2026-08-11,current_catalog_text_output,model_permaslug,requests,268,268,268,328,60,1.2238805970149254,15,13,0,not_identified
week,2026-08-11,current_catalog_text_output,model_permaslug,requests,269,269,269,329,60,1.2230483271375465,15,13,0,not_identified
week,2026-08-11,current_catalog_text_output,model_permaslug,requests,270,270,270,330,60,1.2222222222222223,15,13,0,not_identified
week,2026-08-11,current_catalog_text_output,model_permaslug,requests,271,271,271,331,60,1.2214022140221403,15,13,0,not_identified
week,2026-08-11,current_catalog_text_output,model_permaslug,requests,272,272,272,332,60,1.2205882352941178,15,13,0,not_identified
week,2026-08-11,current_catalog_text_output,model_permaslug,requests,273,273,273,333,60,1.2197802197802199,15,13,0,not_identified
week,2026-08-11,current_catalog_text_output,model_permaslug,requests,274,274,274,334,60,1.218978102189781,15,13,0,not_identified
week,2026-08-11,current_catalog_text_output,model_permaslug,requests,275,275,275,335,60,1.2181818181818183,15,13,0,not_identified
week,2026-08-11,current_catalog_text_output,model_permaslug,requests,276,276,276,336,60,1.2173913043478262,15,13,0,not_identified
week,2026-08-11,current_catalog_text_output,model_permaslug,requests,277,277,277,337,60,1.2166064981949458,15,13,0,not_identified
week,2026-08-11,current_catalog_text_output,model_permaslug,requests,278,278,278,338,60,1.2158273381294964,15,13,0,not_identified
week,2026-08-11,current_catalog_text_output,model_permaslug,requests,279,279,279,339,60,1.2150537634408602,15,13,0,not_identified
week,2026-08-11,current_catalog_text_output,model_permaslug,requests,280,280,280,340,60,1.2142857142857142,15,13,0,not_identified
week,2026-08-11,current_catalog_text_output,model_permaslug,requests,281,281,281,341,60,1.2135231316725978,15,13,0,not_identified
week,2026-08-11,current_catalog_text_output,model_permaslug,requests,282,282,282,342,60,1.2127659574468086,15,13,0,not_identified
week,2026-08-11,current_catalog_text_output,model_permaslug,requests,283,283,283,343,60,1.2120141342756183,15,13,0,not_identified
week,2026-08-11,current_catalog_text_output,model_permaslug,requests,284,284,284,344,60,1.2112676056338028,15,13,0,not_identified
week,2026-08-11,current_catalog_text_output,model_permaslug,requests,285,285,285,345,60,1.2105263157894737,15,13,0,not_identified
week,2026-08-11,current_catalog_text_output,model_permaslug,requests,286,286,286,346,60,1.2097902097902098,15,13,0,not_identified
week,2026-08-11,current_catalog_text_output,model_permaslug,requests,287,287,287,347,60,1.2090592334494774,15,13,0,not_identified
week,2026-08-11,current_catalog_text_output,model_permaslug,requests,288,288,288,348,60,1.2083333333333333,15,13,0,not_identified
week,2026-08-11,current_catalog_text_output,model_permaslug,requests,289,289,289,349,60,1.207612456747405,15,13,0,not_identified
week,2026-08-11,current_catalog_text_output,model_permaslug,requests,290,290,290,350,60,1.206896551724138,15,13,0,not_identified
week,2026-08-11,current_catalog_text_output,model_permaslug,requests,291,291,291,351,60,1.2061855670103092,15,13,0,not_identified
week,2026-08-11,current_catalog_text_output,model_permaslug,requests,292,292,292,352,60,1.2054794520547945,15,13,0,not_identified
week,2026-08-11,current_catalog_text_output,model_permaslug,requests,293,293,293,353,60,1.204778156996587,15,13,0,not_identified
week,2026-08-11,current_catalog_text_output,model_permaslug,requests,294,294,294,354,60,1.2040816326530612,15,13,0,not_identified
week,2026-08-11,current_catalog_text_output,model_permaslug,requests,295,295,295,355,60,1.2033898305084745,15,14,0,not_identified
week,2026-08-11,current_catalog_text_output,model_permaslug,requests,296,296,296,356,60,1.2027027027027026,15,14,0,not_identified
week,2026-08-11,current_catalog_text_output,model_permaslug,requests,297,297,297,357,60,1.202020202020202,15,14,0,not_identified
week,2026-08-11,current_catalog_text_output,model_permaslug,requests,298,298,298,358,60,1.2013422818791946,16,14,0,not_identified
week,2026-08-11,current_catalog_text_output,model_permaslug,requests,299,299,299,359,60,1.2006688963210703,16,14,0,not_identified
week,2026-08-11,current_catalog_text_output,model_permaslug,requests,300,300,300,360,60,1.2,16,14,0,not_identified
week,2026-08-11,current_catalog_text_output,model_permaslug,requests,301,301,301,361,60,1.1993355481727574,16,14,0,not_identified
week,2026-08-11,current_catalog_text_output,model_permaslug,requests,302,302,302,363,61,1.2019867549668874,16,14,0,not_identified
week,2026-08-11,current_catalog_text_output,model_permaslug,requests,303,303,303,364,61,1.2013201320132014,16,14,0,not_identified
week,2026-08-11,current_catalog_text_output,model_permaslug,requests,304,304,304,365,61,1.200657894736842,16,14,0,not_identified
week,2026-08-11,current_catalog_text_output,model_permaslug,requests,305,305,305,366,61,1.2,16,14,0,not_identified
week,2026-08-11,current_catalog_text_output,model_permaslug,requests,306,306,306,367,61,1.1993464052287581,16,14,0,not_identified
week,2026-08-11,current_catalog_text_output,model_permaslug,requests,307,307,307,368,61,1.1986970684039089,16,14,0,not_identified
week,2026-08-11,current_catalog_text_output,model_permaslug,requests,308,308,308,369,61,1.198051948051948,16,14,0,not_identified
week,2026-08-11,current_catalog_text_output,model_permaslug,requests,309,309,309,370,61,1.197411003236246,16,14,0,not_identified
week,2026-08-11,current_catalog_text_output,model_permaslug,requests,310,310,310,371,61,1.196774193548387,16,14,0,not_identified
week,2026-08-11,current_catalog_text_output,model_permaslug,requests,311,311,311,372,61,1.1961414790996785,16,14,0,not_identified
week,2026-08-11,current_catalog_text_output,model_permaslug,requests,312,312,312,373,61,1.1955128205128205,16,14,0,not_identified
week,2026-08-11,current_catalog_text_output,model_permaslug,requests,313,313,313,374,61,1.194888178913738,16,14,0,not_identified
week,2026-08-11,current_catalog_text_output,model_permaslug,requests,314,314,314,375,61,1.194267515923567,16,14,0,not_identified
week,2026-08-11,current_catalog_text_output,model_permaslug,requests,315,315,315,376,61,1.1936507936507936,16,14,0,not_identified
week,2026-08-11,all_observed,model_permaslug,total_tokens,1,1,1,1,0,1.0,1,1,0,not_identified
week,2026-08-11,all_observed,model_permaslug,total_tokens,2,2,2,2,0,1.0,2,1,0,not_identified
week,2026-08-11,all_observed,model_permaslug,total_tokens,3,3,3,3,0,1.0,2,1,0,not_identified
week,2026-08-11,all_observed,model_permaslug,total_tokens,4,4,4,4,0,1.0,2,2,0,not_identified
week,2026-08-11,all_observed,model_permaslug,total_tokens,5,5,5,6,1,1.2,3,3,0,not_identified
week,2026-08-11,all_observed,model_permaslug,total_tokens,6,6,6,8,2,1.3333333333333333,3,3,0,not_identified
week,2026-08-11,all_observed,model_permaslug,total_tokens,7,7,7,9,2,1.2857142857142858,3,3,0,not_identified
week,2026-08-11,all_observed,model_permaslug,total_tokens,8,8,8,11,3,1.375,4,4,0,not_identified
week,2026-08-11,all_observed,model_permaslug,total_tokens,9,9,9,14,5,1.5555555555555556,4,4,0,not_identified
week,2026-08-11,all_observed,model_permaslug,total_tokens,10,10,10,16,6,1.6,4,4,0,not_identified
week,2026-08-11,all_observed,model_permaslug,total_tokens,11,11,11,18,7,1.6363636363636365,4,5,0,not_identified
week,2026-08-11,all_observed,model_permaslug,total_tokens,12,12,12,19,7,1.5833333333333333,4,5,0,not_identified
week,2026-08-11,all_observed,model_permaslug,total_tokens,13,13,13,21,8,1.6153846153846154,5,5,0,not_identified
week,2026-08-11,all_observed,model_permaslug,total_tokens,14,14,14,22,8,1.5714285714285714,5,5,0,not_identified
week,2026-08-11,all_observed,model_permaslug,total_tokens,15,15,15,24,9,1.6,5,5,0,not_identified
week,2026-08-11,all_observed,model_permaslug,total_tokens,16,16,16,26,10,1.625,5,5,0,not_identified
week,2026-08-11,all_observed,model_permaslug,total_tokens,17,17,17,28,11,1.6470588235294117,5,5,0,not_identified
week,2026-08-11,all_observed,model_permaslug,total_tokens,18,18,18,30,12,1.6666666666666667,5,5,0,not_identified
week,2026-08-11,all_observed,model_permaslug,total_tokens,19,19,19,32,13,1.6842105263157894,5,5,0,not_identified
week,2026-08-11,all_observed,model_permaslug,total_tokens,20,20,20,34,14,1.7,5,5,0,not_identified
week,2026-08-11,all_observed,model_permaslug,total_tokens,21,21,21,36,15,1.7142857142857142,5,5,0,not_identified
week,2026-08-11,all_observed,model_permaslug,total_tokens,22,22,22,38,16,1.7272727272727273,5,5,0,not_identified
week,2026-08-11,all_observed,model_permaslug,total_tokens,23,23,23,40,17,1.7391304347826086,5,5,0,not_identified
week,2026-08-11,all_observed,model_permaslug,total_tokens,24,24,24,41,17,1.7083333333333333,5,5,0,not_identified
week,2026-08-11,all_observed,model_permaslug,total_tokens,25,25,25,43,18,1.72,6,5,0,not_identified
week,2026-08-11,all_observed,model_permaslug,total_tokens,26,26,26,45,19,1.7307692307692308,6,5,0,not_identified
week,2026-08-11,all_observed,model_permaslug,total_tokens,27,27,27,46,19,1.7037037037037037,6,5,0,not_identified
week,2026-08-11,all_observed,model_permaslug,total_tokens,28,28,28,47,19,1.6785714285714286,6,5,0,not_identified
week,2026-08-11,all_observed,model_permaslug,total_tokens,29,29,29,49,20,1.6896551724137931,6,5,0,not_identified
week,2026-08-11,all_observed,model_permaslug,total_tokens,30,30,30,51,21,1.7,6,5,0,not_identified
week,2026-08-11,all_observed,model_permaslug,total_tokens,31,31,31,52,21,1.6774193548387097,7,5,0,not_identified
week,2026-08-11,all_observed,model_permaslug,total_tokens,32,32,32,54,22,1.6875,7,5,0,not_identified
week,2026-08-11,all_observed,model_permaslug,total_tokens,33,33,33,56,23,1.696969696969697,7,5,0,not_identified
week,2026-08-11,all_observed,model_permaslug,total_tokens,34,34,34,57,23,1.6764705882352942,8,5,0,not_identified
week,2026-08-11,all_observed,model_permaslug,total_tokens,35,35,35,59,24,1.6857142857142857,8,5,0,not_identified
week,2026-08-11,all_observed,model_permaslug,total_tokens,36,36,36,60,24,1.6666666666666667,8,5,0,not_identified
week,2026-08-11,all_observed,model_permaslug,total_tokens,37,37,37,62,25,1.6756756756756757,9,5,0,not_identified
week,2026-08-11,all_observed,model_permaslug,total_tokens,38,38,38,64,26,1.6842105263157894,9,5,0,not_identified
week,2026-08-11,all_observed,model_permaslug,total_tokens,39,39,39,66,27,1.6923076923076923,9,5,0,not_identified
week,2026-08-11,all_observed,model_permaslug,total_tokens,40,40,40,67,27,1.675,9,5,0,not_identified
week,2026-08-11,all_observed,model_permaslug,total_tokens,41,41,41,69,28,1.6829268292682926,9,5,0,not_identified
week,2026-08-11,all_observed,model_permaslug,total_tokens,42,42,42,71,29,1.6904761904761905,9,5,0,not_identified
week,2026-08-11,all_observed,model_permaslug,total_tokens,43,43,43,72,29,1.6744186046511629,9,6,0,not_identified
week,2026-08-11,all_observed,model_permaslug,total_tokens,44,44,44,74,30,1.6818181818181819,9,6,0,not_identified
week,2026-08-11,all_observed,model_permaslug,total_tokens,45,45,45,76,31,1.6888888888888889,9,6,0,not_identified
week,2026-08-11,all_observed,model_permaslug,total_tokens,46,46,46,78,32,1.6956521739130435,9,6,0,not_identified
week,2026-08-11,all_observed,model_permaslug,total_tokens,47,47,47,80,33,1.702127659574468,9,6,0,not_identified
week,2026-08-11,all_observed,model_permaslug,total_tokens,48,48,48,82,34,1.7083333333333333,9,6,0,not_identified
week,2026-08-11,all_observed,model_permaslug,total_tokens,49,49,49,84,35,1.7142857142857142,9,6,0,not_identified
week,2026-08-11,all_observed,model_permaslug,total_tokens,50,50,50,86,36,1.72,9,6,0,not_identified
week,2026-08-11,all_observed,model_permaslug,total_tokens,51,51,51,87,36,1.7058823529411764,9,6,0,not_identified
week,2026-08-11,all_observed,model_permaslug,total_tokens,52,52,52,88,36,1.6923076923076923,9,6,0,not_identified
week,2026-08-11,all_observed,model_permaslug,total_tokens,53,53,53,89,36,1.679245283018868,10,6,0,not_identified
week,2026-08-11,all_observed,model_permaslug,total_tokens,54,54,54,91,37,1.6851851851851851,10,6,0,not_identified
week,2026-08-11,all_observed,model_permaslug,total_tokens,55,55,55,93,38,1.690909090909091,10,6,0,not_identified
week,2026-08-11,all_observed,model_permaslug,total_tokens,56,56,56,94,38,1.6785714285714286,10,7,0,not_identified
week,2026-08-11,all_observed,model_permaslug,total_tokens,57,57,57,95,38,1.6666666666666667,10,7,0,not_identified
week,2026-08-11,all_observed,model_permaslug,total_tokens,58,58,58,96,38,1.6551724137931034,10,7,0,not_identified
week,2026-08-11,all_observed,model_permaslug,total_tokens,59,59,59,98,39,1.6610169491525424,10,7,0,not_identified
week,2026-08-11,all_observed,model_permaslug,total_tokens,60,60,60,99,39,1.65,10,7,0,not_identified
week,2026-08-11,all_observed,model_permaslug,total_tokens,61,61,61,100,39,1.639344262295082,10,7,0,not_identified
week,2026-08-11,all_observed,model_permaslug,total_tokens,62,62,62,101,39,1.6290322580645162,10,7,0,not_identified
week,2026-08-11,all_observed,model_permaslug,total_tokens,63,63,63,103,40,1.6349206349206349,10,7,0,not_identified
week,2026-08-11,all_observed,model_permaslug,total_tokens,64,64,64,105,41,1.640625,10,7,0,not_identified
week,2026-08-11,all_observed,model_permaslug,total_tokens,65,65,65,106,41,1.6307692307692307,10,7,0,not_identified
week,2026-08-11,all_observed,model_permaslug,total_tokens,66,66,66,107,41,1.621212121212121,10,7,0,not_identified
week,2026-08-11,all_observed,model_permaslug,total_tokens,67,67,67,108,41,1.6119402985074627,10,7,0,not_identified
week,2026-08-11,all_observed,model_permaslug,total_tokens,68,68,68,110,42,1.6176470588235294,10,7,0,not_identified
week,2026-08-11,all_observed,model_permaslug,total_tokens,69,69,69,111,42,1.608695652173913,10,7,0,not_identified
week,2026-08-11,all_observed,model_permaslug,total_tokens,70,70,70,112,42,1.6,10,7,0,not_identified
week,2026-08-11,all_observed,model_permaslug,total_tokens,71,71,71,113,42,1.591549295774648,11,7,0,not_identified
week,2026-08-11,all_observed,model_permaslug,total_tokens,72,72,72,115,43,1.5972222222222223,11,7,0,not_identified
week,2026-08-11,all_observed,model_permaslug,total_tokens,73,73,73,117,44,1.6027397260273972,11,7,0,not_identified
week,2026-08-11,all_observed,model_permaslug,total_tokens,74,74,74,118,44,1.5945945945945945,11,7,0,not_identified
week,2026-08-11,all_observed,model_permaslug,total_tokens,75,75,75,119,44,1.5866666666666667,12,7,0,not_identified
week,2026-08-11,all_observed,model_permaslug,total_tokens,76,76,76,121,45,1.5921052631578947,12,7,0,not_identified
week,2026-08-11,all_observed,model_permaslug,total_tokens,77,77,77,122,45,1.5844155844155845,12,7,0,not_identified
week,2026-08-11,all_observed,model_permaslug,total_tokens,78,78,78,123,45,1.5769230769230769,12,7,0,not_identified
week,2026-08-11,all_observed,model_permaslug,total_tokens,79,79,79,125,46,1.5822784810126582,12,7,0,not_identified
week,2026-08-11,all_observed,model_permaslug,total_tokens,80,80,80,126,46,1.575,13,7,0,not_identified
week,2026-08-11,all_observed,model_permaslug,total_tokens,81,81,81,127,46,1.5679012345679013,13,7,0,not_identified
week,2026-08-11,all_observed,model_permaslug,total_tokens,82,82,82,128,46,1.5609756097560976,13,7,0,not_identified
week,2026-08-11,all_observed,model_permaslug,total_tokens,83,83,83,130,47,1.5662650602409638,13,7,0,not_identified
week,2026-08-11,all_observed,model_permaslug,total_tokens,84,84,84,131,47,1.5595238095238095,13,7,0,not_identified
week,2026-08-11,all_observed,model_permaslug,total_tokens,85,85,85,132,47,1.5529411764705883,13,7,0,not_identified
week,2026-08-11,all_observed,model_permaslug,total_tokens,86,86,86,133,47,1.5465116279069768,13,7,0,not_identified
week,2026-08-11,all_observed,model_permaslug,total_tokens,87,87,87,135,48,1.5517241379310345,13,7,0,not_identified
week,2026-08-11,all_observed,model_permaslug,total_tokens,88,88,88,136,48,1.5454545454545454,13,7,0,not_identified
week,2026-08-11,all_observed,model_permaslug,total_tokens,89,89,89,137,48,1.5393258426966292,13,7,0,not_identified
week,2026-08-11,all_observed,model_permaslug,total_tokens,90,90,90,138,48,1.5333333333333334,13,7,0,not_identified
week,2026-08-11,all_observed,model_permaslug,total_tokens,91,91,91,139,48,1.5274725274725274,13,7,0,not_identified
week,2026-08-11,all_observed,model_permaslug,total_tokens,92,92,92,140,48,1.5217391304347827,13,7,0,not_identified
week,2026-08-11,all_observed,model_permaslug,total_tokens,93,93,93,141,48,1.5161290322580645,13,7,0,not_identified
week,2026-08-11,all_observed,model_permaslug,total_tokens,94,94,94,142,48,1.5106382978723405,13,7,0,not_identified
week,2026-08-11,all_observed,model_permaslug,total_tokens,95,95,95,143,48,1.5052631578947369,13,7,0,not_identified
week,2026-08-11,all_observed,model_permaslug,total_tokens,96,96,96,144,48,1.5,13,7,0,not_identified
week,2026-08-11,all_observed,model_permaslug,total_tokens,97,97,97,146,49,1.5051546391752577,13,7,0,not_identified
week,2026-08-11,all_observed,model_permaslug,total_tokens,98,98,98,147,49,1.5,13,7,0,not_identified
week,2026-08-11,all_observed,model_permaslug,total_tokens,99,99,99,148,49,1.494949494949495,13,7,0,not_identified
week,2026-08-11,all_observed,model_permaslug,total_tokens,100,100,100,149,49,1.49,13,7,0,not_identified
week,2026-08-11,all_observed,model_permaslug,total_tokens,101,101,101,150,49,1.4851485148514851,13,7,0,not_identified
week,2026-08-11,all_observed,model_permaslug,total_tokens,102,102,102,151,49,1.4803921568627452,13,7,0,not_identified
week,2026-08-11,all_observed,model_permaslug,total_tokens,103,103,103,152,49,1.4757281553398058,13,7,0,not_identified
week,2026-08-11,all_observed,model_permaslug,total_tokens,104,104,104,154,50,1.4807692307692308,13,7,0,not_identified
week,2026-08-11,all_observed,model_permaslug,total_tokens,105,105,105,155,50,1.4761904761904763,13,7,0,not_identified
week,2026-08-11,all_observed,model_permaslug,total_tokens,106,106,106,156,50,1.471698113207547,14,7,0,not_identified
week,2026-08-11,all_observed,model_permaslug,total_tokens,107,107,107,157,50,1.4672897196261683,14,7,0,not_identified
week,2026-08-11,all_observed,model_permaslug,total_tokens,108,108,108,158,50,1.462962962962963,14,7,0,not_identified
week,2026-08-11,all_observed,model_permaslug,total_tokens,109,109,109,159,50,1.4587155963302751,14,7,0,not_identified
week,2026-08-11,all_observed,model_permaslug,total_tokens,110,110,110,160,50,1.4545454545454546,14,7,0,not_identified
week,2026-08-11,all_observed,model_permaslug,total_tokens,111,111,111,161,50,1.4504504504504505,14,7,0,not_identified
week,2026-08-11,all_observed,model_permaslug,total_tokens,112,112,112,162,50,1.4464285714285714,14,7,0,not_identified
week,2026-08-11,all_observed,model_permaslug,total_tokens,113,113,113,164,51,1.4513274336283186,14,7,0,not_identified
week,2026-08-11,all_observed,model_permaslug,total_tokens,114,114,114,165,51,1.4473684210526316,14,7,0,not_identified
week,2026-08-11,all_observed,model_permaslug,total_tokens,115,115,115,166,51,1.4434782608695653,14,7,0,not_identified
week,2026-08-11,all_observed,model_permaslug,total_tokens,116,116,116,167,51,1.4396551724137931,14,7,0,not_identified
week,2026-08-11,all_observed,model_permaslug,total_tokens,117,117,117,169,52,1.4444444444444444,14,8,0,not_identified
week,2026-08-11,all_observed,model_permaslug,total_tokens,118,118,118,170,52,1.4406779661016949,14,8,0,not_identified
week,2026-08-11,all_observed,model_permaslug,total_tokens,119,119,119,171,52,1.4369747899159664,14,8,0,not_identified
week,2026-08-11,all_observed,model_permaslug,total_tokens,120,120,120,173,53,1.4416666666666667,14,8,0,not_identified
week,2026-08-11,all_observed,model_permaslug,total_tokens,121,121,121,174,53,1.43801652892562,14,8,0,not_identified
week,2026-08-11,all_observed,model_permaslug,total_tokens,122,122,122,175,53,1.4344262295081966,14,9,0,not_identified
week,2026-08-11,all_observed,model_permaslug,total_tokens,123,123,123,177,54,1.4390243902439024,14,9,0,not_identified
week,2026-08-11,all_observed,model_permaslug,total_tokens,124,124,124,178,54,1.435483870967742,14,9,0,not_identified
week,2026-08-11,all_observed,model_permaslug,total_tokens,125,125,125,179,54,1.432,14,9,0,not_identified
week,2026-08-11,all_observed,model_permaslug,total_tokens,126,126,126,180,54,1.4285714285714286,14,9,0,not_identified
week,2026-08-11,all_observed,model_permaslug,total_tokens,127,127,127,181,54,1.4251968503937007,14,10,0,not_identified
week,2026-08-11,all_observed,model_permaslug,total_tokens,128,128,128,182,54,1.421875,14,10,0,not_identified
week,2026-08-11,all_observed,model_permaslug,total_tokens,129,129,129,183,54,1.4186046511627908,14,10,0,not_identified
week,2026-08-11,all_observed,model_permaslug,total_tokens,130,130,130,185,55,1.4230769230769231,14,10,0,not_identified
week,2026-08-11,all_observed,model_permaslug,total_tokens,131,131,131,186,55,1.4198473282442747,14,10,0,not_identified
week,2026-08-11,all_observed,model_permaslug,total_tokens,132,132,132,187,55,1.4166666666666667,14,10,0,not_identified
week,2026-08-11,all_observed,model_permaslug,total_tokens,133,133,133,189,56,1.4210526315789473,14,10,0,not_identified
week,2026-08-11,all_observed,model_permaslug,total_tokens,134,134,134,190,56,1.4179104477611941,14,10,0,not_identified
week,2026-08-11,all_observed,model_permaslug,total_tokens,135,135,135,191,56,1.4148148148148147,14,10,0,not_identified
week,2026-08-11,all_observed,model_permaslug,total_tokens,136,136,136,192,56,1.411764705882353,14,10,0,not_identified
week,2026-08-11,all_observed,model_permaslug,total_tokens,137,137,137,193,56,1.4087591240875912,14,10,0,not_identified
week,2026-08-11,all_observed,model_permaslug,total_tokens,138,138,138,194,56,1.4057971014492754,14,10,0,not_identified
week,2026-08-11,all_observed,model_permaslug,total_tokens,139,139,139,195,56,1.4028776978417266,14,10,0,not_identified
week,2026-08-11,all_observed,model_permaslug,total_tokens,140,140,140,196,56,1.4,14,10,0,not_identified
week,2026-08-11,all_observed,model_permaslug,total_tokens,141,141,141,197,56,1.3971631205673758,14,10,0,not_identified
week,2026-08-11,all_observed,model_permaslug,total_tokens,142,142,142,198,56,1.3943661971830985,14,10,0,not_identified
week,2026-08-11,all_observed,model_permaslug,total_tokens,143,143,143,199,56,1.3916083916083917,14,10,0,not_identified
week,2026-08-11,all_observed,model_permaslug,total_tokens,144,144,144,200,56,1.3888888888888888,14,10,0,not_identified
week,2026-08-11,all_observed,model_permaslug,total_tokens,145,145,145,201,56,1.3862068965517242,14,10,0,not_identified
week,2026-08-11,all_observed,model_permaslug,total_tokens,146,146,146,202,56,1.3835616438356164,14,10,0,not_identified
week,2026-08-11,all_observed,model_permaslug,total_tokens,147,147,147,203,56,1.380952380952381,14,10,0,not_identified
week,2026-08-11,all_observed,model_permaslug,total_tokens,148,148,148,204,56,1.3783783783783783,14,10,0,not_identified
week,2026-08-11,all_observed,model_permaslug,total_tokens,149,149,149,205,56,1.3758389261744965,14,10,0,not_identified
week,2026-08-11,all_observed,model_permaslug,total_tokens,150,150,150,206,56,1.3733333333333333,14,10,0,not_identified
week,2026-08-11,all_observed,model_permaslug,total_tokens,151,151,151,208,57,1.3774834437086092,14,10,0,not_identified
week,2026-08-11,all_observed,model_permaslug,total_tokens,152,152,152,209,57,1.375,14,10,0,not_identified
week,2026-08-11,all_observed,model_permaslug,total_tokens,153,153,153,210,57,1.3725490196078431,14,10,0,not_identified
week,2026-08-11,all_observed,model_permaslug,total_tokens,154,154,154,211,57,1.37012987012987,14,10,0,not_identified
week,2026-08-11,all_observed,model_permaslug,total_tokens,155,155,155,212,57,1.367741935483871,14,10,0,not_identified
week,2026-08-11,all_observed,model_permaslug,total_tokens,156,156,156,213,57,1.3653846153846154,14,10,0,not_identified
week,2026-08-11,all_observed,model_permaslug,total_tokens,157,157,157,214,57,1.3630573248407643,14,10,0,not_identified
week,2026-08-11,all_observed,model_permaslug,total_tokens,158,158,158,215,57,1.360759493670886,14,11,0,not_identified
week,2026-08-11,all_observed,model_permaslug,total_tokens,159,159,159,216,57,1.3584905660377358,14,11,0,not_identified
week,2026-08-11,all_observed,model_permaslug,total_tokens,160,160,160,217,57,1.35625,14,11,0,not_identified
week,2026-08-11,all_observed,model_permaslug,total_tokens,161,161,161,218,57,1.3540372670807452,14,11,0,not_identified
week,2026-08-11,all_observed,model_permaslug,total_tokens,162,162,162,219,57,1.3518518518518519,14,11,0,not_identified
week,2026-08-11,all_observed,model_permaslug,total_tokens,163,163,163,220,57,1.3496932515337423,14,11,0,not_identified
week,2026-08-11,all_observed,model_permaslug,total_tokens,164,164,164,221,57,1.3475609756097562,14,11,0,not_identified
week,2026-08-11,all_observed,model_permaslug,total_tokens,165,165,165,222,57,1.3454545454545455,14,11,0,not_identified
week,2026-08-11,all_observed,model_permaslug,total_tokens,166,166,166,223,57,1.3433734939759037,14,11,0,not_identified
week,2026-08-11,all_observed,model_permaslug,total_tokens,167,167,167,224,57,1.341317365269461,14,11,0,not_identified
week,2026-08-11,all_observed,model_permaslug,total_tokens,168,168,168,225,57,1.3392857142857142,14,11,0,not_identified
week,2026-08-11,all_observed,model_permaslug,total_tokens,169,169,169,226,57,1.3372781065088757,14,11,0,not_identified
week,2026-08-11,all_observed,model_permaslug,total_tokens,170,170,170,227,57,1.3352941176470587,14,11,0,not_identified
week,2026-08-11,all_observed,model_permaslug,total_tokens,171,171,171,228,57,1.3333333333333333,14,11,0,not_identified
week,2026-08-11,all_observed,model_permaslug,total_tokens,172,172,172,229,57,1.3313953488372092,14,12,0,not_identified
week,2026-08-11,all_observed,model_permaslug,total_tokens,173,173,173,230,57,1.329479768786127,14,12,0,not_identified
week,2026-08-11,all_observed,model_permaslug,total_tokens,174,174,174,231,57,1.3275862068965518,14,12,0,not_identified
week,2026-08-11,all_observed,model_permaslug,total_tokens,175,175,175,232,57,1.3257142857142856,14,12,0,not_identified
week,2026-08-11,all_observed,model_permaslug,total_tokens,176,176,176,233,57,1.3238636363636365,14,12,0,not_identified
week,2026-08-11,all_observed,model_permaslug,total_tokens,177,177,177,234,57,1.3220338983050848,14,13,0,not_identified
week,2026-08-11,all_observed,model_permaslug,total_tokens,178,178,178,235,57,1.3202247191011236,14,13,0,not_identified
week,2026-08-11,all_observed,model_permaslug,total_tokens,179,179,179,236,57,1.318435754189944,14,13,0,not_identified
week,2026-08-11,all_observed,model_permaslug,total_tokens,180,180,180,237,57,1.3166666666666667,14,13,0,not_identified
week,2026-08-11,all_observed,model_permaslug,total_tokens,181,181,181,238,57,1.3149171270718232,14,13,0,not_identified
week,2026-08-11,all_observed,model_permaslug,total_tokens,182,182,182,239,57,1.3131868131868132,14,13,0,not_identified
week,2026-08-11,all_observed,model_permaslug,total_tokens,183,183,183,240,57,1.3114754098360655,14,13,0,not_identified
week,2026-08-11,all_observed,model_permaslug,total_tokens,184,184,184,241,57,1.309782608695652,14,13,0,not_identified
week,2026-08-11,all_observed,model_permaslug,total_tokens,185,185,185,242,57,1.308108108108108,14,13,0,not_identified
week,2026-08-11,all_observed,model_permaslug,total_tokens,186,186,186,243,57,1.3064516129032258,14,13,0,not_identified
week,2026-08-11,all_observed,model_permaslug,total_tokens,187,187,187,244,57,1.304812834224599,14,13,0,not_identified
week,2026-08-11,all_observed,model_permaslug,total_tokens,188,188,188,245,57,1.303191489361702,14,13,0,not_identified
week,2026-08-11,all_observed,model_permaslug,total_tokens,189,189,189,246,57,1.3015873015873016,14,13,0,not_identified
week,2026-08-11,all_observed,model_permaslug,total_tokens,190,190,190,247,57,1.3,14,13,0,not_identified
week,2026-08-11,all_observed,model_permaslug,total_tokens,191,191,191,248,57,1.2984293193717278,14,13,0,not_identified
week,2026-08-11,all_observed,model_permaslug,total_tokens,192,192,192,249,57,1.296875,14,13,0,not_identified
week,2026-08-11,all_observed,model_permaslug,total_tokens,193,193,193,250,57,1.2953367875647668,14,13,0,not_identified
week,2026-08-11,all_observed,model_permaslug,total_tokens,194,194,194,251,57,1.2938144329896908,14,13,0,not_identified
week,2026-08-11,all_observed,model_permaslug,total_tokens,195,195,195,252,57,1.2923076923076924,14,13,0,not_identified
week,2026-08-11,all_observed,model_permaslug,total_tokens,196,196,196,253,57,1.2908163265306123,14,13,0,not_identified
week,2026-08-11,all_observed,model_permaslug,total_tokens,197,197,197,254,57,1.2893401015228427,14,13,0,not_identified
week,2026-08-11,all_observed,model_permaslug,total_tokens,198,198,198,255,57,1.2878787878787878,14,13,0,not_identified
week,2026-08-11,all_observed,model_permaslug,total_tokens,199,199,199,256,57,1.2864321608040201,14,13,0,not_identified
week,2026-08-11,all_observed,model_permaslug,total_tokens,200,200,200,257,57,1.285,14,13,0,not_identified
week,2026-08-11,all_observed,model_permaslug,total_tokens,201,201,201,258,57,1.2835820895522387,14,14,0,not_identified
week,2026-08-11,all_observed,model_permaslug,total_tokens,202,202,202,259,57,1.2821782178217822,14,14,0,not_identified
week,2026-08-11,all_observed,model_permaslug,total_tokens,203,203,203,260,57,1.2807881773399015,14,14,0,not_identified
week,2026-08-11,all_observed,model_permaslug,total_tokens,204,204,204,261,57,1.2794117647058822,14,14,0,not_identified
week,2026-08-11,all_observed,model_permaslug,total_tokens,205,205,205,262,57,1.278048780487805,14,14,0,not_identified
week,2026-08-11,all_observed,model_permaslug,total_tokens,206,206,206,263,57,1.2766990291262137,14,14,0,not_identified
week,2026-08-11,all_observed,model_permaslug,total_tokens,207,207,207,264,57,1.2753623188405796,14,14,0,not_identified
week,2026-08-11,all_observed,model_permaslug,total_tokens,208,208,208,265,57,1.2740384615384615,14,14,0,not_identified
week,2026-08-11,all_observed,model_permaslug,total_tokens,209,209,209,266,57,1.2727272727272727,14,14,0,not_identified
week,2026-08-11,all_observed,model_permaslug,total_tokens,210,210,210,267,57,1.2714285714285714,14,14,0,not_identified
week,2026-08-11,all_observed,model_permaslug,total_tokens,211,211,211,268,57,1.2701421800947867,14,14,0,not_identified
week,2026-08-11,all_observed,model_permaslug,total_tokens,212,212,212,269,57,1.2688679245283019,14,14,0,not_identified
week,2026-08-11,all_observed,model_permaslug,total_tokens,213,213,213,270,57,1.267605633802817,14,14,0,not_identified
week,2026-08-11,all_observed,model_permaslug,total_tokens,214,214,214,271,57,1.266355140186916,14,14,0,not_identified
week,2026-08-11,all_observed,model_permaslug,total_tokens,215,215,215,272,57,1.2651162790697674,14,14,0,not_identified
week,2026-08-11,all_observed,model_permaslug,total_tokens,216,216,216,273,57,1.2638888888888888,14,14,0,not_identified
week,2026-08-11,all_observed,model_permaslug,total_tokens,217,217,217,274,57,1.262672811059908,14,14,0,not_identified
week,2026-08-11,all_observed,model_permaslug,total_tokens,218,218,218,275,57,1.261467889908257,14,14,0,not_identified
week,2026-08-11,all_observed,model_permaslug,total_tokens,219,219,219,276,57,1.2602739726027397,14,14,0,not_identified
week,2026-08-11,all_observed,model_permaslug,total_tokens,220,220,220,277,57,1.259090909090909,14,14,0,not_identified
week,2026-08-11,all_observed,model_permaslug,total_tokens,221,221,221,278,57,1.257918552036199,14,15,0,not_identified
week,2026-08-11,all_observed,model_permaslug,total_tokens,222,222,222,279,57,1.2567567567567568,14,15,0,not_identified
week,2026-08-11,all_observed,model_permaslug,total_tokens,223,223,223,280,57,1.2556053811659194,14,15,0,not_identified
week,2026-08-11,all_observed,model_permaslug,total_tokens,224,224,224,281,57,1.2544642857142858,14,15,0,not_identified
week,2026-08-11,all_observed,model_permaslug,total_tokens,225,225,225,282,57,1.2533333333333334,14,15,0,not_identified
week,2026-08-11,all_observed,model_permaslug,total_tokens,226,226,226,283,57,1.252212389380531,14,15,0,not_identified
week,2026-08-11,all_observed,model_permaslug,total_tokens,227,227,227,284,57,1.251101321585903,14,15,0,not_identified
week,2026-08-11,all_observed,model_permaslug,total_tokens,228,228,228,285,57,1.25,14,15,0,not_identified
week,2026-08-11,all_observed,model_permaslug,total_tokens,229,229,229,286,57,1.2489082969432315,14,15,0,not_identified
week,2026-08-11,all_observed,model_permaslug,total_tokens,230,230,230,287,57,1.2478260869565216,14,15,0,not_identified
week,2026-08-11,all_observed,model_permaslug,total_tokens,231,231,231,288,57,1.2467532467532467,14,15,0,not_identified
week,2026-08-11,all_observed,model_permaslug,total_tokens,232,232,232,289,57,1.2456896551724137,14,15,0,not_identified
week,2026-08-11,all_observed,model_permaslug,total_tokens,233,233,233,290,57,1.2446351931330473,14,15,0,not_identified
week,2026-08-11,all_observed,model_permaslug,total_tokens,234,234,234,291,57,1.2435897435897436,14,15,0,not_identified
week,2026-08-11,all_observed,model_permaslug,total_tokens,235,235,235,292,57,1.2425531914893617,14,15,0,not_identified
week,2026-08-11,all_observed,model_permaslug,total_tokens,236,236,236,293,57,1.2415254237288136,14,15,0,not_identified
week,2026-08-11,all_observed,model_permaslug,total_tokens,237,237,237,295,58,1.2447257383966244,14,15,0,not_identified
week,2026-08-11,all_observed,model_permaslug,total_tokens,238,238,238,296,58,1.2436974789915967,14,15,0,not_identified
week,2026-08-11,all_observed,model_permaslug,total_tokens,239,239,239,297,58,1.2426778242677825,14,15,0,not_identified
week,2026-08-11,all_observed,model_permaslug,total_tokens,240,240,240,298,58,1.2416666666666667,14,15,0,not_identified
week,2026-08-11,all_observed,model_permaslug,total_tokens,241,241,241,299,58,1.2406639004149378,14,15,0,not_identified
week,2026-08-11,all_observed,model_permaslug,total_tokens,242,242,242,300,58,1.2396694214876034,14,15,0,not_identified
week,2026-08-11,all_observed,model_permaslug,total_tokens,243,243,243,301,58,1.2386831275720165,14,15,0,not_identified
week,2026-08-11,all_observed,model_permaslug,total_tokens,244,244,244,303,59,1.2418032786885247,14,15,0,not_identified
week,2026-08-11,all_observed,model_permaslug,total_tokens,245,245,245,304,59,1.2408163265306122,14,16,0,not_identified
week,2026-08-11,all_observed,model_permaslug,total_tokens,246,246,246,305,59,1.2398373983739837,14,16,0,not_identified
week,2026-08-11,all_observed,model_permaslug,total_tokens,247,247,247,306,59,1.2388663967611335,14,16,0,not_identified
week,2026-08-11,all_observed,model_permaslug,total_tokens,248,248,248,307,59,1.2379032258064515,14,16,0,not_identified
week,2026-08-11,all_observed,model_permaslug,total_tokens,249,249,249,308,59,1.2369477911646587,14,16,0,not_identified
week,2026-08-11,all_observed,model_permaslug,total_tokens,250,250,250,309,59,1.236,14,16,0,not_identified
week,2026-08-11,all_observed,model_permaslug,total_tokens,251,251,251,310,59,1.2350597609561753,15,16,0,not_identified
week,2026-08-11,all_observed,model_permaslug,total_tokens,252,252,252,311,59,1.2341269841269842,15,16,0,not_identified
week,2026-08-11,all_observed,model_permaslug,total_tokens,253,253,253,312,59,1.233201581027668,15,16,0,not_identified
week,2026-08-11,all_observed,model_permaslug,total_tokens,254,254,254,313,59,1.2322834645669292,15,16,0,not_identified
week,2026-08-11,all_observed,model_permaslug,total_tokens,255,255,255,314,59,1.231372549019608,15,16,0,not_identified
week,2026-08-11,all_observed,model_permaslug,total_tokens,256,256,256,315,59,1.23046875,15,16,0,not_identified
week,2026-08-11,all_observed,model_permaslug,total_tokens,257,257,257,316,59,1.2295719844357977,15,16,0,not_identified
week,2026-08-11,all_observed,model_permaslug,total_tokens,258,258,258,317,59,1.2286821705426356,15,16,0,not_identified
week,2026-08-11,all_observed,model_permaslug,total_tokens,259,259,259,319,60,1.2316602316602316,15,16,0,not_identified
week,2026-08-11,all_observed,model_permaslug,total_tokens,260,260,260,320,60,1.2307692307692308,15,16,0,not_identified
week,2026-08-11,all_observed,model_permaslug,total_tokens,261,261,261,321,60,1.2298850574712643,15,16,0,not_identified
week,2026-08-11,all_observed,model_permaslug,total_tokens,262,262,262,322,60,1.2290076335877862,15,16,0,not_identified
week,2026-08-11,all_observed,model_permaslug,total_tokens,263,263,263,323,60,1.2281368821292775,15,16,0,not_identified
week,2026-08-11,all_observed,model_permaslug,total_tokens,264,264,264,324,60,1.2272727272727273,15,16,0,not_identified
week,2026-08-11,all_observed,model_permaslug,total_tokens,265,265,265,325,60,1.2264150943396226,15,16,0,not_identified
week,2026-08-11,all_observed,model_permaslug,total_tokens,266,266,266,326,60,1.2255639097744362,15,16,0,not_identified
week,2026-08-11,all_observed,model_permaslug,total_tokens,267,267,267,327,60,1.2247191011235956,15,17,0,not_identified
week,2026-08-11,all_observed,model_permaslug,total_tokens,268,268,268,328,60,1.2238805970149254,15,17,0,not_identified
week,2026-08-11,all_observed,model_permaslug,total_tokens,269,269,269,329,60,1.2230483271375465,15,17,0,not_identified
week,2026-08-11,all_observed,model_permaslug,total_tokens,270,270,270,330,60,1.2222222222222223,15,17,0,not_identified
week,2026-08-11,all_observed,model_permaslug,total_tokens,271,271,271,331,60,1.2214022140221403,15,17,0,not_identified
week,2026-08-11,all_observed,model_permaslug,total_tokens,272,272,272,332,60,1.2205882352941178,15,17,0,not_identified
week,2026-08-11,all_observed,model_permaslug,total_tokens,273,273,273,333,60,1.2197802197802199,15,17,0,not_identified
week,2026-08-11,all_observed,model_permaslug,total_tokens,274,274,274,334,60,1.218978102189781,15,17,0,not_identified
week,2026-08-11,all_observed,model_permaslug,total_tokens,275,275,275,336,61,1.221818181818182,15,17,0,not_identified
week,2026-08-11,all_observed,model_permaslug,total_tokens,276,276,276,337,61,1.2210144927536233,15,17,0,not_identified
week,2026-08-11,all_observed,model_permaslug,total_tokens,277,277,277,338,61,1.220216606498195,15,17,0,not_identified
week,2026-08-11,all_observed,model_permaslug,total_tokens,278,278,278,339,61,1.2194244604316546,15,17,0,not_identified
week,2026-08-11,all_observed,model_permaslug,total_tokens,279,279,279,340,61,1.2186379928315412,15,17,0,not_identified
week,2026-08-11,all_observed,model_permaslug,total_tokens,280,280,280,341,61,1.2178571428571427,15,17,0,not_identified
week,2026-08-11,all_observed,model_permaslug,total_tokens,281,281,281,342,61,1.217081850533808,15,17,0,not_identified
week,2026-08-11,all_observed,model_permaslug,total_tokens,282,282,282,343,61,1.2163120567375887,15,17,0,not_identified
week,2026-08-11,all_observed,model_permaslug,total_tokens,283,283,283,344,61,1.215547703180212,15,17,0,not_identified
week,2026-08-11,all_observed,model_permaslug,total_tokens,284,284,284,345,61,1.2147887323943662,15,17,0,not_identified
week,2026-08-11,all_observed,model_permaslug,total_tokens,285,285,285,346,61,1.2140350877192982,15,17,0,not_identified
week,2026-08-11,all_observed,model_permaslug,total_tokens,286,286,286,347,61,1.2132867132867133,15,18,0,not_identified
week,2026-08-11,all_observed,model_permaslug,total_tokens,287,287,287,348,61,1.2125435540069687,15,18,0,not_identified
week,2026-08-11,all_observed,model_permaslug,total_tokens,288,288,288,349,61,1.2118055555555556,15,18,0,not_identified
week,2026-08-11,all_observed,model_permaslug,total_tokens,289,289,289,350,61,1.2110726643598615,15,19,0,not_identified
week,2026-08-11,all_observed,model_permaslug,total_tokens,290,290,290,351,61,1.210344827586207,15,19,0,not_identified
week,2026-08-11,all_observed,model_permaslug,total_tokens,291,291,291,352,61,1.2096219931271477,15,19,0,not_identified
week,2026-08-11,all_observed,model_permaslug,total_tokens,292,292,292,353,61,1.2089041095890412,15,19,0,not_identified
week,2026-08-11,all_observed,model_permaslug,total_tokens,293,293,293,354,61,1.2081911262798635,15,19,0,not_identified
week,2026-08-11,all_observed,model_permaslug,total_tokens,294,294,294,355,61,1.2074829931972788,15,19,0,not_identified
week,2026-08-11,all_observed,model_permaslug,total_tokens,295,295,295,356,61,1.2067796610169492,15,19,0,not_identified
week,2026-08-11,all_observed,model_permaslug,total_tokens,296,296,296,357,61,1.2060810810810811,15,20,0,not_identified
week,2026-08-11,all_observed,model_permaslug,total_tokens,297,297,297,358,61,1.2053872053872055,15,20,0,not_identified
week,2026-08-11,all_observed,model_permaslug,total_tokens,298,298,298,359,61,1.2046979865771812,15,20,0,not_identified
week,2026-08-11,all_observed,model_permaslug,total_tokens,299,299,299,360,61,1.2040133779264215,15,20,0,not_identified
week,2026-08-11,all_observed,model_permaslug,total_tokens,300,300,300,361,61,1.2033333333333334,15,20,0,not_identified
week,2026-08-11,all_observed,model_permaslug,total_tokens,301,301,301,362,61,1.2026578073089702,15,20,0,not_identified
week,2026-08-11,all_observed,model_permaslug,total_tokens,302,302,302,363,61,1.2019867549668874,15,20,0,not_identified
week,2026-08-11,all_observed,model_permaslug,total_tokens,303,303,303,364,61,1.2013201320132014,15,20,0,not_identified
week,2026-08-11,all_observed,model_permaslug,total_tokens,304,304,304,365,61,1.200657894736842,15,20,0,not_identified
week,2026-08-11,all_observed,model_permaslug,total_tokens,305,305,305,366,61,1.2,15,20,0,not_identified
week,2026-08-11,all_observed,model_permaslug,total_tokens,306,306,306,368,62,1.2026143790849673,15,20,0,not_identified
week,2026-08-11,all_observed,model_permaslug,total_tokens,307,307,307,369,62,1.201954397394137,15,20,0,not_identified
week,2026-08-11,all_observed,model_permaslug,total_tokens,308,308,308,370,62,1.2012987012987013,15,20,0,not_identified
week,2026-08-11,all_observed,model_permaslug,total_tokens,309,309,309,371,62,1.2006472491909386,15,20,0,not_identified
week,2026-08-11,all_observed,model_permaslug,total_tokens,310,310,310,372,62,1.2,15,20,0,not_identified
week,2026-08-11,all_observed,model_permaslug,total_tokens,311,311,311,373,62,1.1993569131832797,15,20,0,not_identified
week,2026-08-11,all_observed,model_permaslug,total_tokens,312,312,312,374,62,1.1987179487179487,16,20,0,not_identified
week,2026-08-11,all_observed,model_permaslug,total_tokens,313,313,313,375,62,1.1980830670926517,16,20,0,not_identified
week,2026-08-11,all_observed,model_permaslug,total_tokens,314,314,314,376,62,1.197452229299363,16,21,0,not_identified
week,2026-08-11,all_observed,model_permaslug,total_tokens,315,315,315,377,62,1.1968253968253968,16,21,0,not_identified
week,2026-08-11,all_observed,model_permaslug,total_tokens,316,316,316,378,62,1.1962025316455696,16,21,0,not_identified
week,2026-08-11,all_observed,model_permaslug,total_tokens,317,317,317,379,62,1.195583596214511,16,21,0,not_identified
week,2026-08-11,all_observed,model_permaslug,total_tokens,318,318,318,380,62,1.1949685534591195,16,21,0,not_identified
week,2026-08-11,all_observed,model_permaslug,total_tokens,319,319,319,381,62,1.1943573667711598,16,21,0,not_identified
week,2026-08-11,all_observed,model_permaslug,total_tokens,320,320,320,382,62,1.19375,16,21,0,not_identified
week,2026-08-11,all_observed,model_permaslug,total_tokens,321,321,321,383,62,1.1931464174454829,16,21,0,not_identified
week,2026-08-11,all_observed,model_permaslug,total_tokens,322,322,322,384,62,1.1925465838509317,16,21,0,not_identified
week,2026-08-11,all_observed,model_permaslug,total_tokens,323,323,323,385,62,1.1919504643962848,16,21,0,not_identified
week,2026-08-11,all_observed,model_permaslug,total_tokens,324,324,324,386,62,1.191358024691358,16,21,0,not_identified
week,2026-08-11,all_observed,model_permaslug,total_tokens,325,325,325,387,62,1.1907692307692308,16,21,0,not_identified
week,2026-08-11,all_observed,model_permaslug,total_tokens,326,326,326,388,62,1.1901840490797546,16,21,0,not_identified
week,2026-08-11,all_observed,model_permaslug,total_tokens,327,327,327,389,62,1.1896024464831805,16,21,0,not_identified
week,2026-08-11,all_observed,model_permaslug,total_tokens,328,328,328,390,62,1.1890243902439024,16,21,0,not_identified
week,2026-08-11,all_observed,model_permaslug,total_tokens,329,329,329,391,62,1.1884498480243162,16,21,0,not_identified
week,2026-08-11,all_observed,model_permaslug,total_tokens,330,330,330,392,62,1.187878787878788,16,21,0,not_identified
week,2026-08-11,all_observed,model_permaslug,total_tokens,331,331,331,393,62,1.1873111782477341,16,21,0,not_identified
week,2026-08-11,all_observed,model_permaslug,total_tokens,332,332,332,394,62,1.1867469879518073,16,21,0,not_identified
week,2026-08-11,all_observed,model_permaslug,total_tokens,333,333,333,395,62,1.1861861861861862,16,21,0,not_identified
week,2026-08-11,all_observed,model_permaslug,total_tokens,334,334,334,396,62,1.18562874251497,16,21,0,not_identified
week,2026-08-11,all_observed,model_permaslug,total_tokens,335,335,335,397,62,1.1850746268656716,16,21,0,not_identified
week,2026-08-11,all_observed,model_permaslug,total_tokens,336,336,336,398,62,1.1845238095238095,16,21,0,not_identified
week,2026-08-11,all_observed,model_permaslug,total_tokens,337,337,337,399,62,1.1839762611275964,16,21,0,not_identified
week,2026-08-11,all_observed,model_permaslug,total_tokens,338,338,338,400,62,1.183431952662722,16,21,0,not_identified
week,2026-08-11,all_observed,model_permaslug,total_tokens,339,339,339,401,62,1.182890855457227,16,21,0,not_identified
week,2026-08-11,all_observed,model_permaslug,total_tokens,340,340,340,402,62,1.1823529411764706,16,21,0,not_identified
week,2026-08-11,all_observed,model_permaslug,total_tokens,341,341,341,403,62,1.1818181818181819,16,21,0,not_identified
week,2026-08-11,all_observed,model_permaslug,total_tokens,342,342,342,404,62,1.1812865497076024,16,21,0,not_identified
week,2026-08-11,all_observed,model_permaslug,total_tokens,343,343,343,405,62,1.1807580174927115,16,21,0,not_identified
week,2026-08-11,all_observed,model_permaslug,total_tokens,344,344,344,406,62,1.180232558139535,16,21,0,not_identified
week,2026-08-11,all_observed,model_permaslug,total_tokens,345,345,345,407,62,1.1797101449275362,16,21,0,not_identified
week,2026-08-11,all_observed,model_permaslug,total_tokens,346,346,346,408,62,1.1791907514450868,16,21,0,not_identified
week,2026-08-11,all_observed,model_permaslug,total_tokens,347,347,347,409,62,1.1786743515850144,16,21,0,not_identified
week,2026-08-11,all_observed,model_permaslug,total_tokens,348,348,348,410,62,1.1781609195402298,16,21,0,not_identified
week,2026-08-11,all_observed,model_permaslug,total_tokens,349,349,349,411,62,1.177650429799427,16,21,0,not_identified
week,2026-08-11,all_observed,model_permaslug,total_tokens,350,350,350,412,62,1.177142857142857,16,21,0,not_identified
week,2026-08-11,all_observed,model_permaslug,total_tokens,351,351,351,413,62,1.1766381766381766,16,21,0,not_identified
week,2026-08-11,all_observed,model_permaslug,total_tokens,352,352,352,414,62,1.1761363636363635,16,21,0,not_identified
week,2026-08-11,all_observed,model_permaslug,total_tokens,353,353,353,415,62,1.1756373937677054,16,21,0,not_identified
week,2026-08-11,all_observed,model_permaslug,total_tokens,354,354,354,416,62,1.1751412429378532,16,21,0,not_identified
week,2026-08-11,all_observed,model_permaslug,total_tokens,355,355,355,417,62,1.1746478873239437,16,21,0,not_identified
week,2026-08-11,all_observed,model_permaslug,total_tokens,356,356,356,418,62,1.1741573033707866,16,21,0,not_identified
week,2026-08-11,all_observed,model_permaslug,total_tokens,357,357,357,419,62,1.173669467787115,16,21,0,not_identified
week,2026-08-11,all_observed,model_permaslug,total_tokens,358,358,358,420,62,1.1731843575418994,16,21,0,not_identified
week,2026-08-11,all_observed,model_permaslug,total_tokens,359,359,359,421,62,1.1727019498607243,16,21,0,not_identified
week,2026-08-11,all_observed,model_permaslug,total_tokens,360,360,360,422,62,1.1722222222222223,16,21,0,not_identified
week,2026-08-11,all_observed,model_permaslug,total_tokens,361,361,361,423,62,1.1717451523545706,16,21,0,not_identified
week,2026-08-11,all_observed,model_permaslug,total_tokens,362,362,362,424,62,1.171270718232044,16,21,0,not_identified
week,2026-08-11,all_observed,model_permaslug,total_tokens,363,363,363,425,62,1.1707988980716253,16,21,0,not_identified
week,2026-08-11,all_observed,model_permaslug,total_tokens,364,364,364,426,62,1.1703296703296704,16,21,0,not_identified
week,2026-08-11,all_observed,model_permaslug,total_tokens,365,365,365,427,62,1.16986301369863,16,21,0,not_identified
week,2026-08-11,all_observed,model_permaslug,total_tokens,366,366,366,428,62,1.169398907103825,16,21,0,not_identified
week,2026-08-11,all_observed,model_permaslug,total_tokens,367,367,367,429,62,1.1689373297002725,16,21,0,not_identified
week,2026-08-11,all_observed,model_permaslug,total_tokens,368,368,368,430,62,1.1684782608695652,16,22,0,not_identified
week,2026-08-11,all_observed,model_permaslug,total_tokens,369,369,369,431,62,1.1680216802168022,16,22,0,not_identified
week,2026-08-11,all_observed,model_permaslug,total_tokens,370,370,370,432,62,1.1675675675675676,16,22,0,not_identified
week,2026-08-11,all_observed,model_permaslug,total_tokens,371,371,371,433,62,1.1671159029649596,16,22,0,not_identified
week,2026-08-11,all_observed,model_permaslug,total_tokens,372,372,372,434,62,1.1666666666666667,16,22,0,not_identified
week,2026-08-11,all_observed,model_permaslug,total_tokens,373,373,373,435,62,1.1662198391420913,16,22,0,not_identified
week,2026-08-11,all_observed,model_permaslug,total_tokens,374,374,374,436,62,1.1657754010695187,16,22,0,not_identified
week,2026-08-11,all_observed,model_permaslug,total_tokens,375,375,375,437,62,1.1653333333333333,16,22,0,not_identified
week,2026-08-11,all_observed,model_permaslug,total_tokens,376,376,376,438,62,1.1648936170212767,16,22,0,not_identified
week,2026-08-11,all_observed,model_permaslug,total_tokens,377,377,377,439,62,1.1644562334217508,16,22,0,not_identified
week,2026-08-11,all_observed,model_permaslug,total_tokens,378,378,378,440,62,1.164021164021164,16,22,0,not_identified
week,2026-08-11,all_observed,model_permaslug,total_tokens,379,379,379,441,62,1.1635883905013193,16,22,0,not_identified
week,2026-08-11,all_observed,model_permaslug,total_tokens,380,380,380,442,62,1.1631578947368422,16,22,0,not_identified
week,2026-08-11,all_observed,model_permaslug,total_tokens,381,381,381,443,62,1.162729658792651,16,22,0,not_identified
week,2026-08-11,all_observed,model_permaslug,total_tokens,382,382,382,444,62,1.162303664921466,16,22,0,not_identified
week,2026-08-11,all_observed,model_permaslug,total_tokens,383,383,383,445,62,1.1618798955613576,16,22,0,not_identified
week,2026-08-11,all_observed,model_permaslug,total_tokens,384,384,384,446,62,1.1614583333333333,16,22,0,not_identified
week,2026-08-11,all_observed,model_permaslug,total_tokens,385,385,385,447,62,1.161038961038961,16,22,0,not_identified
week,2026-08-11,all_observed,model_permaslug,total_tokens,386,386,386,448,62,1.160621761658031,16,22,0,not_identified
week,2026-08-11,all_observed,model_permaslug,total_tokens,387,387,387,449,62,1.1602067183462532,16,22,0,not_identified
week,2026-08-11,all_observed,model_permaslug,total_tokens,388,388,388,450,62,1.1597938144329898,16,22,0,not_identified
week,2026-08-11,all_observed,model_permaslug,total_tokens,389,389,389,451,62,1.1593830334190232,16,22,0,not_identified
week,2026-08-11,all_observed,model_permaslug,total_tokens,390,390,390,452,62,1.158974358974359,16,22,0,not_identified
week,2026-08-11,all_observed,model_permaslug,total_tokens,391,391,391,453,62,1.1585677749360614,16,22,0,not_identified
week,2026-08-11,all_observed,model_permaslug,total_tokens,392,392,392,454,62,1.1581632653061225,16,22,0,not_identified
week,2026-08-11,all_observed,model_permaslug,total_tokens,393,393,393,455,62,1.1577608142493638,16,22,0,not_identified
week,2026-08-11,all_observed,model_permaslug,total_tokens,394,394,394,456,62,1.1573604060913705,16,22,0,not_identified
week,2026-08-11,all_observed,model_permaslug,total_tokens,395,395,395,457,62,1.1569620253164556,16,22,0,not_identified
week,2026-08-11,all_observed,model_permaslug,total_tokens,396,396,396,458,62,1.1565656565656566,16,22,0,not_identified
week,2026-08-11,all_observed,model_permaslug,total_tokens,397,397,397,459,62,1.1561712846347607,16,22,0,not_identified
week,2026-08-11,all_observed,model_permaslug,total_tokens,398,398,398,460,62,1.1557788944723617,16,22,0,not_identified
week,2026-08-11,all_observed,model_permaslug,total_tokens,399,399,399,461,62,1.155388471177945,16,22,0,not_identified
week,2026-08-11,all_observed,model_permaslug,total_tokens,400,400,400,462,62,1.155,16,22,0,not_identified
week,2026-08-11,all_observed,model_permaslug,total_tokens,401,401,401,463,62,1.1546134663341645,16,22,0,not_identified
week,2026-08-11,all_observed,model_permaslug,total_tokens,402,402,402,464,62,1.154228855721393,16,22,0,not_identified
week,2026-08-11,all_observed,model_permaslug,total_tokens,403,403,403,465,62,1.1538461538461537,16,22,0,not_identified
week,2026-08-11,all_observed,model_permaslug,total_tokens,404,404,404,466,62,1.1534653465346534,16,22,0,not_identified
week,2026-08-11,all_observed,model_permaslug,total_tokens,405,405,405,467,62,1.1530864197530863,16,22,0,not_identified
week,2026-08-11,all_observed,model_permaslug,total_tokens,406,406,406,468,62,1.1527093596059113,16,22,0,not_identified
week,2026-08-11,all_observed,model_permaslug,total_tokens,407,407,407,469,62,1.1523341523341524,16,22,0,not_identified
week,2026-08-11,all_observed,model_permaslug,total_tokens,408,408,408,470,62,1.1519607843137254,16,22,0,not_identified
week,2026-08-11,all_observed,model_permaslug,total_tokens,409,409,409,471,62,1.1515892420537897,16,22,0,not_identified
week,2026-08-11,all_observed,model_permaslug,total_tokens,410,410,410,472,62,1.1512195121951219,16,23,0,not_identified
week,2026-08-11,all_observed,model_permaslug,total_tokens,411,411,411,473,62,1.1508515815085159,16,23,0,not_identified
week,2026-08-11,all_observed,model_permaslug,total_tokens,412,412,412,474,62,1.1504854368932038,16,23,0,not_identified
week,2026-08-11,all_observed,model_permaslug,total_tokens,413,413,413,475,62,1.1501210653753027,16,23,0,not_identified
week,2026-08-11,all_observed,model_permaslug,total_tokens,414,414,414,476,62,1.1497584541062802,16,24,0,not_identified
week,2026-08-11,all_observed,model_permaslug,total_tokens,415,415,415,477,62,1.1493975903614457,16,24,0,not_identified
week,2026-08-11,all_observed,model_permaslug,total_tokens,416,416,416,478,62,1.1490384615384615,16,25,0,not_identified
week,2026-08-11,all_observed,model_permaslug,total_tokens,417,417,417,479,62,1.1486810551558753,16,25,0,not_identified
week,2026-08-11,all_observed,model_permaslug,total_tokens,418,418,418,480,62,1.1483253588516746,16,25,0,not_identified
week,2026-08-11,all_observed,model_permaslug,total_tokens,419,419,419,481,62,1.1479713603818615,16,25,0,not_identified
week,2026-08-11,all_observed,model_permaslug,total_tokens,420,420,420,482,62,1.1476190476190475,16,25,0,not_identified
week,2026-08-11,all_observed,model_permaslug,total_tokens,421,421,421,483,62,1.147268408551069,16,25,0,not_identified
week,2026-08-11,all_observed,model_permaslug,total_tokens,422,422,422,484,62,1.146919431279621,16,25,0,not_identified
week,2026-08-11,all_observed,model_permaslug,total_tokens,423,423,423,485,62,1.1465721040189125,16,25,0,not_identified
week,2026-08-11,all_observed,model_permaslug,total_tokens,424,424,424,486,62,1.1462264150943395,16,25,0,not_identified
week,2026-08-11,all_observed,model_permaslug,total_tokens,425,425,425,487,62,1.1458823529411766,16,25,0,not_identified
week,2026-08-11,all_observed,model_permaslug,total_tokens,426,426,426,488,62,1.1455399061032865,16,25,0,not_identified
week,2026-08-11,all_observed,model_permaslug,total_tokens,427,427,427,489,62,1.14519906323185,16,25,0,not_identified
week,2026-08-11,all_observed,model_permaslug,total_tokens,428,428,428,490,62,1.144859813084112,16,25,0,not_identified
week,2026-08-11,all_observed,model_permaslug,total_tokens,429,429,429,491,62,1.1445221445221445,16,25,0,not_identified
week,2026-08-11,all_observed,model_permaslug,total_tokens,430,430,430,492,62,1.1441860465116278,16,25,0,not_identified
week,2026-08-11,all_observed,model_permaslug,total_tokens,431,431,431,493,62,1.1438515081206497,16,25,0,not_identified
week,2026-08-11,all_observed,model_permaslug,total_tokens,432,432,432,494,62,1.1435185185185186,16,25,0,not_identified
week,2026-08-11,all_observed,model_permaslug,total_tokens,433,433,433,495,62,1.1431870669745958,16,25,0,not_identified
week,2026-08-11,all_observed,model_permaslug,total_tokens,434,434,434,496,62,1.1428571428571428,16,25,0,not_identified
week,2026-08-11,all_observed,model_permaslug,total_tokens,435,435,435,497,62,1.1425287356321838,16,25,0,not_identified
week,2026-08-11,all_observed,model_permaslug,total_tokens,436,436,436,498,62,1.1422018348623852,16,25,0,not_identified
week,2026-08-11,all_observed,model_permaslug,total_tokens,437,437,437,499,62,1.1418764302059496,16,25,0,not_identified
week,2026-08-11,all_observed,model_permaslug,total_tokens,438,438,438,500,62,1.1415525114155252,16,25,0,not_identified
week,2026-08-11,all_observed,model_permaslug,total_tokens,439,439,439,501,62,1.14123006833713,16,25,0,not_identified
week,2026-08-11,all_observed,model_permaslug,total_tokens,440,440,440,502,62,1.1409090909090909,17,25,0,not_identified
week,2026-08-11,all_observed,model_permaslug,total_tokens,441,441,441,503,62,1.1405895691609977,17,25,0,not_identified
week,2026-08-11,all_observed,model_permaslug,total_tokens,442,442,442,504,62,1.1402714932126696,17,25,0,not_identified
week,2026-08-11,all_observed,model_permaslug,total_tokens,443,443,443,505,62,1.1399548532731376,17,25,0,not_identified
week,2026-08-11,all_observed,model_permaslug,total_tokens,444,444,444,506,62,1.1396396396396395,17,25,0,not_identified
week,2026-08-11,all_observed,model_permaslug,total_tokens,445,445,445,507,62,1.1393258426966293,17,25,0,not_identified
week,2026-08-11,all_observed,model_permaslug,total_tokens,446,446,446,508,62,1.1390134529147982,17,25,0,not_identified
week,2026-08-11,all_observed,model_permaslug,requests,1,1,1,1,0,1.0,1,1,0,not_identified
week,2026-08-11,all_observed,model_permaslug,requests,2,2,2,2,0,1.0,1,1,0,not_identified
week,2026-08-11,all_observed,model_permaslug,requests,3,3,3,4,1,1.3333333333333333,2,2,0,not_identified
week,2026-08-11,all_observed,model_permaslug,requests,4,4,4,6,2,1.5,2,2,0,not_identified
week,2026-08-11,all_observed,model_permaslug,requests,5,5,5,8,3,1.6,3,3,0,not_identified
week,2026-08-11,all_observed,model_permaslug,requests,6,6,6,9,3,1.5,4,3,0,not_identified
week,2026-08-11,all_observed,model_permaslug,requests,7,7,7,11,4,1.5714285714285714,4,3,0,not_identified
week,2026-08-11,all_observed,model_permaslug,requests,8,8,8,13,5,1.625,4,3,0,not_identified
week,2026-08-11,all_observed,model_permaslug,requests,9,9,9,14,5,1.5555555555555556,4,3,0,not_identified
week,2026-08-11,all_observed,model_permaslug,requests,10,10,10,16,6,1.6,4,3,0,not_identified
week,2026-08-11,all_observed,model_permaslug,requests,11,11,11,17,6,1.5454545454545454,4,3,0,not_identified
week,2026-08-11,all_observed,model_permaslug,requests,12,12,12,18,6,1.5,4,4,0,not_identified
week,2026-08-11,all_observed,model_permaslug,requests,13,13,13,20,7,1.5384615384615385,5,5,0,not_identified
week,2026-08-11,all_observed,model_permaslug,requests,14,14,14,22,8,1.5714285714285714,5,5,0,not_identified
week,2026-08-11,all_observed,model_permaslug,requests,15,15,15,23,8,1.5333333333333334,5,5,0,not_identified
week,2026-08-11,all_observed,model_permaslug,requests,16,16,16,25,9,1.5625,5,5,0,not_identified
week,2026-08-11,all_observed,model_permaslug,requests,17,17,17,26,9,1.5294117647058822,5,6,0,not_identified
week,2026-08-11,all_observed,model_permaslug,requests,18,18,18,27,9,1.5,5,6,0,not_identified
week,2026-08-11,all_observed,model_permaslug,requests,19,19,19,28,9,1.4736842105263157,5,6,0,not_identified
week,2026-08-11,all_observed,model_permaslug,requests,20,20,20,29,9,1.45,6,6,0,not_identified
week,2026-08-11,all_observed,model_permaslug,requests,21,21,21,30,9,1.4285714285714286,7,6,0,not_identified
week,2026-08-11,all_observed,model_permaslug,requests,22,22,22,32,10,1.4545454545454546,7,6,0,not_identified
week,2026-08-11,all_observed,model_permaslug,requests,23,23,23,34,11,1.4782608695652173,7,6,0,not_identified
week,2026-08-11,all_observed,model_permaslug,requests,24,24,24,36,12,1.5,7,6,0,not_identified
week,2026-08-11,all_observed,model_permaslug,requests,25,25,25,38,13,1.52,8,6,0,not_identified
week,2026-08-11,all_observed,model_permaslug,requests,26,26,26,40,14,1.5384615384615385,8,6,0,not_identified
week,2026-08-11,all_observed,model_permaslug,requests,27,27,27,42,15,1.5555555555555556,8,6,0,not_identified
week,2026-08-11,all_observed,model_permaslug,requests,28,28,28,45,17,1.6071428571428572,8,6,0,not_identified
week,2026-08-11,all_observed,model_permaslug,requests,29,29,29,46,17,1.5862068965517242,8,6,0,not_identified
week,2026-08-11,all_observed,model_permaslug,requests,30,30,30,47,17,1.5666666666666667,9,6,0,not_identified
week,2026-08-11,all_observed,model_permaslug,requests,31,31,31,48,17,1.5483870967741935,9,6,0,not_identified
week,2026-08-11,all_observed,model_permaslug,requests,32,32,32,50,18,1.5625,9,6,0,not_identified
week,2026-08-11,all_observed,model_permaslug,requests,33,33,33,52,19,1.5757575757575757,9,6,0,not_identified
week,2026-08-11,all_observed,model_permaslug,requests,34,34,34,53,19,1.5588235294117647,9,6,0,not_identified
week,2026-08-11,all_observed,model_permaslug,requests,35,35,35,55,20,1.5714285714285714,9,6,0,not_identified
week,2026-08-11,all_observed,model_permaslug,requests,36,36,36,57,21,1.5833333333333333,9,6,0,not_identified
week,2026-08-11,all_observed,model_permaslug,requests,37,37,37,58,21,1.5675675675675675,10,6,0,not_identified
week,2026-08-11,all_observed,model_permaslug,requests,38,38,38,59,21,1.5526315789473684,10,6,0,not_identified
week,2026-08-11,all_observed,model_permaslug,requests,39,39,39,60,21,1.5384615384615385,11,6,0,not_identified
week,2026-08-11,all_observed,model_permaslug,requests,40,40,40,62,22,1.55,11,6,0,not_identified
week,2026-08-11,all_observed,model_permaslug,requests,41,41,41,63,22,1.5365853658536586,11,6,0,not_identified
week,2026-08-11,all_observed,model_permaslug,requests,42,42,42,64,22,1.5238095238095237,11,6,0,not_identified
week,2026-08-11,all_observed,model_permaslug,requests,43,43,43,65,22,1.5116279069767442,11,7,0,not_identified
week,2026-08-11,all_observed,model_permaslug,requests,44,44,44,66,22,1.5,11,7,0,not_identified
week,2026-08-11,all_observed,model_permaslug,requests,45,45,45,67,22,1.488888888888889,11,7,0,not_identified
week,2026-08-11,all_observed,model_permaslug,requests,46,46,46,69,23,1.5,11,7,0,not_identified
week,2026-08-11,all_observed,model_permaslug,requests,47,47,47,70,23,1.4893617021276595,11,7,0,not_identified
week,2026-08-11,all_observed,model_permaslug,requests,48,48,48,71,23,1.4791666666666667,11,7,0,not_identified
week,2026-08-11,all_observed,model_permaslug,requests,49,49,49,73,24,1.489795918367347,11,7,0,not_identified
week,2026-08-11,all_observed,model_permaslug,requests,50,50,50,74,24,1.48,11,7,0,not_identified
week,2026-08-11,all_observed,model_permaslug,requests,51,51,51,76,25,1.4901960784313726,11,7,0,not_identified
week,2026-08-11,all_observed,model_permaslug,requests,52,52,52,78,26,1.5,11,7,0,not_identified
week,2026-08-11,all_observed,model_permaslug,requests,53,53,53,79,26,1.490566037735849,11,8,0,not_identified
week,2026-08-11,all_observed,model_permaslug,requests,54,54,54,81,27,1.5,11,8,0,not_identified
week,2026-08-11,all_observed,model_permaslug,requests,55,55,55,82,27,1.490909090909091,11,8,0,not_identified
week,2026-08-11,all_observed,model_permaslug,requests,56,56,56,83,27,1.4821428571428572,11,8,0,not_identified
week,2026-08-11,all_observed,model_permaslug,requests,57,57,57,85,28,1.4912280701754386,11,8,0,not_identified
week,2026-08-11,all_observed,model_permaslug,requests,58,58,58,86,28,1.4827586206896552,11,8,0,not_identified
week,2026-08-11,all_observed,model_permaslug,requests,59,59,59,88,29,1.4915254237288136,11,8,0,not_identified
week,2026-08-11,all_observed,model_permaslug,requests,60,60,60,89,29,1.4833333333333334,11,8,0,not_identified
week,2026-08-11,all_observed,model_permaslug,requests,61,61,61,90,29,1.4754098360655739,11,8,0,not_identified
week,2026-08-11,all_observed,model_permaslug,requests,62,62,62,91,29,1.467741935483871,11,8,0,not_identified
week,2026-08-11,all_observed,model_permaslug,requests,63,63,63,92,29,1.4603174603174602,11,8,0,not_identified
week,2026-08-11,all_observed,model_permaslug,requests,64,64,64,93,29,1.453125,12,8,0,not_identified
week,2026-08-11,all_observed,model_permaslug,requests,65,65,65,95,30,1.4615384615384615,12,8,0,not_identified
week,2026-08-11,all_observed,model_permaslug,requests,66,66,66,96,30,1.4545454545454546,13,8,0,not_identified
week,2026-08-11,all_observed,model_permaslug,requests,67,67,67,97,30,1.4477611940298507,13,8,0,not_identified
week,2026-08-11,all_observed,model_permaslug,requests,68,68,68,99,31,1.4558823529411764,13,8,0,not_identified
week,2026-08-11,all_observed,model_permaslug,requests,69,69,69,101,32,1.463768115942029,13,8,0,not_identified
week,2026-08-11,all_observed,model_permaslug,requests,70,70,70,103,33,1.4714285714285715,13,8,0,not_identified
week,2026-08-11,all_observed,model_permaslug,requests,71,71,71,105,34,1.4788732394366197,13,8,0,not_identified
week,2026-08-11,all_observed,model_permaslug,requests,72,72,72,106,34,1.4722222222222223,13,8,0,not_identified
week,2026-08-11,all_observed,model_permaslug,requests,73,73,73,107,34,1.4657534246575343,13,8,0,not_identified
week,2026-08-11,all_observed,model_permaslug,requests,74,74,74,108,34,1.4594594594594594,13,8,0,not_identified
week,2026-08-11,all_observed,model_permaslug,requests,75,75,75,109,34,1.4533333333333334,13,8,0,not_identified
week,2026-08-11,all_observed,model_permaslug,requests,76,76,76,111,35,1.4605263157894737,13,8,0,not_identified
week,2026-08-11,all_observed,model_permaslug,requests,77,77,77,112,35,1.4545454545454546,13,8,0,not_identified
week,2026-08-11,all_observed,model_permaslug,requests,78,78,78,114,36,1.4615384615384615,13,8,0,not_identified
week,2026-08-11,all_observed,model_permaslug,requests,79,79,79,116,37,1.4683544303797469,13,8,0,not_identified
week,2026-08-11,all_observed,model_permaslug,requests,80,80,80,118,38,1.475,13,8,0,not_identified
week,2026-08-11,all_observed,model_permaslug,requests,81,81,81,120,39,1.4814814814814814,13,8,0,not_identified
week,2026-08-11,all_observed,model_permaslug,requests,82,82,82,121,39,1.475609756097561,13,8,0,not_identified
week,2026-08-11,all_observed,model_permaslug,requests,83,83,83,122,39,1.4698795180722892,13,8,0,not_identified
week,2026-08-11,all_observed,model_permaslug,requests,84,84,84,123,39,1.4642857142857142,13,8,0,not_identified
week,2026-08-11,all_observed,model_permaslug,requests,85,85,85,125,40,1.4705882352941178,13,8,0,not_identified
week,2026-08-11,all_observed,model_permaslug,requests,86,86,86,126,40,1.4651162790697674,13,9,0,not_identified
week,2026-08-11,all_observed,model_permaslug,requests,87,87,87,127,40,1.4597701149425288,13,9,0,not_identified
week,2026-08-11,all_observed,model_permaslug,requests,88,88,88,129,41,1.4659090909090908,14,9,0,not_identified
week,2026-08-11,all_observed,model_permaslug,requests,89,89,89,131,42,1.4719101123595506,14,9,0,not_identified
week,2026-08-11,all_observed,model_permaslug,requests,90,90,90,132,42,1.4666666666666666,14,9,0,not_identified
week,2026-08-11,all_observed,model_permaslug,requests,91,91,91,133,42,1.4615384615384615,14,9,0,not_identified
week,2026-08-11,all_observed,model_permaslug,requests,92,92,92,134,42,1.4565217391304348,14,9,0,not_identified
week,2026-08-11,all_observed,model_permaslug,requests,93,93,93,135,42,1.4516129032258065,14,9,0,not_identified
week,2026-08-11,all_observed,model_permaslug,requests,94,94,94,136,42,1.446808510638298,14,9,0,not_identified
week,2026-08-11,all_observed,model_permaslug,requests,95,95,95,137,42,1.4421052631578948,14,9,0,not_identified
week,2026-08-11,all_observed,model_permaslug,requests,96,96,96,138,42,1.4375,14,9,0,not_identified
week,2026-08-11,all_observed,model_permaslug,requests,97,97,97,139,42,1.4329896907216495,14,9,0,not_identified
week,2026-08-11,all_observed,model_permaslug,requests,98,98,98,141,43,1.4387755102040816,14,9,0,not_identified
week,2026-08-11,all_observed,model_permaslug,requests,99,99,99,142,43,1.4343434343434343,14,9,0,not_identified
week,2026-08-11,all_observed,model_permaslug,requests,100,100,100,143,43,1.43,14,9,0,not_identified
week,2026-08-11,all_observed,model_permaslug,requests,101,101,101,144,43,1.4257425742574257,14,9,0,not_identified
week,2026-08-11,all_observed,model_permaslug,requests,102,102,102,145,43,1.4215686274509804,14,9,0,not_identified
week,2026-08-11,all_observed,model_permaslug,requests,103,103,103,146,43,1.4174757281553398,14,9,0,not_identified
week,2026-08-11,all_observed,model_permaslug,requests,104,104,104,147,43,1.4134615384615385,14,9,0,not_identified
week,2026-08-11,all_observed,model_permaslug,requests,105,105,105,148,43,1.4095238095238096,14,9,0,not_identified
week,2026-08-11,all_observed,model_permaslug,requests,106,106,106,149,43,1.4056603773584906,14,9,0,not_identified
week,2026-08-11,all_observed,model_permaslug,requests,107,107,107,151,44,1.411214953271028,14,9,0,not_identified
week,2026-08-11,all_observed,model_permaslug,requests,108,108,108,152,44,1.4074074074074074,14,9,0,not_identified
week,2026-08-11,all_observed,model_permaslug,requests,109,109,109,153,44,1.4036697247706422,14,9,0,not_identified
week,2026-08-11,all_observed,model_permaslug,requests,110,110,110,154,44,1.4,14,9,0,not_identified
week,2026-08-11,all_observed,model_permaslug,requests,111,111,111,155,44,1.3963963963963963,14,9,0,not_identified
week,2026-08-11,all_observed,model_permaslug,requests,112,112,112,157,45,1.4017857142857142,14,9,0,not_identified
week,2026-08-11,all_observed,model_permaslug,requests,113,113,113,159,46,1.407079646017699,14,9,0,not_identified
week,2026-08-11,all_observed,model_permaslug,requests,114,114,114,160,46,1.4035087719298245,14,9,0,not_identified
week,2026-08-11,all_observed,model_permaslug,requests,115,115,115,161,46,1.4,14,9,0,not_identified
week,2026-08-11,all_observed,model_permaslug,requests,116,116,116,162,46,1.396551724137931,14,9,0,not_identified
week,2026-08-11,all_observed,model_permaslug,requests,117,117,117,163,46,1.393162393162393,14,9,0,not_identified
week,2026-08-11,all_observed,model_permaslug,requests,118,118,118,164,46,1.3898305084745763,14,9,0,not_identified
week,2026-08-11,all_observed,model_permaslug,requests,119,119,119,165,46,1.3865546218487395,14,9,0,not_identified
week,2026-08-11,all_observed,model_permaslug,requests,120,120,120,166,46,1.3833333333333333,14,10,0,not_identified
week,2026-08-11,all_observed,model_permaslug,requests,121,121,121,167,46,1.3801652892561984,14,10,0,not_identified
week,2026-08-11,all_observed,model_permaslug,requests,122,122,122,168,46,1.3770491803278688,14,10,0,not_identified
week,2026-08-11,all_observed,model_permaslug,requests,123,123,123,169,46,1.3739837398373984,14,10,0,not_identified
week,2026-08-11,all_observed,model_permaslug,requests,124,124,124,170,46,1.3709677419354838,14,10,0,not_identified
week,2026-08-11,all_observed,model_permaslug,requests,125,125,125,172,47,1.376,14,10,0,not_identified
week,2026-08-11,all_observed,model_permaslug,requests,126,126,126,173,47,1.373015873015873,14,11,0,not_identified
week,2026-08-11,all_observed,model_permaslug,requests,127,127,127,174,47,1.3700787401574803,14,11,0,not_identified
week,2026-08-11,all_observed,model_permaslug,requests,128,128,128,175,47,1.3671875,14,11,0,not_identified
week,2026-08-11,all_observed,model_permaslug,requests,129,129,129,176,47,1.3643410852713178,14,11,0,not_identified
week,2026-08-11,all_observed,model_permaslug,requests,130,130,130,177,47,1.3615384615384616,14,11,0,not_identified
week,2026-08-11,all_observed,model_permaslug,requests,131,131,131,178,47,1.3587786259541985,14,11,0,not_identified
week,2026-08-11,all_observed,model_permaslug,requests,132,132,132,179,47,1.356060606060606,14,11,0,not_identified
week,2026-08-11,all_observed,model_permaslug,requests,133,133,133,180,47,1.3533834586466165,14,11,0,not_identified
week,2026-08-11,all_observed,model_permaslug,requests,134,134,134,181,47,1.3507462686567164,14,11,0,not_identified
week,2026-08-11,all_observed,model_permaslug,requests,135,135,135,182,47,1.348148148148148,14,11,0,not_identified
week,2026-08-11,all_observed,model_permaslug,requests,136,136,136,183,47,1.3455882352941178,14,11,0,not_identified
week,2026-08-11,all_observed,model_permaslug,requests,137,137,137,184,47,1.3430656934306568,14,11,0,not_identified
week,2026-08-11,all_observed,model_permaslug,requests,138,138,138,185,47,1.3405797101449275,14,11,0,not_identified
week,2026-08-11,all_observed,model_permaslug,requests,139,139,139,186,47,1.3381294964028776,14,11,0,not_identified
week,2026-08-11,all_observed,model_permaslug,requests,140,140,140,187,47,1.3357142857142856,14,11,0,not_identified
week,2026-08-11,all_observed,model_permaslug,requests,141,141,141,188,47,1.3333333333333333,14,11,0,not_identified
week,2026-08-11,all_observed,model_permaslug,requests,142,142,142,189,47,1.3309859154929577,14,11,0,not_identified
week,2026-08-11,all_observed,model_permaslug,requests,143,143,143,190,47,1.3286713286713288,14,12,0,not_identified
week,2026-08-11,all_observed,model_permaslug,requests,144,144,144,192,48,1.3333333333333333,14,12,0,not_identified
week,2026-08-11,all_observed,model_permaslug,requests,145,145,145,194,49,1.3379310344827586,14,12,0,not_identified
week,2026-08-11,all_observed,model_permaslug,requests,146,146,146,195,49,1.3356164383561644,14,12,0,not_identified
week,2026-08-11,all_observed,model_permaslug,requests,147,147,147,196,49,1.3333333333333333,14,12,0,not_identified
week,2026-08-11,all_observed,model_permaslug,requests,148,148,148,197,49,1.3310810810810811,14,12,0,not_identified
week,2026-08-11,all_observed,model_permaslug,requests,149,149,149,198,49,1.3288590604026846,14,12,0,not_identified
week,2026-08-11,all_observed,model_permaslug,requests,150,150,150,199,49,1.3266666666666667,14,12,0,not_identified
week,2026-08-11,all_observed,model_permaslug,requests,151,151,151,201,50,1.3311258278145695,14,12,0,not_identified
week,2026-08-11,all_observed,model_permaslug,requests,152,152,152,203,51,1.3355263157894737,14,12,0,not_identified
week,2026-08-11,all_observed,model_permaslug,requests,153,153,153,204,51,1.3333333333333333,14,12,0,not_identified
week,2026-08-11,all_observed,model_permaslug,requests,154,154,154,206,52,1.3376623376623376,14,12,0,not_identified
week,2026-08-11,all_observed,model_permaslug,requests,155,155,155,207,52,1.335483870967742,14,13,0,not_identified
week,2026-08-11,all_observed,model_permaslug,requests,156,156,156,208,52,1.3333333333333333,14,13,0,not_identified
week,2026-08-11,all_observed,model_permaslug,requests,157,157,157,209,52,1.3312101910828025,14,13,0,not_identified
week,2026-08-11,all_observed,model_permaslug,requests,158,158,158,210,52,1.3291139240506329,14,13,0,not_identified
week,2026-08-11,all_observed,model_permaslug,requests,159,159,159,211,52,1.3270440251572326,14,13,0,not_identified
week,2026-08-11,all_observed,model_permaslug,requests,160,160,160,212,52,1.325,14,13,0,not_identified
week,2026-08-11,all_observed,model_permaslug,requests,161,161,161,213,52,1.3229813664596273,14,13,0,not_identified
week,2026-08-11,all_observed,model_permaslug,requests,162,162,162,215,53,1.3271604938271604,14,13,0,not_identified
week,2026-08-11,all_observed,model_permaslug,requests,163,163,163,216,53,1.3251533742331287,14,13,0,not_identified
week,2026-08-11,all_observed,model_permaslug,requests,164,164,164,217,53,1.3231707317073171,14,13,0,not_identified
week,2026-08-11,all_observed,model_permaslug,requests,165,165,165,218,53,1.3212121212121213,14,13,0,not_identified
week,2026-08-11,all_observed,model_permaslug,requests,166,166,166,220,54,1.3253012048192772,14,14,0,not_identified
week,2026-08-11,all_observed,model_permaslug,requests,167,167,167,221,54,1.3233532934131738,14,14,0,not_identified
week,2026-08-11,all_observed,model_permaslug,requests,168,168,168,222,54,1.3214285714285714,14,14,0,not_identified
week,2026-08-11,all_observed,model_permaslug,requests,169,169,169,223,54,1.319526627218935,14,14,0,not_identified
week,2026-08-11,all_observed,model_permaslug,requests,170,170,170,224,54,1.3176470588235294,14,14,0,not_identified
week,2026-08-11,all_observed,model_permaslug,requests,171,171,171,225,54,1.3157894736842106,14,14,0,not_identified
week,2026-08-11,all_observed,model_permaslug,requests,172,172,172,226,54,1.313953488372093,14,14,0,not_identified
week,2026-08-11,all_observed,model_permaslug,requests,173,173,173,227,54,1.3121387283236994,14,14,0,not_identified
week,2026-08-11,all_observed,model_permaslug,requests,174,174,174,228,54,1.3103448275862069,14,14,0,not_identified
week,2026-08-11,all_observed,model_permaslug,requests,175,175,175,229,54,1.3085714285714285,14,14,0,not_identified
week,2026-08-11,all_observed,model_permaslug,requests,176,176,176,230,54,1.3068181818181819,14,14,0,not_identified
week,2026-08-11,all_observed,model_permaslug,requests,177,177,177,231,54,1.305084745762712,14,14,0,not_identified
week,2026-08-11,all_observed,model_permaslug,requests,178,178,178,233,55,1.3089887640449438,14,14,0,not_identified
week,2026-08-11,all_observed,model_permaslug,requests,179,179,179,234,55,1.3072625698324023,14,14,0,not_identified
week,2026-08-11,all_observed,model_permaslug,requests,180,180,180,235,55,1.3055555555555556,14,14,0,not_identified
week,2026-08-11,all_observed,model_permaslug,requests,181,181,181,236,55,1.3038674033149171,14,14,0,not_identified
week,2026-08-11,all_observed,model_permaslug,requests,182,182,182,237,55,1.3021978021978022,14,14,0,not_identified
week,2026-08-11,all_observed,model_permaslug,requests,183,183,183,238,55,1.3005464480874316,14,15,0,not_identified
week,2026-08-11,all_observed,model_permaslug,requests,184,184,184,239,55,1.298913043478261,14,15,0,not_identified
week,2026-08-11,all_observed,model_permaslug,requests,185,185,185,240,55,1.2972972972972974,14,15,0,not_identified
week,2026-08-11,all_observed,model_permaslug,requests,186,186,186,241,55,1.2956989247311828,14,15,0,not_identified
week,2026-08-11,all_observed,model_permaslug,requests,187,187,187,242,55,1.2941176470588236,14,15,0,not_identified
week,2026-08-11,all_observed,model_permaslug,requests,188,188,188,244,56,1.297872340425532,14,15,0,not_identified
week,2026-08-11,all_observed,model_permaslug,requests,189,189,189,245,56,1.2962962962962963,14,15,0,not_identified
week,2026-08-11,all_observed,model_permaslug,requests,190,190,190,246,56,1.2947368421052632,14,15,0,not_identified
week,2026-08-11,all_observed,model_permaslug,requests,191,191,191,247,56,1.293193717277487,14,15,0,not_identified
week,2026-08-11,all_observed,model_permaslug,requests,192,192,192,248,56,1.2916666666666667,14,15,0,not_identified
week,2026-08-11,all_observed,model_permaslug,requests,193,193,193,249,56,1.2901554404145077,15,15,0,not_identified
week,2026-08-11,all_observed,model_permaslug,requests,194,194,194,250,56,1.288659793814433,15,15,0,not_identified
week,2026-08-11,all_observed,model_permaslug,requests,195,195,195,251,56,1.2871794871794873,15,15,0,not_identified
week,2026-08-11,all_observed,model_permaslug,requests,196,196,196,252,56,1.2857142857142858,15,16,0,not_identified
week,2026-08-11,all_observed,model_permaslug,requests,197,197,197,253,56,1.284263959390863,15,16,0,not_identified
week,2026-08-11,all_observed,model_permaslug,requests,198,198,198,254,56,1.2828282828282829,15,16,0,not_identified
week,2026-08-11,all_observed,model_permaslug,requests,199,199,199,256,57,1.2864321608040201,15,16,0,not_identified
week,2026-08-11,all_observed,model_permaslug,requests,200,200,200,257,57,1.285,15,16,0,not_identified
week,2026-08-11,all_observed,model_permaslug,requests,201,201,201,258,57,1.2835820895522387,15,16,0,not_identified
week,2026-08-11,all_observed,model_permaslug,requests,202,202,202,259,57,1.2821782178217822,15,16,0,not_identified
week,2026-08-11,all_observed,model_permaslug,requests,203,203,203,260,57,1.2807881773399015,15,16,0,not_identified
week,2026-08-11,all_observed,model_permaslug,requests,204,204,204,262,58,1.2843137254901962,15,16,0,not_identified
week,2026-08-11,all_observed,model_permaslug,requests,205,205,205,263,58,1.2829268292682927,15,16,0,not_identified
week,2026-08-11,all_observed,model_permaslug,requests,206,206,206,264,58,1.2815533980582525,15,16,0,not_identified
week,2026-08-11,all_observed,model_permaslug,requests,207,207,207,265,58,1.2801932367149758,15,16,0,not_identified
week,2026-08-11,all_observed,model_permaslug,requests,208,208,208,266,58,1.2788461538461537,15,16,0,not_identified
week,2026-08-11,all_observed,model_permaslug,requests,209,209,209,267,58,1.277511961722488,15,16,0,not_identified
week,2026-08-11,all_observed,model_permaslug,requests,210,210,210,268,58,1.276190476190476,15,16,0,not_identified
week,2026-08-11,all_observed,model_permaslug,requests,211,211,211,269,58,1.2748815165876777,15,16,0,not_identified
week,2026-08-11,all_observed,model_permaslug,requests,212,212,212,271,59,1.278301886792453,15,16,0,not_identified
week,2026-08-11,all_observed,model_permaslug,requests,213,213,213,272,59,1.2769953051643192,15,16,0,not_identified
week,2026-08-11,all_observed,model_permaslug,requests,214,214,214,273,59,1.2757009345794392,15,17,0,not_identified
week,2026-08-11,all_observed,model_permaslug,requests,215,215,215,274,59,1.2744186046511627,15,17,0,not_identified
week,2026-08-11,all_observed,model_permaslug,requests,216,216,216,275,59,1.2731481481481481,15,17,0,not_identified
week,2026-08-11,all_observed,model_permaslug,requests,217,217,217,276,59,1.271889400921659,15,17,0,not_identified
week,2026-08-11,all_observed,model_permaslug,requests,218,218,218,277,59,1.2706422018348624,15,17,0,not_identified
week,2026-08-11,all_observed,model_permaslug,requests,219,219,219,278,59,1.269406392694064,15,17,0,not_identified
week,2026-08-11,all_observed,model_permaslug,requests,220,220,220,279,59,1.268181818181818,15,17,0,not_identified
week,2026-08-11,all_observed,model_permaslug,requests,221,221,221,280,59,1.2669683257918551,15,17,0,not_identified
week,2026-08-11,all_observed,model_permaslug,requests,222,222,222,281,59,1.2657657657657657,15,17,0,not_identified
week,2026-08-11,all_observed,model_permaslug,requests,223,223,223,282,59,1.2645739910313902,15,17,0,not_identified
week,2026-08-11,all_observed,model_permaslug,requests,224,224,224,283,59,1.2633928571428572,15,17,0,not_identified
week,2026-08-11,all_observed,model_permaslug,requests,225,225,225,284,59,1.2622222222222221,15,17,0,not_identified
week,2026-08-11,all_observed,model_permaslug,requests,226,226,226,285,59,1.261061946902655,15,17,0,not_identified
week,2026-08-11,all_observed,model_permaslug,requests,227,227,227,286,59,1.2599118942731278,15,17,0,not_identified
week,2026-08-11,all_observed,model_permaslug,requests,228,228,228,287,59,1.2587719298245614,15,17,0,not_identified
week,2026-08-11,all_observed,model_permaslug,requests,229,229,229,288,59,1.25764192139738,15,17,0,not_identified
week,2026-08-11,all_observed,model_permaslug,requests,230,230,230,289,59,1.2565217391304349,15,17,0,not_identified
week,2026-08-11,all_observed,model_permaslug,requests,231,231,231,290,59,1.2554112554112553,15,17,0,not_identified
week,2026-08-11,all_observed,model_permaslug,requests,232,232,232,291,59,1.2543103448275863,15,17,0,not_identified
week,2026-08-11,all_observed,model_permaslug,requests,233,233,233,292,59,1.2532188841201717,15,17,0,not_identified
week,2026-08-11,all_observed,model_permaslug,requests,234,234,234,293,59,1.2521367521367521,15,17,0,not_identified
week,2026-08-11,all_observed,model_permaslug,requests,235,235,235,294,59,1.251063829787234,15,17,0,not_identified
week,2026-08-11,all_observed,model_permaslug,requests,236,236,236,295,59,1.25,15,17,0,not_identified
week,2026-08-11,all_observed,model_permaslug,requests,237,237,237,296,59,1.248945147679325,15,17,0,not_identified
week,2026-08-11,all_observed,model_permaslug,requests,238,238,238,297,59,1.2478991596638656,15,17,0,not_identified
week,2026-08-11,all_observed,model_permaslug,requests,239,239,239,298,59,1.2468619246861925,15,17,0,not_identified
week,2026-08-11,all_observed,model_permaslug,requests,240,240,240,299,59,1.2458333333333333,15,17,0,not_identified
week,2026-08-11,all_observed,model_permaslug,requests,241,241,241,300,59,1.2448132780082988,15,17,0,not_identified
week,2026-08-11,all_observed,model_permaslug,requests,242,242,242,301,59,1.243801652892562,15,17,0,not_identified
week,2026-08-11,all_observed,model_permaslug,requests,243,243,243,302,59,1.242798353909465,15,17,0,not_identified
week,2026-08-11,all_observed,model_permaslug,requests,244,244,244,303,59,1.2418032786885247,15,17,0,not_identified
week,2026-08-11,all_observed,model_permaslug,requests,245,245,245,304,59,1.2408163265306122,15,17,0,not_identified
week,2026-08-11,all_observed,model_permaslug,requests,246,246,246,305,59,1.2398373983739837,15,17,0,not_identified
week,2026-08-11,all_observed,model_permaslug,requests,247,247,247,306,59,1.2388663967611335,15,17,0,not_identified
week,2026-08-11,all_observed,model_permaslug,requests,248,248,248,307,59,1.2379032258064515,15,17,0,not_identified
week,2026-08-11,all_observed,model_permaslug,requests,249,249,249,308,59,1.2369477911646587,15,18,0,not_identified
week,2026-08-11,all_observed,model_permaslug,requests,250,250,250,309,59,1.236,15,18,0,not_identified
week,2026-08-11,all_observed,model_permaslug,requests,251,251,251,310,59,1.2350597609561753,15,18,0,not_identified
week,2026-08-11,all_observed,model_permaslug,requests,252,252,252,311,59,1.2341269841269842,15,18,0,not_identified
week,2026-08-11,all_observed,model_permaslug,requests,253,253,253,312,59,1.233201581027668,15,18,0,not_identified
week,2026-08-11,all_observed,model_permaslug,requests,254,254,254,313,59,1.2322834645669292,15,19,0,not_identified
week,2026-08-11,all_observed,model_permaslug,requests,255,255,255,314,59,1.231372549019608,15,19,0,not_identified
week,2026-08-11,all_observed,model_permaslug,requests,256,256,256,315,59,1.23046875,15,19,0,not_identified
week,2026-08-11,all_observed,model_permaslug,requests,257,257,257,316,59,1.2295719844357977,15,19,0,not_identified
week,2026-08-11,all_observed,model_permaslug,requests,258,258,258,317,59,1.2286821705426356,15,19,0,not_identified
week,2026-08-11,all_observed,model_permaslug,requests,259,259,259,318,59,1.2277992277992278,15,19,0,not_identified
week,2026-08-11,all_observed,model_permaslug,requests,260,260,260,319,59,1.226923076923077,15,19,0,not_identified
week,2026-08-11,all_observed,model_permaslug,requests,261,261,261,320,59,1.2260536398467432,15,19,0,not_identified
week,2026-08-11,all_observed,model_permaslug,requests,262,262,262,321,59,1.2251908396946565,15,19,0,not_identified
week,2026-08-11,all_observed,model_permaslug,requests,263,263,263,322,59,1.2243346007604563,15,20,0,not_identified
week,2026-08-11,all_observed,model_permaslug,requests,264,264,264,323,59,1.2234848484848484,15,20,0,not_identified
week,2026-08-11,all_observed,model_permaslug,requests,265,265,265,324,59,1.2226415094339622,15,20,0,not_identified
week,2026-08-11,all_observed,model_permaslug,requests,266,266,266,325,59,1.2218045112781954,15,21,0,not_identified
week,2026-08-11,all_observed,model_permaslug,requests,267,267,267,326,59,1.2209737827715357,15,21,0,not_identified
week,2026-08-11,all_observed,model_permaslug,requests,268,268,268,327,59,1.2201492537313432,15,21,0,not_identified
week,2026-08-11,all_observed,model_permaslug,requests,269,269,269,328,59,1.2193308550185873,15,21,0,not_identified
week,2026-08-11,all_observed,model_permaslug,requests,270,270,270,330,60,1.2222222222222223,15,21,0,not_identified
week,2026-08-11,all_observed,model_permaslug,requests,271,271,271,331,60,1.2214022140221403,15,21,0,not_identified
week,2026-08-11,all_observed,model_permaslug,requests,272,272,272,332,60,1.2205882352941178,15,21,0,not_identified
week,2026-08-11,all_observed,model_permaslug,requests,273,273,273,333,60,1.2197802197802199,15,21,0,not_identified
week,2026-08-11,all_observed,model_permaslug,requests,274,274,274,334,60,1.218978102189781,15,21,0,not_identified
week,2026-08-11,all_observed,model_permaslug,requests,275,275,275,336,61,1.221818181818182,15,21,0,not_identified
week,2026-08-11,all_observed,model_permaslug,requests,276,276,276,337,61,1.2210144927536233,15,21,0,not_identified
week,2026-08-11,all_observed,model_permaslug,requests,277,277,277,338,61,1.220216606498195,15,21,0,not_identified
week,2026-08-11,all_observed,model_permaslug,requests,278,278,278,339,61,1.2194244604316546,15,21,0,not_identified
week,2026-08-11,all_observed,model_permaslug,requests,279,279,279,340,61,1.2186379928315412,15,21,0,not_identified
week,2026-08-11,all_observed,model_permaslug,requests,280,280,280,341,61,1.2178571428571427,15,21,0,not_identified
week,2026-08-11,all_observed,model_permaslug,requests,281,281,281,342,61,1.217081850533808,15,21,0,not_identified
week,2026-08-11,all_observed,model_permaslug,requests,282,282,282,343,61,1.2163120567375887,15,21,0,not_identified
week,2026-08-11,all_observed,model_permaslug,requests,283,283,283,344,61,1.215547703180212,15,21,0,not_identified
week,2026-08-11,all_observed,model_permaslug,requests,284,284,284,345,61,1.2147887323943662,15,21,0,not_identified
week,2026-08-11,all_observed,model_permaslug,requests,285,285,285,346,61,1.2140350877192982,15,21,0,not_identified
week,2026-08-11,all_observed,model_permaslug,requests,286,286,286,347,61,1.2132867132867133,15,21,0,not_identified
week,2026-08-11,all_observed,model_permaslug,requests,287,287,287,348,61,1.2125435540069687,15,21,0,not_identified
week,2026-08-11,all_observed,model_permaslug,requests,288,288,288,349,61,1.2118055555555556,15,21,0,not_identified
week,2026-08-11,all_observed,model_permaslug,requests,289,289,289,350,61,1.2110726643598615,15,21,0,not_identified
week,2026-08-11,all_observed,model_permaslug,requests,290,290,290,351,61,1.210344827586207,15,21,0,not_identified
week,2026-08-11,all_observed,model_permaslug,requests,291,291,291,352,61,1.2096219931271477,15,21,0,not_identified
week,2026-08-11,all_observed,model_permaslug,requests,292,292,292,353,61,1.2089041095890412,15,21,0,not_identified
week,2026-08-11,all_observed,model_permaslug,requests,293,293,293,354,61,1.2081911262798635,15,21,0,not_identified
week,2026-08-11,all_observed,model_permaslug,requests,294,294,294,355,61,1.2074829931972788,15,21,0,not_identified
week,2026-08-11,all_observed,model_permaslug,requests,295,295,295,356,61,1.2067796610169492,15,21,0,not_identified
week,2026-08-11,all_observed,model_permaslug,requests,296,296,296,357,61,1.2060810810810811,15,21,0,not_identified
week,2026-08-11,all_observed,model_permaslug,requests,297,297,297,358,61,1.2053872053872055,15,21,0,not_identified
week,2026-08-11,all_observed,model_permaslug,requests,298,298,298,359,61,1.2046979865771812,15,21,0,not_identified
week,2026-08-11,all_observed,model_permaslug,requests,299,299,299,360,61,1.2040133779264215,15,21,0,not_identified
week,2026-08-11,all_observed,model_permaslug,requests,300,300,300,361,61,1.2033333333333334,15,21,0,not_identified
week,2026-08-11,all_observed,model_permaslug,requests,301,301,301,362,61,1.2026578073089702,15,21,0,not_identified
week,2026-08-11,all_observed,model_permaslug,requests,302,302,302,363,61,1.2019867549668874,15,21,0,not_identified
week,2026-08-11,all_observed,model_permaslug,requests,303,303,303,364,61,1.2013201320132014,15,21,0,not_identified
week,2026-08-11,all_observed,model_permaslug,requests,304,304,304,365,61,1.200657894736842,15,21,0,not_identified
week,2026-08-11,all_observed,model_permaslug,requests,305,305,305,366,61,1.2,15,21,0,not_identified
week,2026-08-11,all_observed,model_permaslug,requests,306,306,306,367,61,1.1993464052287581,15,21,0,not_identified
week,2026-08-11,all_observed,model_permaslug,requests,307,307,307,368,61,1.1986970684039089,15,21,0,not_identified
week,2026-08-11,all_observed,model_permaslug,requests,308,308,308,369,61,1.198051948051948,15,21,0,not_identified
week,2026-08-11,all_observed,model_permaslug,requests,309,309,309,370,61,1.197411003236246,15,21,0,not_identified
week,2026-08-11,all_observed,model_permaslug,requests,310,310,310,371,61,1.196774193548387,15,21,0,not_identified
week,2026-08-11,all_observed,model_permaslug,requests,311,311,311,372,61,1.1961414790996785,15,21,0,not_identified
week,2026-08-11,all_observed,model_permaslug,requests,312,312,312,373,61,1.1955128205128205,15,21,0,not_identified
week,2026-08-11,all_observed,model_permaslug,requests,313,313,313,374,61,1.194888178913738,15,21,0,not_identified
week,2026-08-11,all_observed,model_permaslug,requests,314,314,314,375,61,1.194267515923567,15,21,0,not_identified
week,2026-08-11,all_observed,model_permaslug,requests,315,315,315,376,61,1.1936507936507936,15,21,0,not_identified
week,2026-08-11,all_observed,model_permaslug,requests,316,316,316,377,61,1.1930379746835442,15,21,0,not_identified
week,2026-08-11,all_observed,model_permaslug,requests,317,317,317,378,61,1.1924290220820188,15,21,0,not_identified
week,2026-08-11,all_observed,model_permaslug,requests,318,318,318,379,61,1.1918238993710693,15,21,0,not_identified
week,2026-08-11,all_observed,model_permaslug,requests,319,319,319,380,61,1.1912225705329154,15,21,0,not_identified
week,2026-08-11,all_observed,model_permaslug,requests,320,320,320,381,61,1.190625,15,21,0,not_identified
week,2026-08-11,all_observed,model_permaslug,requests,321,321,321,382,61,1.190031152647975,15,21,0,not_identified
week,2026-08-11,all_observed,model_permaslug,requests,322,322,322,383,61,1.18944099378882,15,21,0,not_identified
week,2026-08-11,all_observed,model_permaslug,requests,323,323,323,384,61,1.1888544891640866,15,21,0,not_identified
week,2026-08-11,all_observed,model_permaslug,requests,324,324,324,385,61,1.1882716049382716,15,21,0,not_identified
week,2026-08-11,all_observed,model_permaslug,requests,325,325,325,386,61,1.1876923076923076,15,21,0,not_identified
week,2026-08-11,all_observed,model_permaslug,requests,326,326,326,387,61,1.187116564417178,15,21,0,not_identified
week,2026-08-11,all_observed,model_permaslug,requests,327,327,327,388,61,1.1865443425076452,15,22,0,not_identified
week,2026-08-11,all_observed,model_permaslug,requests,328,328,328,389,61,1.1859756097560976,15,22,0,not_identified
week,2026-08-11,all_observed,model_permaslug,requests,329,329,329,390,61,1.1854103343465046,15,22,0,not_identified
week,2026-08-11,all_observed,model_permaslug,requests,330,330,330,391,61,1.1848484848484848,15,22,0,not_identified
week,2026-08-11,all_observed,model_permaslug,requests,331,331,331,392,61,1.1842900302114803,15,22,0,not_identified
week,2026-08-11,all_observed,model_permaslug,requests,332,332,332,393,61,1.1837349397590362,15,22,0,not_identified
week,2026-08-11,all_observed,model_permaslug,requests,333,333,333,394,61,1.1831831831831832,15,22,0,not_identified
week,2026-08-11,all_observed,model_permaslug,requests,334,334,334,395,61,1.1826347305389222,15,22,0,not_identified
week,2026-08-11,all_observed,model_permaslug,requests,335,335,335,396,61,1.182089552238806,15,22,0,not_identified
week,2026-08-11,all_observed,model_permaslug,requests,336,336,336,397,61,1.181547619047619,15,22,0,not_identified
week,2026-08-11,all_observed,model_permaslug,requests,337,337,337,398,61,1.1810089020771513,15,22,0,not_identified
week,2026-08-11,all_observed,model_permaslug,requests,338,338,338,399,61,1.180473372781065,15,22,0,not_identified
week,2026-08-11,all_observed,model_permaslug,requests,339,339,339,400,61,1.1799410029498525,15,22,0,not_identified
week,2026-08-11,all_observed,model_permaslug,requests,340,340,340,401,61,1.1794117647058824,15,22,0,not_identified
week,2026-08-11,all_observed,model_permaslug,requests,341,341,341,402,61,1.1788856304985338,15,22,0,not_identified
week,2026-08-11,all_observed,model_permaslug,requests,342,342,342,403,61,1.1783625730994152,15,22,0,not_identified
week,2026-08-11,all_observed,model_permaslug,requests,343,343,343,404,61,1.1778425655976676,15,22,0,not_identified
week,2026-08-11,all_observed,model_permaslug,requests,344,344,344,405,61,1.177325581395349,16,22,0,not_identified
week,2026-08-11,all_observed,model_permaslug,requests,345,345,345,406,61,1.1768115942028985,16,22,0,not_identified
week,2026-08-11,all_observed,model_permaslug,requests,346,346,346,407,61,1.176300578034682,16,22,0,not_identified
week,2026-08-11,all_observed,model_permaslug,requests,347,347,347,408,61,1.175792507204611,16,22,0,not_identified
week,2026-08-11,all_observed,model_permaslug,requests,348,348,348,409,61,1.1752873563218391,16,22,0,not_identified
week,2026-08-11,all_observed,model_permaslug,requests,349,349,349,410,61,1.174785100286533,16,22,0,not_identified
week,2026-08-11,all_observed,model_permaslug,requests,350,350,350,411,61,1.1742857142857144,16,22,0,not_identified
week,2026-08-11,all_observed,model_permaslug,requests,351,351,351,412,61,1.1737891737891737,16,23,0,not_identified
week,2026-08-11,all_observed,model_permaslug,requests,352,352,352,413,61,1.1732954545454546,16,23,0,not_identified
week,2026-08-11,all_observed,model_permaslug,requests,353,353,353,414,61,1.1728045325779037,16,23,0,not_identified
week,2026-08-11,all_observed,model_permaslug,requests,354,354,354,415,61,1.1723163841807909,16,23,0,not_identified
week,2026-08-11,all_observed,model_permaslug,requests,355,355,355,416,61,1.171830985915493,16,23,0,not_identified
week,2026-08-11,all_observed,model_permaslug,requests,356,356,356,417,61,1.1713483146067416,16,23,0,not_identified
week,2026-08-11,all_observed,model_permaslug,requests,357,357,357,418,61,1.1708683473389356,16,23,0,not_identified
week,2026-08-11,all_observed,model_permaslug,requests,358,358,358,419,61,1.170391061452514,16,23,0,not_identified
week,2026-08-11,all_observed,model_permaslug,requests,359,359,359,420,61,1.16991643454039,16,23,0,not_identified
week,2026-08-11,all_observed,model_permaslug,requests,360,360,360,421,61,1.1694444444444445,16,23,0,not_identified
week,2026-08-11,all_observed,model_permaslug,requests,361,361,361,422,61,1.1689750692520775,16,23,0,not_identified
week,2026-08-11,all_observed,model_permaslug,requests,362,362,362,423,61,1.1685082872928176,16,23,0,not_identified
week,2026-08-11,all_observed,model_permaslug,requests,363,363,363,424,61,1.1680440771349863,16,23,0,not_identified
week,2026-08-11,all_observed,model_permaslug,requests,364,364,364,425,61,1.1675824175824177,16,23,0,not_identified
week,2026-08-11,all_observed,model_permaslug,requests,365,365,365,426,61,1.167123287671233,16,23,0,not_identified
week,2026-08-11,all_observed,model_permaslug,requests,366,366,366,427,61,1.1666666666666667,16,23,0,not_identified
week,2026-08-11,all_observed,model_permaslug,requests,367,367,367,428,61,1.1662125340599454,16,24,0,not_identified
week,2026-08-11,all_observed,model_permaslug,requests,368,368,368,429,61,1.1657608695652173,16,24,0,not_identified
week,2026-08-11,all_observed,model_permaslug,requests,369,369,369,430,61,1.165311653116531,16,24,0,not_identified
week,2026-08-11,all_observed,model_permaslug,requests,370,370,370,431,61,1.164864864864865,16,24,0,not_identified
week,2026-08-11,all_observed,model_permaslug,requests,371,371,371,432,61,1.1644204851752022,16,24,0,not_identified
week,2026-08-11,all_observed,model_permaslug,requests,372,372,372,433,61,1.163978494623656,17,24,0,not_identified
week,2026-08-11,all_observed,model_permaslug,requests,373,373,373,434,61,1.1635388739946382,17,24,0,not_identified
week,2026-08-11,all_observed,model_permaslug,requests,374,374,374,435,61,1.1631016042780749,17,24,0,not_identified
week,2026-08-11,all_observed,model_permaslug,requests,375,375,375,436,61,1.1626666666666667,17,24,0,not_identified
week,2026-08-11,all_observed,model_permaslug,requests,376,376,376,437,61,1.1622340425531914,17,24,0,not_identified
week,2026-08-11,all_observed,model_permaslug,requests,377,377,377,439,62,1.1644562334217508,17,24,0,not_identified
week,2026-08-11,all_observed,model_permaslug,requests,378,378,378,440,62,1.164021164021164,17,24,0,not_identified
week,2026-08-11,all_observed,model_permaslug,requests,379,379,379,441,62,1.1635883905013193,17,24,0,not_identified
week,2026-08-11,all_observed,model_permaslug,requests,380,380,380,442,62,1.1631578947368422,17,24,0,not_identified
week,2026-08-11,all_observed,model_permaslug,requests,381,381,381,443,62,1.162729658792651,17,24,0,not_identified
week,2026-08-11,all_observed,model_permaslug,requests,382,382,382,444,62,1.162303664921466,17,24,0,not_identified
week,2026-08-11,all_observed,model_permaslug,requests,383,383,383,445,62,1.1618798955613576,17,24,0,not_identified
week,2026-08-11,all_observed,model_permaslug,requests,384,384,384,446,62,1.1614583333333333,17,24,0,not_identified
week,2026-08-11,all_observed,model_permaslug,requests,385,385,385,447,62,1.161038961038961,17,24,0,not_identified
week,2026-08-11,all_observed,model_permaslug,requests,386,386,386,448,62,1.160621761658031,17,24,0,not_identified
week,2026-08-11,all_observed,model_permaslug,requests,387,387,387,449,62,1.1602067183462532,17,24,0,not_identified
week,2026-08-11,all_observed,model_permaslug,requests,388,388,388,450,62,1.1597938144329898,17,24,0,not_identified
week,2026-08-11,all_observed,model_permaslug,requests,389,389,389,451,62,1.1593830334190232,17,24,0,not_identified
week,2026-08-11,all_observed,model_permaslug,requests,390,390,390,452,62,1.158974358974359,17,24,0,not_identified
week,2026-08-11,all_observed,model_permaslug,requests,391,391,391,453,62,1.1585677749360614,17,24,0,not_identified
week,2026-08-11,all_observed,model_permaslug,requests,392,392,392,454,62,1.1581632653061225,17,24,0,not_identified
week,2026-08-11,all_observed,model_permaslug,requests,393,393,393,455,62,1.1577608142493638,17,24,0,not_identified
week,2026-08-11,all_observed,model_permaslug,requests,394,394,394,456,62,1.1573604060913705,17,24,0,not_identified
week,2026-08-11,all_observed,model_permaslug,requests,395,395,395,457,62,1.1569620253164556,17,24,0,not_identified
week,2026-08-11,all_observed,model_permaslug,requests,396,396,396,458,62,1.1565656565656566,17,24,0,not_identified
week,2026-08-11,all_observed,model_permaslug,requests,397,397,397,459,62,1.1561712846347607,17,25,0,not_identified
week,2026-08-11,all_observed,model_permaslug,requests,398,398,398,460,62,1.1557788944723617,17,25,0,not_identified
week,2026-08-11,all_observed,model_permaslug,requests,399,399,399,461,62,1.155388471177945,17,25,0,not_identified
week,2026-08-11,all_observed,model_permaslug,requests,400,400,400,462,62,1.155,17,25,0,not_identified
week,2026-08-11,all_observed,model_permaslug,requests,401,401,401,463,62,1.1546134663341645,17,25,0,not_identified
week,2026-08-11,all_observed,model_permaslug,requests,402,402,402,464,62,1.154228855721393,17,25,0,not_identified
week,2026-08-11,all_observed,model_permaslug,requests,403,403,403,465,62,1.1538461538461537,17,25,0,not_identified
week,2026-08-11,all_observed,model_permaslug,requests,404,404,404,466,62,1.1534653465346534,17,25,0,not_identified
week,2026-08-11,all_observed,model_permaslug,requests,405,405,405,467,62,1.1530864197530863,17,25,0,not_identified
week,2026-08-11,all_observed,model_permaslug,requests,406,406,406,468,62,1.1527093596059113,17,25,0,not_identified
week,2026-08-11,all_observed,model_permaslug,requests,407,407,407,469,62,1.1523341523341524,17,25,0,not_identified
week,2026-08-11,all_observed,model_permaslug,requests,408,408,408,470,62,1.1519607843137254,17,25,0,not_identified
week,2026-08-11,all_observed,model_permaslug,requests,409,409,409,471,62,1.1515892420537897,17,25,0,not_identified
week,2026-08-11,all_observed,model_permaslug,requests,410,410,410,472,62,1.1512195121951219,17,25,0,not_identified
week,2026-08-11,all_observed,model_permaslug,requests,411,411,411,473,62,1.1508515815085159,17,25,0,not_identified
week,2026-08-11,all_observed,model_permaslug,requests,412,412,412,474,62,1.1504854368932038,17,25,0,not_identified
week,2026-08-11,all_observed,model_permaslug,requests,413,413,413,475,62,1.1501210653753027,17,25,0,not_identified
week,2026-08-11,all_observed,model_permaslug,requests,414,414,414,476,62,1.1497584541062802,17,25,0,not_identified
week,2026-08-11,all_observed,model_permaslug,requests,415,415,415,477,62,1.1493975903614457,17,25,0,not_identified
week,2026-08-11,all_observed,model_permaslug,requests,416,416,416,478,62,1.1490384615384615,17,25,0,not_identified
week,2026-08-11,all_observed,model_permaslug,requests,417,417,417,479,62,1.1486810551558753,17,25,0,not_identified
week,2026-08-11,all_observed,model_permaslug,requests,418,418,418,480,62,1.1483253588516746,17,25,0,not_identified
week,2026-08-11,all_observed,model_permaslug,requests,419,419,419,481,62,1.1479713603818615,17,25,0,not_identified
week,2026-08-11,all_observed,model_permaslug,requests,420,420,420,482,62,1.1476190476190475,17,25,0,not_identified
week,2026-08-11,all_observed,model_permaslug,requests,421,421,421,483,62,1.147268408551069,17,25,0,not_identified
week,2026-08-11,all_observed,model_permaslug,requests,422,422,422,484,62,1.146919431279621,17,25,0,not_identified
week,2026-08-11,all_observed,model_permaslug,requests,423,423,423,485,62,1.1465721040189125,17,25,0,not_identified
week,2026-08-11,all_observed,model_permaslug,requests,424,424,424,486,62,1.1462264150943395,17,25,0,not_identified
week,2026-08-11,all_observed,model_permaslug,requests,425,425,425,487,62,1.1458823529411766,17,25,0,not_identified
week,2026-08-11,all_observed,model_permaslug,requests,426,426,426,488,62,1.1455399061032865,17,25,0,not_identified
week,2026-08-11,all_observed,model_permaslug,requests,427,427,427,489,62,1.14519906323185,17,25,0,not_identified
week,2026-08-11,all_observed,model_permaslug,requests,428,428,428,490,62,1.144859813084112,17,25,0,not_identified
week,2026-08-11,all_observed,model_permaslug,requests,429,429,429,491,62,1.1445221445221445,17,25,0,not_identified
week,2026-08-11,all_observed,model_permaslug,requests,430,430,430,492,62,1.1441860465116278,17,25,0,not_identified
week,2026-08-11,all_observed,model_permaslug,requests,431,431,431,493,62,1.1438515081206497,17,25,0,not_identified
week,2026-08-11,all_observed,model_permaslug,requests,432,432,432,494,62,1.1435185185185186,17,25,0,not_identified
week,2026-08-11,all_observed,model_permaslug,requests,433,433,433,495,62,1.1431870669745958,17,25,0,not_identified
week,2026-08-11,all_observed,model_permaslug,requests,434,434,434,496,62,1.1428571428571428,17,25,0,not_identified
week,2026-08-11,all_observed,model_permaslug,requests,435,435,435,497,62,1.1425287356321838,17,25,0,not_identified
week,2026-08-11,all_observed,model_permaslug,requests,436,436,436,498,62,1.1422018348623852,17,25,0,not_identified
week,2026-08-11,all_observed,model_permaslug,requests,437,437,437,499,62,1.1418764302059496,17,25,0,not_identified
week,2026-08-11,all_observed,model_permaslug,requests,438,438,438,500,62,1.1415525114155252,17,25,0,not_identified
week,2026-08-11,all_observed,model_permaslug,requests,439,439,439,501,62,1.14123006833713,17,25,0,not_identified
week,2026-08-11,all_observed,model_permaslug,requests,440,440,440,502,62,1.1409090909090909,17,25,0,not_identified
week,2026-08-11,all_observed,model_permaslug,requests,441,441,441,503,62,1.1405895691609977,17,25,0,not_identified
week,2026-08-11,all_observed,model_permaslug,requests,442,442,442,504,62,1.1402714932126696,17,25,0,not_identified
week,2026-08-11,all_observed,model_permaslug,requests,443,443,443,505,62,1.1399548532731376,17,25,0,not_identified
week,2026-08-11,all_observed,model_permaslug,requests,444,444,444,506,62,1.1396396396396395,17,25,0,not_identified
week,2026-08-11,all_observed,model_permaslug,requests,445,445,445,507,62,1.1393258426966293,17,25,0,not_identified
week,2026-08-11,all_observed,model_permaslug,requests,446,446,446,508,62,1.1390134529147982,17,25,0,not_identified
