period,period_end_date,universe,aggregation,rank_basis,n,available_ranking_units,metric,units_with_metric,fraction_selected_units,metric_token_share_of_total_demand,metric_request_share_of_total_demand,metric_token_share_within_selected,metric_request_share_within_selected
day,2026-08-11,current_catalog_text_output,exact_model_variant,total_tokens,1,364,catalog_match,1,1.0,0.1623103343430371,0.0870858053396644,1.0,1.0
day,2026-08-11,current_catalog_text_output,exact_model_variant,total_tokens,1,364,hugging_face_id_available,1,1.0,0.1623103343430371,0.0870858053396644,1.0,1.0
day,2026-08-11,current_catalog_text_output,exact_model_variant,total_tokens,1,364,tokenizer_known_non_other,1,1.0,0.1623103343430371,0.0870858053396644,1.0,1.0
day,2026-08-11,current_catalog_text_output,exact_model_variant,total_tokens,1,364,modality_metadata_available,1,1.0,0.1623103343430371,0.0870858053396644,1.0,1.0
day,2026-08-11,current_catalog_text_output,exact_model_variant,total_tokens,1,364,structured_model_size_available,0,0.0,0.0,0.0,0.0,0.0
day,2026-08-11,current_catalog_text_output,exact_model_variant,total_tokens,1,364,text_only_input_capable,1,1.0,0.1623103343430371,0.0870858053396644,1.0,1.0
day,2026-08-11,current_catalog_text_output,exact_model_variant,total_tokens,1,364,non_text_input_capable,0,0.0,0.0,0.0,0.0,0.0
day,2026-08-11,current_catalog_text_output,exact_model_variant,total_tokens,1,364,text_output_capable,1,1.0,0.1623103343430371,0.0870858053396644,1.0,1.0
day,2026-08-11,current_catalog_text_output,exact_model_variant,total_tokens,1,364,non_text_output_capable,0,0.0,0.0,0.0,0.0,0.0
day,2026-08-11,current_catalog_text_output,exact_model_variant,total_tokens,1,364,free_service_variant,0,0.0,0.0,0.0,0.0,0.0
day,2026-08-11,current_catalog_text_output,exact_model_variant,total_tokens,1,364,batch_service_variant,0,0.0,0.0,0.0,0.0,0.0
day,2026-08-11,current_catalog_text_output,exact_model_variant,total_tokens,1,364,thinking_service_variant,0,0.0,0.0,0.0,0.0,0.0
day,2026-08-11,current_catalog_text_output,exact_model_variant,total_tokens,1,364,observed_non_text_activity,0,0.0,0.0,0.0,0.0,0.0
day,2026-08-11,current_catalog_text_output,exact_model_variant,total_tokens,2,364,catalog_match,2,1.0,0.3013552101675062,0.11909334687187763,1.0,1.0
day,2026-08-11,current_catalog_text_output,exact_model_variant,total_tokens,2,364,hugging_face_id_available,2,1.0,0.3013552101675062,0.11909334687187763,1.0,1.0
day,2026-08-11,current_catalog_text_output,exact_model_variant,total_tokens,2,364,tokenizer_known_non_other,1,0.5,0.1623103343430371,0.0870858053396644,0.5386013875546337,0.731239885577761
day,2026-08-11,current_catalog_text_output,exact_model_variant,total_tokens,2,364,modality_metadata_available,2,1.0,0.3013552101675062,0.11909334687187763,1.0,1.0
day,2026-08-11,current_catalog_text_output,exact_model_variant,total_tokens,2,364,structured_model_size_available,0,0.0,0.0,0.0,0.0,0.0
day,2026-08-11,current_catalog_text_output,exact_model_variant,total_tokens,2,364,text_only_input_capable,2,1.0,0.3013552101675062,0.11909334687187763,1.0,1.0
day,2026-08-11,current_catalog_text_output,exact_model_variant,total_tokens,2,364,non_text_input_capable,0,0.0,0.0,0.0,0.0,0.0
day,2026-08-11,current_catalog_text_output,exact_model_variant,total_tokens,2,364,text_output_capable,2,1.0,0.3013552101675062,0.11909334687187763,1.0,1.0
day,2026-08-11,current_catalog_text_output,exact_model_variant,total_tokens,2,364,non_text_output_capable,0,0.0,0.0,0.0,0.0,0.0
day,2026-08-11,current_catalog_text_output,exact_model_variant,total_tokens,2,364,free_service_variant,0,0.0,0.0,0.0,0.0,0.0
day,2026-08-11,current_catalog_text_output,exact_model_variant,total_tokens,2,364,batch_service_variant,0,0.0,0.0,0.0,0.0,0.0
day,2026-08-11,current_catalog_text_output,exact_model_variant,total_tokens,2,364,thinking_service_variant,0,0.0,0.0,0.0,0.0,0.0
day,2026-08-11,current_catalog_text_output,exact_model_variant,total_tokens,2,364,observed_non_text_activity,0,0.0,0.0,0.0,0.0,0.0
day,2026-08-11,current_catalog_text_output,exact_model_variant,total_tokens,5,364,catalog_match,5,1.0,0.5083674266063669,0.3164527681355124,1.0,1.0
day,2026-08-11,current_catalog_text_output,exact_model_variant,total_tokens,5,364,hugging_face_id_available,4,0.8,0.4333176936372914,0.2663537748110236,0.8523710823290275,0.8416857162613436
day,2026-08-11,current_catalog_text_output,exact_model_variant,total_tokens,5,364,tokenizer_known_non_other,3,0.6,0.30457803361082814,0.26802562198851626,0.5991297193135575,0.8469688022249865
day,2026-08-11,current_catalog_text_output,exact_model_variant,total_tokens,5,364,modality_metadata_available,5,1.0,0.5083674266063669,0.3164527681355124,1.0,1.0
day,2026-08-11,current_catalog_text_output,exact_model_variant,total_tokens,5,364,structured_model_size_available,0,0.0,0.0,0.0,0.0,0.0
day,2026-08-11,current_catalog_text_output,exact_model_variant,total_tokens,5,364,text_only_input_capable,3,0.6,0.36857317646622173,0.24993417019624078,0.725013360762807,0.7897992855894792
day,2026-08-11,current_catalog_text_output,exact_model_variant,total_tokens,5,364,non_text_input_capable,2,0.4,0.1397942501401452,0.06651859793927158,0.27498663923719296,0.21020071441052077
day,2026-08-11,current_catalog_text_output,exact_model_variant,total_tokens,5,364,text_output_capable,5,1.0,0.5083674266063669,0.3164527681355124,1.0,1.0
day,2026-08-11,current_catalog_text_output,exact_model_variant,total_tokens,5,364,non_text_output_capable,0,0.0,0.0,0.0,0.0,0.0
day,2026-08-11,current_catalog_text_output,exact_model_variant,total_tokens,5,364,free_service_variant,0,0.0,0.0,0.0,0.0,0.0
day,2026-08-11,current_catalog_text_output,exact_model_variant,total_tokens,5,364,batch_service_variant,0,0.0,0.0,0.0,0.0,0.0
day,2026-08-11,current_catalog_text_output,exact_model_variant,total_tokens,5,364,thinking_service_variant,0,0.0,0.0,0.0,0.0,0.0
day,2026-08-11,current_catalog_text_output,exact_model_variant,total_tokens,5,364,observed_non_text_activity,0,0.0,0.0,0.0,0.0,0.0
day,2026-08-11,current_catalog_text_output,exact_model_variant,total_tokens,10,364,catalog_match,10,1.0,0.666823042979293,0.3754634540798006,1.0,1.0
day,2026-08-11,current_catalog_text_output,exact_model_variant,total_tokens,10,364,hugging_face_id_available,8,0.8,0.5686151728242792,0.31979188724177915,0.8527227407795753,0.851725737263928
day,2026-08-11,current_catalog_text_output,exact_model_variant,total_tokens,10,364,tokenizer_known_non_other,5,0.5,0.3649011065373697,0.29896340914639047,0.5472233006631433,0.7962516881412621
day,2026-08-11,current_catalog_text_output,exact_model_variant,total_tokens,10,364,modality_metadata_available,10,1.0,0.666823042979293,0.3754634540798006,1.0,1.0
day,2026-08-11,current_catalog_text_output,exact_model_variant,total_tokens,10,364,structured_model_size_available,0,0.0,0.0,0.0,0.0,0.0
day,2026-08-11,current_catalog_text_output,exact_model_variant,total_tokens,10,364,text_only_input_capable,6,0.6,0.482556857167841,0.2983096416805853,0.7236655395287922,0.7945104601769921
day,2026-08-11,current_catalog_text_output,exact_model_variant,total_tokens,10,364,non_text_input_capable,4,0.4,0.1842661858114519,0.07715381239921526,0.2763344604712078,0.20548953982300783
day,2026-08-11,current_catalog_text_output,exact_model_variant,total_tokens,10,364,text_output_capable,10,1.0,0.666823042979293,0.3754634540798006,1.0,1.0
day,2026-08-11,current_catalog_text_output,exact_model_variant,total_tokens,10,364,non_text_output_capable,0,0.0,0.0,0.0,0.0,0.0
day,2026-08-11,current_catalog_text_output,exact_model_variant,total_tokens,10,364,free_service_variant,1,0.1,0.019537230019094274,0.004434127529771259,0.02929897253070927,0.011809744681113052
day,2026-08-11,current_catalog_text_output,exact_model_variant,total_tokens,10,364,batch_service_variant,0,0.0,0.0,0.0,0.0,0.0
day,2026-08-11,current_catalog_text_output,exact_model_variant,total_tokens,10,364,thinking_service_variant,0,0.0,0.0,0.0,0.0,0.0
day,2026-08-11,current_catalog_text_output,exact_model_variant,total_tokens,10,364,observed_non_text_activity,0,0.0,0.0,0.0,0.0,0.0
day,2026-08-11,current_catalog_text_output,exact_model_variant,total_tokens,20,364,catalog_match,20,1.0,0.8155181710750226,0.5162761833913905,1.0,1.0
day,2026-08-11,current_catalog_text_output,exact_model_variant,total_tokens,20,364,hugging_face_id_available,11,0.55,0.6231748014735825,0.33469131955186787,0.7641458198927787,0.64827960366736
day,2026-08-11,current_catalog_text_output,exact_model_variant,total_tokens,20,364,tokenizer_known_non_other,12,0.6,0.459036605983796,0.4248767061478916,0.5628772261183221,0.8229639867500751
day,2026-08-11,current_catalog_text_output,exact_model_variant,total_tokens,20,364,modality_metadata_available,20,1.0,0.8155181710750226,0.5162761833913905,1.0,1.0
day,2026-08-11,current_catalog_text_output,exact_model_variant,total_tokens,20,364,structured_model_size_available,0,0.0,0.0,0.0,0.0,0.0
day,2026-08-11,current_catalog_text_output,exact_model_variant,total_tokens,20,364,text_only_input_capable,7,0.35,0.5019657816562645,0.302108266336,0.6155175929367328,0.5851679315351467
day,2026-08-11,current_catalog_text_output,exact_model_variant,total_tokens,20,364,non_text_input_capable,13,0.65,0.313552389418758,0.21416791705539046,0.38448240706326725,0.4148320684648533
day,2026-08-11,current_catalog_text_output,exact_model_variant,total_tokens,20,364,text_output_capable,20,1.0,0.8155181710750226,0.5162761833913905,1.0,1.0
day,2026-08-11,current_catalog_text_output,exact_model_variant,total_tokens,20,364,non_text_output_capable,0,0.0,0.0,0.0,0.0,0.0
day,2026-08-11,current_catalog_text_output,exact_model_variant,total_tokens,20,364,free_service_variant,2,0.1,0.038946154507517754,0.008232752185185948,0.047756329520136406,0.015946410952187337
day,2026-08-11,current_catalog_text_output,exact_model_variant,total_tokens,20,364,batch_service_variant,0,0.0,0.0,0.0,0.0,0.0
day,2026-08-11,current_catalog_text_output,exact_model_variant,total_tokens,20,364,thinking_service_variant,0,0.0,0.0,0.0,0.0,0.0
day,2026-08-11,current_catalog_text_output,exact_model_variant,total_tokens,20,364,observed_non_text_activity,0,0.0,0.0,0.0,0.0,0.0
day,2026-08-11,current_catalog_text_output,exact_model_variant,total_tokens,25,364,catalog_match,25,1.0,0.8561413649112093,0.6209109814954272,1.0,1.0
day,2026-08-11,current_catalog_text_output,exact_model_variant,total_tokens,25,364,hugging_face_id_available,13,0.52,0.6382209588270383,0.39639027272006877,0.7454621222433616,0.6384011308116766
day,2026-08-11,current_catalog_text_output,exact_model_variant,total_tokens,25,364,tokenizer_known_non_other,17,0.68,0.49965979981998276,0.5295115042519284,0.5836183372261223,0.8527977762233023
day,2026-08-11,current_catalog_text_output,exact_model_variant,total_tokens,25,364,modality_metadata_available,25,1.0,0.8561413649112093,0.6209109814954272,1.0,1.0
day,2026-08-11,current_catalog_text_output,exact_model_variant,total_tokens,25,364,structured_model_size_available,0,0.0,0.0,0.0,0.0,0.0
day,2026-08-11,current_catalog_text_output,exact_model_variant,total_tokens,25,364,text_only_input_capable,8,0.32,0.5090236176128583,0.3286452533002477,0.5945555704642882,0.5292952824070289
day,2026-08-11,current_catalog_text_output,exact_model_variant,total_tokens,25,364,non_text_input_capable,17,0.68,0.34711774729835093,0.29226572819517954,0.40544442953571186,0.47070471759297106
day,2026-08-11,current_catalog_text_output,exact_model_variant,total_tokens,25,364,text_output_capable,25,1.0,0.8561413649112093,0.6209109814954272,1.0,1.0
day,2026-08-11,current_catalog_text_output,exact_model_variant,total_tokens,25,364,non_text_output_capable,0,0.0,0.0,0.0,0.0,0.0
day,2026-08-11,current_catalog_text_output,exact_model_variant,total_tokens,25,364,free_service_variant,2,0.08,0.038946154507517754,0.008232752185185948,0.04549033150799445,0.013259150555459419
day,2026-08-11,current_catalog_text_output,exact_model_variant,total_tokens,25,364,batch_service_variant,0,0.0,0.0,0.0,0.0,0.0
day,2026-08-11,current_catalog_text_output,exact_model_variant,total_tokens,25,364,thinking_service_variant,0,0.0,0.0,0.0,0.0,0.0
day,2026-08-11,current_catalog_text_output,exact_model_variant,total_tokens,25,364,observed_non_text_activity,0,0.0,0.0,0.0,0.0,0.0
day,2026-08-11,current_catalog_text_output,exact_model_variant,total_tokens,30,364,catalog_match,30,1.0,0.8848290700235325,0.6870241230443728,1.0,1.0
day,2026-08-11,current_catalog_text_output,exact_model_variant,total_tokens,30,364,hugging_face_id_available,16,0.5333333333333333,0.6553847930054897,0.43224958790908535,0.740690846637825,0.6291621697265609
day,2026-08-11,current_catalog_text_output,exact_model_variant,total_tokens,30,364,tokenizer_known_non_other,21,0.7,0.522195147563462,0.5936368847318456,0.5901649993818285,0.8640699282891184
day,2026-08-11,current_catalog_text_output,exact_model_variant,total_tokens,30,364,modality_metadata_available,30,1.0,0.8848290700235325,0.6870241230443728,1.0,1.0
day,2026-08-11,current_catalog_text_output,exact_model_variant,total_tokens,30,364,structured_model_size_available,0,0.0,0.0,0.0,0.0,0.0
day,2026-08-11,current_catalog_text_output,exact_model_variant,total_tokens,30,364,text_only_input_capable,10,0.3333333333333333,0.5205377306657635,0.3438920603351038,0.5882918501444798,0.5005531083992124
day,2026-08-11,current_catalog_text_output,exact_model_variant,total_tokens,30,364,non_text_input_capable,20,0.6666666666666666,0.36429133935776903,0.34313206270926905,0.4117081498555201,0.4994468916007876
day,2026-08-11,current_catalog_text_output,exact_model_variant,total_tokens,30,364,text_output_capable,30,1.0,0.8848290700235325,0.6870241230443728,1.0,1.0
day,2026-08-11,current_catalog_text_output,exact_model_variant,total_tokens,30,364,non_text_output_capable,0,0.0,0.0,0.0,0.0,0.0
day,2026-08-11,current_catalog_text_output,exact_model_variant,total_tokens,30,364,free_service_variant,2,0.06666666666666667,0.038946154507517754,0.008232752185185948,0.044015455444385385,0.011983206861361138
day,2026-08-11,current_catalog_text_output,exact_model_variant,total_tokens,30,364,batch_service_variant,0,0.0,0.0,0.0,0.0,0.0
day,2026-08-11,current_catalog_text_output,exact_model_variant,total_tokens,30,364,thinking_service_variant,0,0.0,0.0,0.0,0.0,0.0
day,2026-08-11,current_catalog_text_output,exact_model_variant,total_tokens,30,364,observed_non_text_activity,0,0.0,0.0,0.0,0.0,0.0
day,2026-08-11,current_catalog_text_output,exact_model_variant,total_tokens,50,364,catalog_match,50,1.0,0.9418976495097076,0.797550767596841,1.0,1.0
day,2026-08-11,current_catalog_text_output,exact_model_variant,total_tokens,50,364,hugging_face_id_available,23,0.46,0.6733907450078581,0.44899025750012744,0.7149298497117843,0.5629613508529534
day,2026-08-11,current_catalog_text_output,exact_model_variant,total_tokens,50,364,tokenizer_known_non_other,36,0.72,0.5653635899253593,0.6806911382297143,0.6002388796910703,0.8534768768146949
day,2026-08-11,current_catalog_text_output,exact_model_variant,total_tokens,50,364,modality_metadata_available,50,1.0,0.9418976495097076,0.797550767596841,1.0,1.0
day,2026-08-11,current_catalog_text_output,exact_model_variant,total_tokens,50,364,structured_model_size_available,0,0.0,0.0,0.0,0.0,0.0
day,2026-08-11,current_catalog_text_output,exact_model_variant,total_tokens,50,364,text_only_input_capable,17,0.34,0.5395758721721239,0.37649557227616376,0.5728604084031774,0.4720647105771214
day,2026-08-11,current_catalog_text_output,exact_model_variant,total_tokens,50,364,non_text_input_capable,33,0.66,0.4023217773375836,0.4210551953206772,0.4271395915968226,0.5279352894228786
day,2026-08-11,current_catalog_text_output,exact_model_variant,total_tokens,50,364,text_output_capable,50,1.0,0.9418976495097076,0.797550767596841,1.0,1.0
day,2026-08-11,current_catalog_text_output,exact_model_variant,total_tokens,50,364,non_text_output_capable,0,0.0,0.0,0.0,0.0,0.0
day,2026-08-11,current_catalog_text_output,exact_model_variant,total_tokens,50,364,free_service_variant,6,0.12,0.05038396026025481,0.012801208355453241,0.05349196941565946,0.016050650159895784
day,2026-08-11,current_catalog_text_output,exact_model_variant,total_tokens,50,364,batch_service_variant,0,0.0,0.0,0.0,0.0,0.0
day,2026-08-11,current_catalog_text_output,exact_model_variant,total_tokens,50,364,thinking_service_variant,0,0.0,0.0,0.0,0.0,0.0
day,2026-08-11,current_catalog_text_output,exact_model_variant,total_tokens,50,364,observed_non_text_activity,0,0.0,0.0,0.0,0.0,0.0
day,2026-08-11,current_catalog_text_output,exact_model_variant,total_tokens,75,364,catalog_match,75,1.0,0.9729599042043766,0.8935628318906518,1.0,1.0
day,2026-08-11,current_catalog_text_output,exact_model_variant,total_tokens,75,364,hugging_face_id_available,35,0.4666666666666667,0.6890005259865118,0.49800748001042394,0.708148941193966,0.5573278814168121
day,2026-08-11,current_catalog_text_output,exact_model_variant,total_tokens,75,364,tokenizer_known_non_other,51,0.68,0.5829961097148639,0.7646480658289102,0.5991984944041453,0.855729489342147
day,2026-08-11,current_catalog_text_output,exact_model_variant,total_tokens,75,364,modality_metadata_available,75,1.0,0.9729599042043766,0.8935628318906518,1.0,1.0
day,2026-08-11,current_catalog_text_output,exact_model_variant,total_tokens,75,364,structured_model_size_available,0,0.0,0.0,0.0,0.0,0.0
day,2026-08-11,current_catalog_text_output,exact_model_variant,total_tokens,75,364,text_only_input_capable,28,0.37333333333333335,0.5529060568271901,0.4224536378795382,0.5682721913184292,0.472774406905093
day,2026-08-11,current_catalog_text_output,exact_model_variant,total_tokens,75,364,non_text_input_capable,47,0.6266666666666667,0.4200538473771865,0.4711091940111136,0.43172780868157073,0.527225593094907
day,2026-08-11,current_catalog_text_output,exact_model_variant,total_tokens,75,364,text_output_capable,75,1.0,0.9729599042043766,0.8935628318906518,1.0,1.0
day,2026-08-11,current_catalog_text_output,exact_model_variant,total_tokens,75,364,non_text_output_capable,0,0.0,0.0,0.0,0.0,0.0
day,2026-08-11,current_catalog_text_output,exact_model_variant,total_tokens,75,364,free_service_variant,7,0.09333333333333334,0.051715080341565835,0.013327696207721123,0.05315232428190869,0.014915231175765912
day,2026-08-11,current_catalog_text_output,exact_model_variant,total_tokens,75,364,batch_service_variant,0,0.0,0.0,0.0,0.0,0.0
day,2026-08-11,current_catalog_text_output,exact_model_variant,total_tokens,75,364,thinking_service_variant,0,0.0,0.0,0.0,0.0,0.0
day,2026-08-11,current_catalog_text_output,exact_model_variant,total_tokens,75,364,observed_non_text_activity,0,0.0,0.0,0.0,0.0,0.0
day,2026-08-11,current_catalog_text_output,exact_model_variant,total_tokens,100,364,catalog_match,100,1.0,0.986610412577263,0.9387395145103475,1.0,1.0
day,2026-08-11,current_catalog_text_output,exact_model_variant,total_tokens,100,364,hugging_face_id_available,49,0.49,0.6965898585320678,0.529435015690621,0.7060434895597828,0.5639850112912076
day,2026-08-11,current_catalog_text_output,exact_model_variant,total_tokens,100,364,tokenizer_known_non_other,68,0.68,0.5920945901941292,0.8062300590928534,0.6001300844245463,0.8588432111685297
day,2026-08-11,current_catalog_text_output,exact_model_variant,total_tokens,100,364,modality_metadata_available,100,1.0,0.986610412577263,0.9387395145103475,1.0,1.0
day,2026-08-11,current_catalog_text_output,exact_model_variant,total_tokens,100,364,structured_model_size_available,0,0.0,0.0,0.0,0.0,0.0
day,2026-08-11,current_catalog_text_output,exact_model_variant,total_tokens,100,364,text_only_input_capable,38,0.38,0.558391350246097,0.44641208416346245,0.5659694476439234,0.47554414964231456
day,2026-08-11,current_catalog_text_output,exact_model_variant,total_tokens,100,364,non_text_input_capable,62,0.62,0.428219062331166,0.4923274303468851,0.4340305523560765,0.5244558503576854
day,2026-08-11,current_catalog_text_output,exact_model_variant,total_tokens,100,364,text_output_capable,100,1.0,0.986610412577263,0.9387395145103475,1.0,1.0
day,2026-08-11,current_catalog_text_output,exact_model_variant,total_tokens,100,364,non_text_output_capable,0,0.0,0.0,0.0,0.0,0.0
day,2026-08-11,current_catalog_text_output,exact_model_variant,total_tokens,100,364,free_service_variant,9,0.09,0.05281305762643774,0.014228790201812815,0.053529799557332225,0.015157335961546949
day,2026-08-11,current_catalog_text_output,exact_model_variant,total_tokens,100,364,batch_service_variant,0,0.0,0.0,0.0,0.0,0.0
day,2026-08-11,current_catalog_text_output,exact_model_variant,total_tokens,100,364,thinking_service_variant,0,0.0,0.0,0.0,0.0,0.0
day,2026-08-11,current_catalog_text_output,exact_model_variant,total_tokens,100,364,observed_non_text_activity,0,0.0,0.0,0.0,0.0,0.0
day,2026-08-11,current_catalog_text_output,exact_model_variant,total_tokens,200,364,catalog_match,200,1.0,0.9990679632700507,0.9942023705811475,1.0,1.0
day,2026-08-11,current_catalog_text_output,exact_model_variant,total_tokens,200,364,hugging_face_id_available,110,0.55,0.7054870288325932,0.5729329411007631,0.7061451820789676,0.576273963987697
day,2026-08-11,current_catalog_text_output,exact_model_variant,total_tokens,200,364,tokenizer_known_non_other,137,0.685,0.6010252050587246,0.8532770471288511,0.6015859052186081,0.8582528792705247
day,2026-08-11,current_catalog_text_output,exact_model_variant,total_tokens,200,364,modality_metadata_available,200,1.0,0.9990679632700507,0.9942023705811475,1.0,1.0
day,2026-08-11,current_catalog_text_output,exact_model_variant,total_tokens,200,364,structured_model_size_available,0,0.0,0.0,0.0,0.0,0.0
day,2026-08-11,current_catalog_text_output,exact_model_variant,total_tokens,200,364,text_only_input_capable,84,0.42,0.5636724945848556,0.4629385692358324,0.5641983481683253,0.46563816677003894
day,2026-08-11,current_catalog_text_output,exact_model_variant,total_tokens,200,364,non_text_input_capable,116,0.58,0.4353954686851951,0.531263801345315,0.4358016518316748,0.5343618332299611
day,2026-08-11,current_catalog_text_output,exact_model_variant,total_tokens,200,364,text_output_capable,200,1.0,0.9990679632700507,0.9942023705811475,1.0,1.0
day,2026-08-11,current_catalog_text_output,exact_model_variant,total_tokens,200,364,non_text_output_capable,4,0.02,0.00014934455378489567,0.001014204401561356,0.0001494838782499599,0.0010201186715824433
day,2026-08-11,current_catalog_text_output,exact_model_variant,total_tokens,200,364,free_service_variant,14,0.07,0.05348681638002249,0.016304175970982365,0.05353671456439732,0.01639925276123812
day,2026-08-11,current_catalog_text_output,exact_model_variant,total_tokens,200,364,batch_service_variant,0,0.0,0.0,0.0,0.0,0.0
day,2026-08-11,current_catalog_text_output,exact_model_variant,total_tokens,200,364,thinking_service_variant,0,0.0,0.0,0.0,0.0,0.0
day,2026-08-11,current_catalog_text_output,exact_model_variant,total_tokens,200,364,observed_non_text_activity,0,0.0,0.0,0.0,0.0,0.0
day,2026-08-11,current_catalog_text_output,exact_model_variant,total_tokens,364,364,catalog_match,364,1.0,1.0,1.0,1.0,1.0
day,2026-08-11,current_catalog_text_output,exact_model_variant,total_tokens,364,364,hugging_face_id_available,165,0.4532967032967033,0.7058634662392819,0.5762961311448631,0.7058634662392819,0.5762961311448631
day,2026-08-11,current_catalog_text_output,exact_model_variant,total_tokens,364,364,tokenizer_known_non_other,247,0.6785714285714286,0.6016014632249581,0.8567802464025431,0.6016014632249581,0.8567802464025431
day,2026-08-11,current_catalog_text_output,exact_model_variant,total_tokens,364,364,modality_metadata_available,364,1.0,1.0,1.0,1.0,1.0
day,2026-08-11,current_catalog_text_output,exact_model_variant,total_tokens,364,364,structured_model_size_available,0,0.0,0.0,0.0,0.0,0.0
day,2026-08-11,current_catalog_text_output,exact_model_variant,total_tokens,364,364,text_only_input_capable,150,0.41208791208791207,0.5641277543737058,0.4663656208166569,0.5641277543737058,0.4663656208166569
day,2026-08-11,current_catalog_text_output,exact_model_variant,total_tokens,364,364,non_text_input_capable,214,0.5879120879120879,0.4358722456262943,0.5336343791833431,0.4358722456262943,0.5336343791833431
day,2026-08-11,current_catalog_text_output,exact_model_variant,total_tokens,364,364,text_output_capable,364,1.0,1.0,1.0,1.0,1.0
day,2026-08-11,current_catalog_text_output,exact_model_variant,total_tokens,364,364,non_text_output_capable,13,0.03571428571428571,0.0002155016430994455,0.0014185256668888323,0.0002155016430994455,0.0014185256668888323
day,2026-08-11,current_catalog_text_output,exact_model_variant,total_tokens,364,364,free_service_variant,16,0.04395604395604396,0.053513436454833654,0.016421696157054175,0.053513436454833654,0.016421696157054175
day,2026-08-11,current_catalog_text_output,exact_model_variant,total_tokens,364,364,batch_service_variant,34,0.09340659340659341,7.771611565722738e-05,0.0002975268522009172,7.771611565722738e-05,0.0002975268522009172
day,2026-08-11,current_catalog_text_output,exact_model_variant,total_tokens,364,364,thinking_service_variant,1,0.0027472527472527475,2.6479584681234664e-07,1.2741198963038493e-06,2.6479584681234664e-07,1.2741198963038493e-06
day,2026-08-11,current_catalog_text_output,exact_model_variant,total_tokens,364,364,observed_non_text_activity,0,0.0,0.0,0.0,0.0,0.0
day,2026-08-11,current_catalog_text_output,exact_model_variant,requests,1,364,catalog_match,1,1.0,0.06721796629871551,0.13084082332436314,1.0,1.0
day,2026-08-11,current_catalog_text_output,exact_model_variant,requests,1,364,hugging_face_id_available,1,1.0,0.06721796629871551,0.13084082332436314,1.0,1.0
day,2026-08-11,current_catalog_text_output,exact_model_variant,requests,1,364,tokenizer_known_non_other,1,1.0,0.06721796629871551,0.13084082332436314,1.0,1.0
day,2026-08-11,current_catalog_text_output,exact_model_variant,requests,1,364,modality_metadata_available,1,1.0,0.06721796629871551,0.13084082332436314,1.0,1.0
day,2026-08-11,current_catalog_text_output,exact_model_variant,requests,1,364,structured_model_size_available,0,0.0,0.0,0.0,0.0,0.0
day,2026-08-11,current_catalog_text_output,exact_model_variant,requests,1,364,text_only_input_capable,1,1.0,0.06721796629871551,0.13084082332436314,1.0,1.0
day,2026-08-11,current_catalog_text_output,exact_model_variant,requests,1,364,non_text_input_capable,0,0.0,0.0,0.0,0.0,0.0
day,2026-08-11,current_catalog_text_output,exact_model_variant,requests,1,364,text_output_capable,1,1.0,0.06721796629871551,0.13084082332436314,1.0,1.0
day,2026-08-11,current_catalog_text_output,exact_model_variant,requests,1,364,non_text_output_capable,0,0.0,0.0,0.0,0.0,0.0
day,2026-08-11,current_catalog_text_output,exact_model_variant,requests,1,364,free_service_variant,0,0.0,0.0,0.0,0.0,0.0
day,2026-08-11,current_catalog_text_output,exact_model_variant,requests,1,364,batch_service_variant,0,0.0,0.0,0.0,0.0,0.0
day,2026-08-11,current_catalog_text_output,exact_model_variant,requests,1,364,thinking_service_variant,0,0.0,0.0,0.0,0.0,0.0
day,2026-08-11,current_catalog_text_output,exact_model_variant,requests,1,364,observed_non_text_activity,0,0.0,0.0,0.0,0.0,0.0
day,2026-08-11,current_catalog_text_output,exact_model_variant,requests,2,364,catalog_match,2,1.0,0.22952830064175261,0.21792662866402754,1.0,1.0
day,2026-08-11,current_catalog_text_output,exact_model_variant,requests,2,364,hugging_face_id_available,2,1.0,0.22952830064175261,0.21792662866402754,1.0,1.0
day,2026-08-11,current_catalog_text_output,exact_model_variant,requests,2,364,tokenizer_known_non_other,2,1.0,0.22952830064175261,0.21792662866402754,1.0,1.0
day,2026-08-11,current_catalog_text_output,exact_model_variant,requests,2,364,modality_metadata_available,2,1.0,0.22952830064175261,0.21792662866402754,1.0,1.0
day,2026-08-11,current_catalog_text_output,exact_model_variant,requests,2,364,structured_model_size_available,0,0.0,0.0,0.0,0.0,0.0
day,2026-08-11,current_catalog_text_output,exact_model_variant,requests,2,364,text_only_input_capable,2,1.0,0.22952830064175261,0.21792662866402754,1.0,1.0
day,2026-08-11,current_catalog_text_output,exact_model_variant,requests,2,364,non_text_input_capable,0,0.0,0.0,0.0,0.0,0.0
day,2026-08-11,current_catalog_text_output,exact_model_variant,requests,2,364,text_output_capable,2,1.0,0.22952830064175261,0.21792662866402754,1.0,1.0
day,2026-08-11,current_catalog_text_output,exact_model_variant,requests,2,364,non_text_output_capable,0,0.0,0.0,0.0,0.0,0.0
day,2026-08-11,current_catalog_text_output,exact_model_variant,requests,2,364,free_service_variant,0,0.0,0.0,0.0,0.0,0.0
day,2026-08-11,current_catalog_text_output,exact_model_variant,requests,2,364,batch_service_variant,0,0.0,0.0,0.0,0.0,0.0
day,2026-08-11,current_catalog_text_output,exact_model_variant,requests,2,364,thinking_service_variant,0,0.0,0.0,0.0,0.0,0.0
day,2026-08-11,current_catalog_text_output,exact_model_variant,requests,2,364,observed_non_text_activity,0,0.0,0.0,0.0,0.0,0.0
day,2026-08-11,current_catalog_text_output,exact_model_variant,requests,5,364,catalog_match,5,1.0,0.32353940456425534,0.36883076317150815,1.0,1.0
day,2026-08-11,current_catalog_text_output,exact_model_variant,requests,5,364,hugging_face_id_available,3,0.6,0.23751662203861462,0.25308859486798074,0.7341196116698778,0.6861916633301363
day,2026-08-11,current_catalog_text_output,exact_model_variant,requests,5,364,tokenizer_known_non_other,5,1.0,0.32353940456425534,0.36883076317150815,1.0,1.0
day,2026-08-11,current_catalog_text_output,exact_model_variant,requests,5,364,modality_metadata_available,5,1.0,0.32353940456425534,0.36883076317150815,1.0,1.0
day,2026-08-11,current_catalog_text_output,exact_model_variant,requests,5,364,structured_model_size_available,0,0.0,0.0,0.0,0.0,0.0
day,2026-08-11,current_catalog_text_output,exact_model_variant,requests,5,364,text_only_input_capable,2,0.4,0.22952830064175261,0.21792662866402754,0.7094291990519133,0.5908580585581213
day,2026-08-11,current_catalog_text_output,exact_model_variant,requests,5,364,non_text_input_capable,3,0.6,0.09401110392250274,0.1509041345074806,0.29057080094808674,0.40914194144187865
day,2026-08-11,current_catalog_text_output,exact_model_variant,requests,5,364,text_output_capable,5,1.0,0.32353940456425534,0.36883076317150815,1.0,1.0
day,2026-08-11,current_catalog_text_output,exact_model_variant,requests,5,364,non_text_output_capable,0,0.0,0.0,0.0,0.0,0.0
day,2026-08-11,current_catalog_text_output,exact_model_variant,requests,5,364,free_service_variant,0,0.0,0.0,0.0,0.0,0.0
day,2026-08-11,current_catalog_text_output,exact_model_variant,requests,5,364,batch_service_variant,0,0.0,0.0,0.0,0.0,0.0
day,2026-08-11,current_catalog_text_output,exact_model_variant,requests,5,364,thinking_service_variant,0,0.0,0.0,0.0,0.0,0.0
day,2026-08-11,current_catalog_text_output,exact_model_variant,requests,5,364,observed_non_text_activity,0,0.0,0.0,0.0,0.0,0.0
day,2026-08-11,current_catalog_text_output,exact_model_variant,requests,10,364,catalog_match,10,1.0,0.4917418195871163,0.5220432819190655,1.0,1.0
day,2026-08-11,current_catalog_text_output,exact_model_variant,requests,10,364,hugging_face_id_available,4,0.4,0.37656149786308374,0.285096136400194,0.7657707416043198,0.5461158993410696
day,2026-08-11,current_catalog_text_output,exact_model_variant,requests,10,364,tokenizer_known_non_other,9,0.9,0.35269694376264726,0.49003574038685227,0.7172400835438075,0.9386879543501615
day,2026-08-11,current_catalog_text_output,exact_model_variant,requests,10,364,modality_metadata_available,10,1.0,0.4917418195871163,0.5220432819190655,1.0,1.0
day,2026-08-11,current_catalog_text_output,exact_model_variant,requests,10,364,structured_model_size_available,0,0.0,0.0,0.0,0.0,0.0
day,2026-08-11,current_catalog_text_output,exact_model_variant,requests,10,364,text_only_input_capable,3,0.3,0.36857317646622173,0.24993417019624078,0.7495257913506088,0.47876139556372854
day,2026-08-11,current_catalog_text_output,exact_model_variant,requests,10,364,non_text_input_capable,7,0.7,0.12316864312089464,0.2721091117228247,0.25047420864939113,0.5212386044362715
day,2026-08-11,current_catalog_text_output,exact_model_variant,requests,10,364,text_output_capable,10,1.0,0.4917418195871163,0.5220432819190655,1.0,1.0
day,2026-08-11,current_catalog_text_output,exact_model_variant,requests,10,364,non_text_output_capable,0,0.0,0.0,0.0,0.0,0.0
day,2026-08-11,current_catalog_text_output,exact_model_variant,requests,10,364,free_service_variant,0,0.0,0.0,0.0,0.0,0.0
day,2026-08-11,current_catalog_text_output,exact_model_variant,requests,10,364,batch_service_variant,0,0.0,0.0,0.0,0.0,0.0
day,2026-08-11,current_catalog_text_output,exact_model_variant,requests,10,364,thinking_service_variant,0,0.0,0.0,0.0,0.0,0.0
day,2026-08-11,current_catalog_text_output,exact_model_variant,requests,10,364,observed_non_text_activity,0,0.0,0.0,0.0,0.0,0.0
day,2026-08-11,current_catalog_text_output,exact_model_variant,requests,20,364,catalog_match,20,1.0,0.6778487090948778,0.7017142323478093,1.0,1.0
day,2026-08-11,current_catalog_text_output,exact_model_variant,requests,20,364,hugging_face_id_available,12,0.6,0.5564085487913556,0.4371940898111892,0.820844742087538,0.6230372274884842
day,2026-08-11,current_catalog_text_output,exact_model_variant,requests,20,364,tokenizer_known_non_other,16,0.8,0.41388145362252493,0.6158784776213168,0.6105808686648901,0.8776770503295884
day,2026-08-11,current_catalog_text_output,exact_model_variant,requests,20,364,modality_metadata_available,20,1.0,0.6778487090948778,0.7017142323478093,1.0,1.0
day,2026-08-11,current_catalog_text_output,exact_model_variant,requests,20,364,structured_model_size_available,0,0.0,0.0,0.0,0.0,0.0
day,2026-08-11,current_catalog_text_output,exact_model_variant,requests,20,364,text_only_input_capable,10,0.5,0.4809223366327702,0.3838324891075573,0.7094832964643972,0.5469925952952713
day,2026-08-11,current_catalog_text_output,exact_model_variant,requests,20,364,non_text_input_capable,10,0.5,0.19692637246210767,0.31788174324025203,0.29051670353560277,0.4530074047047286
day,2026-08-11,current_catalog_text_output,exact_model_variant,requests,20,364,text_output_capable,20,1.0,0.6778487090948778,0.7017142323478093,1.0,1.0
day,2026-08-11,current_catalog_text_output,exact_model_variant,requests,20,364,non_text_output_capable,0,0.0,0.0,0.0,0.0,0.0
day,2026-08-11,current_catalog_text_output,exact_model_variant,requests,20,364,free_service_variant,0,0.0,0.0,0.0,0.0,0.0
day,2026-08-11,current_catalog_text_output,exact_model_variant,requests,20,364,batch_service_variant,0,0.0,0.0,0.0,0.0,0.0
day,2026-08-11,current_catalog_text_output,exact_model_variant,requests,20,364,thinking_service_variant,0,0.0,0.0,0.0,0.0,0.0
day,2026-08-11,current_catalog_text_output,exact_model_variant,requests,20,364,observed_non_text_activity,0,0.0,0.0,0.0,0.0,0.0
day,2026-08-11,current_catalog_text_output,exact_model_variant,requests,25,364,catalog_match,25,1.0,0.713462286687393,0.7415875960820846,1.0,1.0
day,2026-08-11,current_catalog_text_output,exact_model_variant,requests,25,364,hugging_face_id_available,13,0.52,0.5586341119083731,0.4450744419441726,0.7829903869230602,0.6001643558974904
day,2026-08-11,current_catalog_text_output,exact_model_variant,requests,25,364,tokenizer_known_non_other,21,0.84,0.44949503121504,0.6557518413555921,0.6300193291253648,0.8842540582124413
day,2026-08-11,current_catalog_text_output,exact_model_variant,requests,25,364,modality_metadata_available,25,1.0,0.713462286687393,0.7415875960820846,1.0,1.0
day,2026-08-11,current_catalog_text_output,exact_model_variant,requests,25,364,structured_model_size_available,0,0.0,0.0,0.0,0.0,0.0
day,2026-08-11,current_catalog_text_output,exact_model_variant,requests,25,364,text_only_input_capable,11,0.44,0.48314789974978767,0.39171284124054073,0.6771877207315954,0.5282084588658397
day,2026-08-11,current_catalog_text_output,exact_model_variant,requests,25,364,non_text_input_capable,14,0.56,0.23031438693760525,0.3498747548415439,0.3228122792684046,0.47179154113416033
day,2026-08-11,current_catalog_text_output,exact_model_variant,requests,25,364,text_output_capable,25,1.0,0.713462286687393,0.7415875960820846,1.0,1.0
day,2026-08-11,current_catalog_text_output,exact_model_variant,requests,25,364,non_text_output_capable,0,0.0,0.0,0.0,0.0,0.0
day,2026-08-11,current_catalog_text_output,exact_model_variant,requests,25,364,free_service_variant,0,0.0,0.0,0.0,0.0,0.0
day,2026-08-11,current_catalog_text_output,exact_model_variant,requests,25,364,batch_service_variant,0,0.0,0.0,0.0,0.0,0.0
day,2026-08-11,current_catalog_text_output,exact_model_variant,requests,25,364,thinking_service_variant,0,0.0,0.0,0.0,0.0,0.0
day,2026-08-11,current_catalog_text_output,exact_model_variant,requests,25,364,observed_non_text_activity,0,0.0,0.0,0.0,0.0,0.0
day,2026-08-11,current_catalog_text_output,exact_model_variant,requests,30,364,catalog_match,30,1.0,0.751665560621566,0.7749445811622896,1.0,1.0
day,2026-08-11,current_catalog_text_output,exact_model_variant,requests,30,364,hugging_face_id_available,16,0.5333333333333333,0.5798349651579265,0.4657245978592171,0.7714002018110958,0.6009779398169437
day,2026-08-11,current_catalog_text_output,exact_model_variant,requests,30,364,tokenizer_known_non_other,25,0.8333333333333334,0.4682027118789583,0.6817820678148495,0.6228870077429022,0.8797817087672106
day,2026-08-11,current_catalog_text_output,exact_model_variant,requests,30,364,modality_metadata_available,30,1.0,0.751665560621566,0.7749445811622896,1.0,1.0
day,2026-08-11,current_catalog_text_output,exact_model_variant,requests,30,364,structured_model_size_available,0,0.0,0.0,0.0,0.0,0.0
day,2026-08-11,current_catalog_text_output,exact_model_variant,requests,30,364,text_only_input_capable,12,0.4,0.4841640308304685,0.39780841284158636,0.6441216096559013,0.5133378857168588
day,2026-08-11,current_catalog_text_output,exact_model_variant,requests,30,364,non_text_input_capable,18,0.6,0.26750152979109754,0.3771361683207032,0.3558783903440988,0.48666211428314127
day,2026-08-11,current_catalog_text_output,exact_model_variant,requests,30,364,text_output_capable,30,1.0,0.751665560621566,0.7749445811622896,1.0,1.0
day,2026-08-11,current_catalog_text_output,exact_model_variant,requests,30,364,non_text_output_capable,0,0.0,0.0,0.0,0.0,0.0
day,2026-08-11,current_catalog_text_output,exact_model_variant,requests,30,364,free_service_variant,0,0.0,0.0,0.0,0.0,0.0
day,2026-08-11,current_catalog_text_output,exact_model_variant,requests,30,364,batch_service_variant,0,0.0,0.0,0.0,0.0,0.0
day,2026-08-11,current_catalog_text_output,exact_model_variant,requests,30,364,thinking_service_variant,0,0.0,0.0,0.0,0.0,0.0
day,2026-08-11,current_catalog_text_output,exact_model_variant,requests,30,364,observed_non_text_activity,0,0.0,0.0,0.0,0.0,0.0
day,2026-08-11,current_catalog_text_output,exact_model_variant,requests,50,364,catalog_match,50,1.0,0.9001262136744057,0.8707568154700263,1.0,1.0
day,2026-08-11,current_catalog_text_output,exact_model_variant,requests,50,364,hugging_face_id_available,23,0.46,0.6568523282849742,0.4962219151501344,0.7297335843643936,0.5698742821579623
day,2026-08-11,current_catalog_text_output,exact_model_variant,requests,50,364,tokenizer_known_non_other,41,0.82,0.5407483010482868,0.7605248599572627,0.6007471983744344,0.8734067267067426
day,2026-08-11,current_catalog_text_output,exact_model_variant,requests,50,364,modality_metadata_available,50,1.0,0.9001262136744057,0.8707568154700263,1.0,1.0
day,2026-08-11,current_catalog_text_output,exact_model_variant,requests,50,364,structured_model_size_available,0,0.0,0.0,0.0,0.0,0.0
day,2026-08-11,current_catalog_text_output,exact_model_variant,requests,50,364,text_only_input_capable,17,0.34,0.5247663533017088,0.4202344056287771,0.5829919686035582,0.4826082301772609
day,2026-08-11,current_catalog_text_output,exact_model_variant,requests,50,364,non_text_input_capable,33,0.66,0.3753598603726969,0.45052240984124914,0.4170080313964419,0.5173917698227392
day,2026-08-11,current_catalog_text_output,exact_model_variant,requests,50,364,text_output_capable,50,1.0,0.9001262136744057,0.8707568154700263,1.0,1.0
day,2026-08-11,current_catalog_text_output,exact_model_variant,requests,50,364,non_text_output_capable,0,0.0,0.0,0.0,0.0,0.0
day,2026-08-11,current_catalog_text_output,exact_model_variant,requests,50,364,free_service_variant,2,0.04,0.038946154507517754,0.008232752185185948,0.043267437294749626,0.009454708868103416
day,2026-08-11,current_catalog_text_output,exact_model_variant,requests,50,364,batch_service_variant,0,0.0,0.0,0.0,0.0,0.0
day,2026-08-11,current_catalog_text_output,exact_model_variant,requests,50,364,thinking_service_variant,0,0.0,0.0,0.0,0.0,0.0
day,2026-08-11,current_catalog_text_output,exact_model_variant,requests,50,364,observed_non_text_activity,0,0.0,0.0,0.0,0.0,0.0
day,2026-08-11,current_catalog_text_output,exact_model_variant,requests,75,364,catalog_match,75,1.0,0.9475789494607951,0.9324876133621289,1.0,1.0
day,2026-08-11,current_catalog_text_output,exact_model_variant,requests,75,364,hugging_face_id_available,37,0.49333333333333335,0.676070417635687,0.5317027521966033,0.71347133452088,0.5701981930671696
day,2026-08-11,current_catalog_text_output,exact_model_variant,requests,75,364,tokenizer_known_non_other,62,0.8266666666666667,0.5743301347132828,0.8128520209187983,0.6061026735979058,0.8717027543004259
day,2026-08-11,current_catalog_text_output,exact_model_variant,requests,75,364,modality_metadata_available,75,1.0,0.9475789494607951,0.9324876133621289,1.0,1.0
day,2026-08-11,current_catalog_text_output,exact_model_variant,requests,75,364,structured_model_size_available,0,0.0,0.0,0.0,0.0,0.0
day,2026-08-11,current_catalog_text_output,exact_model_variant,requests,75,364,text_only_input_capable,24,0.32,0.538739741957569,0.437708461941534,0.5685433833920966,0.46939868762798376
day,2026-08-11,current_catalog_text_output,exact_model_variant,requests,75,364,non_text_input_capable,51,0.68,0.4088392075032261,0.49477915142059486,0.43145661660790335,0.5306013123720162
day,2026-08-11,current_catalog_text_output,exact_model_variant,requests,75,364,text_output_capable,75,1.0,0.9475789494607951,0.9324876133621289,1.0,1.0
day,2026-08-11,current_catalog_text_output,exact_model_variant,requests,75,364,non_text_output_capable,0,0.0,0.0,0.0,0.0,0.0
day,2026-08-11,current_catalog_text_output,exact_model_variant,requests,75,364,free_service_variant,3,0.04,0.043438870770917175,0.010291187195631166,0.04584195416712811,0.011036272276610512
day,2026-08-11,current_catalog_text_output,exact_model_variant,requests,75,364,batch_service_variant,0,0.0,0.0,0.0,0.0,0.0
day,2026-08-11,current_catalog_text_output,exact_model_variant,requests,75,364,thinking_service_variant,0,0.0,0.0,0.0,0.0,0.0
day,2026-08-11,current_catalog_text_output,exact_model_variant,requests,75,364,observed_non_text_activity,0,0.0,0.0,0.0,0.0,0.0
day,2026-08-11,current_catalog_text_output,exact_model_variant,requests,100,364,catalog_match,100,1.0,0.9736205501020583,0.9634375625735587,1.0,1.0
day,2026-08-11,current_catalog_text_output,exact_model_variant,requests,100,364,hugging_face_id_available,54,0.54,0.6886964288277554,0.552370471109803,0.7073560934550569,0.573332920126445
day,2026-08-11,current_catalog_text_output,exact_model_variant,requests,100,364,tokenizer_known_non_other,80,0.8,0.5927989766235519,0.835333485907812,0.6088603784723038,0.8670343760279059
day,2026-08-11,current_catalog_text_output,exact_model_variant,requests,100,364,modality_metadata_available,100,1.0,0.9736205501020583,0.9634375625735587,1.0,1.0
day,2026-08-11,current_catalog_text_output,exact_model_variant,requests,100,364,structured_model_size_available,0,0.0,0.0,0.0,0.0,0.0
day,2026-08-11,current_catalog_text_output,exact_model_variant,requests,100,364,text_only_input_capable,32,0.32,0.5480859023979658,0.4473011087672637,0.5629358401900141,0.4642761774540134
day,2026-08-11,current_catalog_text_output,exact_model_variant,requests,100,364,non_text_input_capable,68,0.68,0.42553464770409244,0.516136453806295,0.437064159809986,0.5357238225459866
day,2026-08-11,current_catalog_text_output,exact_model_variant,requests,100,364,text_output_capable,100,1.0,0.9736205501020583,0.9634375625735587,1.0,1.0
day,2026-08-11,current_catalog_text_output,exact_model_variant,requests,100,364,non_text_output_capable,0,0.0,0.0,0.0,0.0,0.0
day,2026-08-11,current_catalog_text_output,exact_model_variant,requests,100,364,free_service_variant,5,0.05,0.04657381963367312,0.012445265588058538,0.04783569906036915,0.012917563183663331
day,2026-08-11,current_catalog_text_output,exact_model_variant,requests,100,364,batch_service_variant,0,0.0,0.0,0.0,0.0,0.0
day,2026-08-11,current_catalog_text_output,exact_model_variant,requests,100,364,thinking_service_variant,0,0.0,0.0,0.0,0.0,0.0
day,2026-08-11,current_catalog_text_output,exact_model_variant,requests,100,364,observed_non_text_activity,0,0.0,0.0,0.0,0.0,0.0
day,2026-08-11,current_catalog_text_output,exact_model_variant,requests,200,364,catalog_match,200,1.0,0.9984356021173976,0.996750891672953,1.0,1.0
day,2026-08-11,current_catalog_text_output,exact_model_variant,requests,200,364,hugging_face_id_available,115,0.575,0.7053864648664986,0.5749208941151265,0.7064916989844661,0.5767949634338181
day,2026-08-11,current_catalog_text_output,exact_model_variant,requests,200,364,tokenizer_known_non_other,139,0.695,0.6008415907547627,0.8547242206369927,0.6017830188352146,0.85751036470348
day,2026-08-11,current_catalog_text_output,exact_model_variant,requests,200,364,modality_metadata_available,200,1.0,0.9984356021173976,0.996750891672953,1.0,1.0
day,2026-08-11,current_catalog_text_output,exact_model_variant,requests,200,364,structured_model_size_available,0,0.0,0.0,0.0,0.0,0.0
day,2026-08-11,current_catalog_text_output,exact_model_variant,requests,200,364,text_only_input_capable,84,0.42,0.563377710805652,0.4647177221291113,0.5642604386410985,0.46623256222939125
day,2026-08-11,current_catalog_text_output,exact_model_variant,requests,200,364,non_text_input_capable,116,0.58,0.4350578913117455,0.5320331695438417,0.43573956135890146,0.5337674377706088
day,2026-08-11,current_catalog_text_output,exact_model_variant,requests,200,364,text_output_capable,200,1.0,0.9984356021173976,0.996750891672953,1.0,1.0
day,2026-08-11,current_catalog_text_output,exact_model_variant,requests,200,364,non_text_output_capable,6,0.03,0.00018554953086540244,0.0013047583430570468,0.00018584025897304214,0.0013090114631020115
day,2026-08-11,current_catalog_text_output,exact_model_variant,requests,200,364,free_service_variant,15,0.075,0.053500401947614795,0.016405867285719054,0.05358422900200641,0.016459345482182957
day,2026-08-11,current_catalog_text_output,exact_model_variant,requests,200,364,batch_service_variant,0,0.0,0.0,0.0,0.0,0.0
day,2026-08-11,current_catalog_text_output,exact_model_variant,requests,200,364,thinking_service_variant,0,0.0,0.0,0.0,0.0,0.0
day,2026-08-11,current_catalog_text_output,exact_model_variant,requests,200,364,observed_non_text_activity,0,0.0,0.0,0.0,0.0,0.0
day,2026-08-11,current_catalog_text_output,exact_model_variant,requests,364,364,catalog_match,364,1.0,1.0,1.0,1.0,1.0
day,2026-08-11,current_catalog_text_output,exact_model_variant,requests,364,364,hugging_face_id_available,165,0.4532967032967033,0.7058634662392819,0.5762961311448631,0.7058634662392819,0.5762961311448631
day,2026-08-11,current_catalog_text_output,exact_model_variant,requests,364,364,tokenizer_known_non_other,247,0.6785714285714286,0.6016014632249581,0.8567802464025431,0.6016014632249581,0.8567802464025431
day,2026-08-11,current_catalog_text_output,exact_model_variant,requests,364,364,modality_metadata_available,364,1.0,1.0,1.0,1.0,1.0
day,2026-08-11,current_catalog_text_output,exact_model_variant,requests,364,364,structured_model_size_available,0,0.0,0.0,0.0,0.0,0.0
day,2026-08-11,current_catalog_text_output,exact_model_variant,requests,364,364,text_only_input_capable,150,0.41208791208791207,0.5641277543737058,0.4663656208166569,0.5641277543737058,0.4663656208166569
day,2026-08-11,current_catalog_text_output,exact_model_variant,requests,364,364,non_text_input_capable,214,0.5879120879120879,0.4358722456262943,0.5336343791833431,0.4358722456262943,0.5336343791833431
day,2026-08-11,current_catalog_text_output,exact_model_variant,requests,364,364,text_output_capable,364,1.0,1.0,1.0,1.0,1.0
day,2026-08-11,current_catalog_text_output,exact_model_variant,requests,364,364,non_text_output_capable,13,0.03571428571428571,0.0002155016430994455,0.0014185256668888323,0.0002155016430994455,0.0014185256668888323
day,2026-08-11,current_catalog_text_output,exact_model_variant,requests,364,364,free_service_variant,16,0.04395604395604396,0.053513436454833654,0.016421696157054175,0.053513436454833654,0.016421696157054175
day,2026-08-11,current_catalog_text_output,exact_model_variant,requests,364,364,batch_service_variant,34,0.09340659340659341,7.771611565722738e-05,0.0002975268522009172,7.771611565722738e-05,0.0002975268522009172
day,2026-08-11,current_catalog_text_output,exact_model_variant,requests,364,364,thinking_service_variant,1,0.0027472527472527475,2.6479584681234664e-07,1.2741198963038493e-06,2.6479584681234664e-07,1.2741198963038493e-06
day,2026-08-11,current_catalog_text_output,exact_model_variant,requests,364,364,observed_non_text_activity,0,0.0,0.0,0.0,0.0,0.0
day,2026-08-11,all_observed,exact_model_variant,total_tokens,1,490,catalog_match,1,1.0,0.16132563672736577,0.08112656409142883,1.0,1.0
day,2026-08-11,all_observed,exact_model_variant,total_tokens,1,490,hugging_face_id_available,1,1.0,0.16132563672736577,0.08112656409142883,1.0,1.0
day,2026-08-11,all_observed,exact_model_variant,total_tokens,1,490,tokenizer_known_non_other,1,1.0,0.16132563672736577,0.08112656409142883,1.0,1.0
day,2026-08-11,all_observed,exact_model_variant,total_tokens,1,490,modality_metadata_available,1,1.0,0.16132563672736577,0.08112656409142883,1.0,1.0
day,2026-08-11,all_observed,exact_model_variant,total_tokens,1,490,structured_model_size_available,0,0.0,0.0,0.0,0.0,0.0
day,2026-08-11,all_observed,exact_model_variant,total_tokens,1,490,text_only_input_capable,1,1.0,0.16132563672736577,0.08112656409142883,1.0,1.0
day,2026-08-11,all_observed,exact_model_variant,total_tokens,1,490,non_text_input_capable,0,0.0,0.0,0.0,0.0,0.0
day,2026-08-11,all_observed,exact_model_variant,total_tokens,1,490,text_output_capable,1,1.0,0.16132563672736577,0.08112656409142883,1.0,1.0
day,2026-08-11,all_observed,exact_model_variant,total_tokens,1,490,non_text_output_capable,0,0.0,0.0,0.0,0.0,0.0
day,2026-08-11,all_observed,exact_model_variant,total_tokens,1,490,free_service_variant,0,0.0,0.0,0.0,0.0,0.0
day,2026-08-11,all_observed,exact_model_variant,total_tokens,1,490,batch_service_variant,0,0.0,0.0,0.0,0.0,0.0
day,2026-08-11,all_observed,exact_model_variant,total_tokens,1,490,thinking_service_variant,0,0.0,0.0,0.0,0.0,0.0
day,2026-08-11,all_observed,exact_model_variant,total_tokens,1,490,observed_non_text_activity,0,0.0,0.0,0.0,0.0,0.0
day,2026-08-11,all_observed,exact_model_variant,total_tokens,2,490,catalog_match,2,1.0,0.2995269608565602,0.11094384440932104,1.0,1.0
day,2026-08-11,all_observed,exact_model_variant,total_tokens,2,490,hugging_face_id_available,2,1.0,0.2995269608565602,0.11094384440932104,1.0,1.0
day,2026-08-11,all_observed,exact_model_variant,total_tokens,2,490,tokenizer_known_non_other,1,0.5,0.16132563672736577,0.08112656409142883,0.5386013875546337,0.731239885577761
day,2026-08-11,all_observed,exact_model_variant,total_tokens,2,490,modality_metadata_available,2,1.0,0.2995269608565602,0.11094384440932104,1.0,1.0
day,2026-08-11,all_observed,exact_model_variant,total_tokens,2,490,structured_model_size_available,0,0.0,0.0,0.0,0.0,0.0
day,2026-08-11,all_observed,exact_model_variant,total_tokens,2,490,text_only_input_capable,2,1.0,0.2995269608565602,0.11094384440932104,1.0,1.0
day,2026-08-11,all_observed,exact_model_variant,total_tokens,2,490,non_text_input_capable,0,0.0,0.0,0.0,0.0,0.0
day,2026-08-11,all_observed,exact_model_variant,total_tokens,2,490,text_output_capable,2,1.0,0.2995269608565602,0.11094384440932104,1.0,1.0
day,2026-08-11,all_observed,exact_model_variant,total_tokens,2,490,non_text_output_capable,0,0.0,0.0,0.0,0.0,0.0
day,2026-08-11,all_observed,exact_model_variant,total_tokens,2,490,free_service_variant,0,0.0,0.0,0.0,0.0,0.0
day,2026-08-11,all_observed,exact_model_variant,total_tokens,2,490,batch_service_variant,0,0.0,0.0,0.0,0.0,0.0
day,2026-08-11,all_observed,exact_model_variant,total_tokens,2,490,thinking_service_variant,0,0.0,0.0,0.0,0.0,0.0
day,2026-08-11,all_observed,exact_model_variant,total_tokens,2,490,observed_non_text_activity,0,0.0,0.0,0.0,0.0,0.0
day,2026-08-11,all_observed,exact_model_variant,total_tokens,5,490,catalog_match,5,1.0,0.5052832841524041,0.29479805205823506,1.0,1.0
day,2026-08-11,all_observed,exact_model_variant,total_tokens,5,490,hugging_face_id_available,4,0.8,0.4306888597957502,0.24812730959908447,0.8523710823290275,0.8416857162613436
day,2026-08-11,all_observed,exact_model_variant,total_tokens,5,490,tokenizer_known_non_other,3,0.6,0.3027302322080624,0.24968475305002258,0.5991297193135575,0.8469688022249865
day,2026-08-11,all_observed,exact_model_variant,total_tokens,5,490,modality_metadata_available,5,1.0,0.5052832841524041,0.29479805205823506,1.0,1.0
day,2026-08-11,all_observed,exact_model_variant,total_tokens,5,490,structured_model_size_available,0,0.0,0.0,0.0,0.0,0.0
day,2026-08-11,all_observed,exact_model_variant,total_tokens,5,490,text_only_input_capable,3,0.6,0.3663371319806029,0.23283129090876417,0.725013360762807,0.7897992855894792
day,2026-08-11,all_observed,exact_model_variant,total_tokens,5,490,non_text_input_capable,2,0.4,0.13894615217180123,0.0619667611494709,0.27498663923719296,0.21020071441052077
day,2026-08-11,all_observed,exact_model_variant,total_tokens,5,490,text_output_capable,5,1.0,0.5052832841524041,0.29479805205823506,1.0,1.0
day,2026-08-11,all_observed,exact_model_variant,total_tokens,5,490,non_text_output_capable,0,0.0,0.0,0.0,0.0,0.0
day,2026-08-11,all_observed,exact_model_variant,total_tokens,5,490,free_service_variant,0,0.0,0.0,0.0,0.0,0.0
day,2026-08-11,all_observed,exact_model_variant,total_tokens,5,490,batch_service_variant,0,0.0,0.0,0.0,0.0,0.0
day,2026-08-11,all_observed,exact_model_variant,total_tokens,5,490,thinking_service_variant,0,0.0,0.0,0.0,0.0,0.0
day,2026-08-11,all_observed,exact_model_variant,total_tokens,5,490,observed_non_text_activity,0,0.0,0.0,0.0,0.0,0.0
day,2026-08-11,all_observed,exact_model_variant,total_tokens,10,490,catalog_match,10,1.0,0.6627775885530292,0.34977066414657987,1.0,1.0
day,2026-08-11,all_observed,exact_model_variant,total_tokens,10,490,hugging_face_id_available,8,0.8,0.5651655218382167,0.2979086767935395,0.8527227407795753,0.851725737263928
day,2026-08-11,all_observed,exact_model_variant,total_tokens,10,490,tokenizer_known_non_other,5,0.5,0.3626873396135473,0.27850548178900464,0.5472233006631433,0.7962516881412621
day,2026-08-11,all_observed,exact_model_variant,total_tokens,10,490,modality_metadata_available,10,1.0,0.6627775885530292,0.34977066414657987,1.0,1.0
day,2026-08-11,all_observed,exact_model_variant,total_tokens,10,490,structured_model_size_available,0,0.0,0.0,0.0,0.0,0.0
day,2026-08-11,all_observed,exact_model_variant,total_tokens,10,490,text_only_input_capable,6,0.6,0.47962930120781966,0.27789645132751134,0.7236655395287922,0.7945104601769921
day,2026-08-11,all_observed,exact_model_variant,total_tokens,10,490,non_text_input_capable,4,0.4,0.18314828734520944,0.07187421281906853,0.2763344604712078,0.20548953982300783
day,2026-08-11,all_observed,exact_model_variant,total_tokens,10,490,text_output_capable,10,1.0,0.6627775885530292,0.34977066414657987,1.0,1.0
day,2026-08-11,all_observed,exact_model_variant,total_tokens,10,490,non_text_output_capable,0,0.0,0.0,0.0,0.0,0.0
day,2026-08-11,all_observed,exact_model_variant,total_tokens,10,490,free_service_variant,1,0.1,0.019418702360984932,0.004130702240514451,0.02929897253070927,0.011809744681113052
day,2026-08-11,all_observed,exact_model_variant,total_tokens,10,490,batch_service_variant,0,0.0,0.0,0.0,0.0,0.0
day,2026-08-11,all_observed,exact_model_variant,total_tokens,10,490,thinking_service_variant,0,0.0,0.0,0.0,0.0,0.0
day,2026-08-11,all_observed,exact_model_variant,total_tokens,10,490,observed_non_text_activity,0,0.0,0.0,0.0,0.0,0.0
day,2026-08-11,all_observed,exact_model_variant,total_tokens,20,490,catalog_match,20,1.0,0.810570619202589,0.4809476437338911,1.0,1.0
day,2026-08-11,all_observed,exact_model_variant,total_tokens,20,490,hugging_face_id_available,11,0.55,0.6193941503915598,0.31178854786455756,0.7641458198927787,0.64827960366736
day,2026-08-11,all_observed,exact_model_variant,total_tokens,20,490,tokenizer_known_non_other,12,0.6,0.4562517417097641,0.3958025903052978,0.5628772261183221,0.8229639867500751
day,2026-08-11,all_observed,exact_model_variant,total_tokens,20,490,modality_metadata_available,20,1.0,0.810570619202589,0.4809476437338911,1.0,1.0
day,2026-08-11,all_observed,exact_model_variant,total_tokens,20,490,structured_model_size_available,0,0.0,0.0,0.0,0.0,0.0
day,2026-08-11,all_observed,exact_model_variant,total_tokens,20,490,text_only_input_capable,7,0.35,0.4989204764368146,0.2814351378604637,0.6155175929367328,0.5851679315351467
day,2026-08-11,all_observed,exact_model_variant,total_tokens,20,490,non_text_input_capable,13,0.65,0.3116501427657744,0.1995125058734274,0.38448240706326725,0.4148320684648533
day,2026-08-11,all_observed,exact_model_variant,total_tokens,20,490,text_output_capable,20,1.0,0.810570619202589,0.4809476437338911,1.0,1.0
day,2026-08-11,all_observed,exact_model_variant,total_tokens,20,490,non_text_output_capable,0,0.0,0.0,0.0,0.0,0.0
day,2026-08-11,all_observed,exact_model_variant,total_tokens,20,490,free_service_variant,2,0.1,0.038709877589979846,0.007669388773466815,0.047756329520136406,0.015946410952187337
day,2026-08-11,all_observed,exact_model_variant,total_tokens,20,490,batch_service_variant,0,0.0,0.0,0.0,0.0,0.0
day,2026-08-11,all_observed,exact_model_variant,total_tokens,20,490,thinking_service_variant,0,0.0,0.0,0.0,0.0,0.0
day,2026-08-11,all_observed,exact_model_variant,total_tokens,20,490,observed_non_text_activity,0,0.0,0.0,0.0,0.0,0.0
day,2026-08-11,all_observed,exact_model_variant,total_tokens,25,490,catalog_match,25,1.0,0.8509473619284792,0.5784223311582328,1.0,1.0
day,2026-08-11,all_observed,exact_model_variant,total_tokens,25,490,hugging_face_id_available,13,0.52,0.634349026340594,0.36926547029814194,0.7454621222433616,0.6384011308116766
day,2026-08-11,all_observed,exact_model_variant,total_tokens,25,490,tokenizer_known_non_other,17,0.68,0.4966284844356543,0.49327727772963953,0.5836183372261223,0.8527977762233023
day,2026-08-11,all_observed,exact_model_variant,total_tokens,25,490,modality_metadata_available,25,1.0,0.8509473619284792,0.5784223311582328,1.0,1.0
day,2026-08-11,all_observed,exact_model_variant,total_tokens,25,490,structured_model_size_available,0,0.0,0.0,0.0,0.0,0.0
day,2026-08-11,all_observed,exact_model_variant,total_tokens,25,490,text_only_input_capable,8,0.32,0.505935494206468,0.3061562111209289,0.5945555704642882,0.5292952824070289
day,2026-08-11,all_observed,exact_model_variant,total_tokens,25,490,non_text_input_capable,17,0.68,0.34501186772201115,0.27226612003730394,0.40544442953571186,0.47070471759297106
day,2026-08-11,all_observed,exact_model_variant,total_tokens,25,490,text_output_capable,25,1.0,0.8509473619284792,0.5784223311582328,1.0,1.0
day,2026-08-11,all_observed,exact_model_variant,total_tokens,25,490,non_text_output_capable,0,0.0,0.0,0.0,0.0,0.0
day,2026-08-11,all_observed,exact_model_variant,total_tokens,25,490,free_service_variant,2,0.08,0.038709877589979846,0.007669388773466815,0.04549033150799445,0.013259150555459419
day,2026-08-11,all_observed,exact_model_variant,total_tokens,25,490,batch_service_variant,0,0.0,0.0,0.0,0.0,0.0
day,2026-08-11,all_observed,exact_model_variant,total_tokens,25,490,thinking_service_variant,0,0.0,0.0,0.0,0.0,0.0
day,2026-08-11,all_observed,exact_model_variant,total_tokens,25,490,observed_non_text_activity,0,0.0,0.0,0.0,0.0,0.0
day,2026-08-11,all_observed,exact_model_variant,total_tokens,30,490,catalog_match,30,1.0,0.8794610256592876,0.6400113811100204,1.0,1.0
day,2026-08-11,all_observed,exact_model_variant,total_tokens,30,490,hugging_face_id_available,16,0.5333333333333333,0.6514087316805478,0.4026709491888733,0.740690846637825,0.6291621697265609
day,2026-08-11,all_observed,exact_model_variant,total_tokens,30,490,tokenizer_known_non_other,21,0.7,0.5190271156645557,0.553014588179955,0.5901649993818285,0.8640699282891184
day,2026-08-11,all_observed,exact_model_variant,total_tokens,30,490,modality_metadata_available,30,1.0,0.8794610256592876,0.6400113811100204,1.0,1.0
day,2026-08-11,all_observed,exact_model_variant,total_tokens,30,490,structured_model_size_available,0,0.0,0.0,0.0,0.0,0.0
day,2026-08-11,all_observed,exact_model_variant,total_tokens,30,490,text_only_input_capable,10,0.3333333333333333,0.5173797539150642,0.3203596862254937,0.5882918501444798,0.5005531083992124
day,2026-08-11,all_observed,exact_model_variant,total_tokens,30,490,non_text_input_capable,20,0.6666666666666666,0.36208127174422344,0.3196516948845267,0.4117081498555201,0.4994468916007876
day,2026-08-11,all_observed,exact_model_variant,total_tokens,30,490,text_output_capable,30,1.0,0.8794610256592876,0.6400113811100204,1.0,1.0
day,2026-08-11,all_observed,exact_model_variant,total_tokens,30,490,non_text_output_capable,0,0.0,0.0,0.0,0.0,0.0
day,2026-08-11,all_observed,exact_model_variant,total_tokens,30,490,free_service_variant,2,0.06666666666666667,0.038709877589979846,0.007669388773466815,0.044015455444385385,0.011983206861361138
day,2026-08-11,all_observed,exact_model_variant,total_tokens,30,490,batch_service_variant,0,0.0,0.0,0.0,0.0,0.0
day,2026-08-11,all_observed,exact_model_variant,total_tokens,30,490,thinking_service_variant,0,0.0,0.0,0.0,0.0,0.0
day,2026-08-11,all_observed,exact_model_variant,total_tokens,30,490,observed_non_text_activity,0,0.0,0.0,0.0,0.0,0.0
day,2026-08-11,all_observed,exact_model_variant,total_tokens,50,490,catalog_match,50,1.0,0.9362706729083194,0.7623790990207779,1.0,1.0
day,2026-08-11,all_observed,exact_model_variant,total_tokens,50,490,hugging_face_id_available,22,0.44,0.6674525972847266,0.4154996374167961,0.7128842295267368,0.5450039723681774
day,2026-08-11,all_observed,exact_model_variant,total_tokens,50,490,tokenizer_known_non_other,35,0.7,0.5600808168736439,0.631345334396163,0.5982039522116779,0.828125187596409
day,2026-08-11,all_observed,exact_model_variant,total_tokens,50,490,modality_metadata_available,50,1.0,0.9362706729083194,0.7623790990207779,1.0,1.0
day,2026-08-11,all_observed,exact_model_variant,total_tokens,50,490,structured_model_size_available,0,0.0,0.0,0.0,0.0,0.0
day,2026-08-11,all_observed,exact_model_variant,total_tokens,50,490,text_only_input_capable,18,0.36,0.5382425333048527,0.37290294044143385,0.5748791977355442,0.4891305925364446
day,2026-08-11,all_observed,exact_model_variant,total_tokens,50,490,non_text_input_capable,32,0.64,0.39802813960346667,0.3894761585793441,0.4251208022644558,0.5108694074635555
day,2026-08-11,all_observed,exact_model_variant,total_tokens,50,490,text_output_capable,49,0.98,0.9343305352163055,0.7402083135530525,0.9979278025595021,0.9709189489898106
day,2026-08-11,all_observed,exact_model_variant,total_tokens,50,490,non_text_output_capable,1,0.02,0.0019401376920139114,0.02217078546772549,0.0020721974404979485,0.029081051010189412
day,2026-08-11,all_observed,exact_model_variant,total_tokens,50,490,free_service_variant,6,0.12,0.050078292936376986,0.011925227607941805,0.0534869823283258,0.01564212295858965
day,2026-08-11,all_observed,exact_model_variant,total_tokens,50,490,batch_service_variant,0,0.0,0.0,0.0,0.0,0.0
day,2026-08-11,all_observed,exact_model_variant,total_tokens,50,490,thinking_service_variant,0,0.0,0.0,0.0,0.0,0.0
day,2026-08-11,all_observed,exact_model_variant,total_tokens,50,490,observed_non_text_activity,0,0.0,0.0,0.0,0.0,0.0
day,2026-08-11,all_observed,exact_model_variant,total_tokens,75,490,catalog_match,75,1.0,0.9691872898961476,0.8672480612298318,1.0,1.0
day,2026-08-11,all_observed,exact_model_variant,total_tokens,75,490,hugging_face_id_available,35,0.4666666666666667,0.6857865167421021,0.47901361590037417,0.7075892594666475,0.5523374883318759
day,2026-08-11,all_observed,exact_model_variant,total_tokens,75,490,tokenizer_known_non_other,50,0.6666666666666666,0.5786831832984827,0.7098995306680982,0.5970808628335303,0.8185657165510408
day,2026-08-11,all_observed,exact_model_variant,total_tokens,75,490,modality_metadata_available,75,1.0,0.9691872898961476,0.8672480612298318,1.0,1.0
day,2026-08-11,all_observed,exact_model_variant,total_tokens,75,490,structured_model_size_available,0,0.0,0.0,0.0,0.0,0.0
day,2026-08-11,all_observed,exact_model_variant,total_tokens,75,490,text_only_input_capable,29,0.38666666666666666,0.5524578375650792,0.4308006735943465,0.5700217525802235,0.49674446430405894
day,2026-08-11,all_observed,exact_model_variant,total_tokens,75,490,non_text_input_capable,46,0.6133333333333333,0.4167294523310684,0.4364473876354853,0.4299782474197765,0.5032555356959411
day,2026-08-11,all_observed,exact_model_variant,total_tokens,75,490,text_output_capable,73,0.9733333333333334,0.9654841950130468,0.8289443448262134,0.996179175148389,0.9558330331124633
day,2026-08-11,all_observed,exact_model_variant,total_tokens,75,490,non_text_output_capable,2,0.02666666666666667,0.0037030948831006188,0.03830371640361844,0.0038208248516109007,0.04416696688753677
day,2026-08-11,all_observed,exact_model_variant,total_tokens,75,490,free_service_variant,7,0.09333333333333334,0.05140133743349589,0.012415688140789576,0.0530355050766336,0.014316190137321345
day,2026-08-11,all_observed,exact_model_variant,total_tokens,75,490,batch_service_variant,0,0.0,0.0,0.0,0.0,0.0
day,2026-08-11,all_observed,exact_model_variant,total_tokens,75,490,thinking_service_variant,0,0.0,0.0,0.0,0.0,0.0
day,2026-08-11,all_observed,exact_model_variant,total_tokens,75,490,observed_non_text_activity,0,0.0,0.0,0.0,0.0,0.0
day,2026-08-11,all_observed,exact_model_variant,total_tokens,100,490,catalog_match,100,1.0,0.9835794070352797,0.9104323283111673,1.0,1.0
day,2026-08-11,all_observed,exact_model_variant,total_tokens,100,490,hugging_face_id_available,50,0.5,0.6941267732128381,0.5093389541809817,0.705715032510782,0.5594473508270459
day,2026-08-11,all_observed,exact_model_variant,total_tokens,100,490,tokenizer_known_non_other,67,0.67,0.5881327525428002,0.7488871344348594,0.5979514702484053,0.822562107195852
day,2026-08-11,all_observed,exact_model_variant,total_tokens,100,490,modality_metadata_available,100,1.0,0.9835794070352797,0.9104323283111673,1.0,1.0
day,2026-08-11,all_observed,exact_model_variant,total_tokens,100,490,structured_model_size_available,0,0.0,0.0,0.0,0.0,0.0
day,2026-08-11,all_observed,exact_model_variant,total_tokens,100,490,text_only_input_capable,40,0.4,0.5587068196066185,0.4541680288001239,0.5680342792969623,0.4988487498489822
day,2026-08-11,all_observed,exact_model_variant,total_tokens,100,490,non_text_input_capable,60,0.6,0.42487258742866113,0.4562642995110433,0.4319657207030378,0.5011512501510178
day,2026-08-11,all_observed,exact_model_variant,total_tokens,100,490,text_output_capable,98,0.98,0.9798763121521791,0.8721286119075488,0.9962350829464166,0.9579279917765321
day,2026-08-11,all_observed,exact_model_variant,total_tokens,100,490,non_text_output_capable,2,0.02,0.0037030948831006188,0.03830371640361844,0.0037649170535834467,0.042072008223467884
day,2026-08-11,all_observed,exact_model_variant,total_tokens,100,490,free_service_variant,9,0.09,0.05249265355523945,0.013255120691007786,0.053369004250977174,0.014559149844333577
day,2026-08-11,all_observed,exact_model_variant,total_tokens,100,490,batch_service_variant,0,0.0,0.0,0.0,0.0,0.0
day,2026-08-11,all_observed,exact_model_variant,total_tokens,100,490,thinking_service_variant,0,0.0,0.0,0.0,0.0,0.0
day,2026-08-11,all_observed,exact_model_variant,total_tokens,100,490,observed_non_text_activity,0,0.0,0.0,0.0,0.0,0.0
day,2026-08-11,all_observed,exact_model_variant,total_tokens,200,490,catalog_match,200,1.0,0.9983988037414087,0.9837771396616476,1.0,1.0
day,2026-08-11,all_observed,exact_model_variant,total_tokens,200,490,hugging_face_id_available,109,0.545,0.7033698575025115,0.5541842839172788,0.7044978968992119,0.563322994177198
day,2026-08-11,all_observed,exact_model_variant,total_tokens,200,490,tokenizer_known_non_other,131,0.655,0.5977503044507043,0.8010706987874351,0.5987089549894185,0.8142806602143132
day,2026-08-11,all_observed,exact_model_variant,total_tokens,200,490,modality_metadata_available,200,1.0,0.9983988037414087,0.9837771396616476,1.0,1.0
day,2026-08-11,all_observed,exact_model_variant,total_tokens,200,490,structured_model_size_available,0,0.0,0.0,0.0,0.0,0.0
day,2026-08-11,all_observed,exact_model_variant,total_tokens,200,490,text_only_input_capable,88,0.44,0.565203567534217,0.48571591368354594,0.5661100207814432,0.4937255543980207
day,2026-08-11,all_observed,exact_model_variant,total_tokens,200,490,non_text_input_capable,112,0.56,0.43319523620719175,0.49806122597810165,0.43388997921855676,0.5062744456019793
day,2026-08-11,all_observed,exact_model_variant,total_tokens,200,490,text_output_capable,185,0.925,0.9925989119878453,0.9232710006450161,0.9941908065876793,0.9384960916682396
day,2026-08-11,all_observed,exact_model_variant,total_tokens,200,490,non_text_output_capable,17,0.085,0.005901896018958387,0.06114868413476303,0.005911361268504699,0.06215704926401727
day,2026-08-11,all_observed,exact_model_variant,total_tokens,200,490,free_service_variant,16,0.08,0.05360636805343031,0.016989560133588662,0.053692340027397194,0.01726972446161121
day,2026-08-11,all_observed,exact_model_variant,total_tokens,200,490,batch_service_variant,0,0.0,0.0,0.0,0.0,0.0
day,2026-08-11,all_observed,exact_model_variant,total_tokens,200,490,thinking_service_variant,0,0.0,0.0,0.0,0.0,0.0
day,2026-08-11,all_observed,exact_model_variant,total_tokens,200,490,observed_non_text_activity,0,0.0,0.0,0.0,0.0,0.0
day,2026-08-11,all_observed,exact_model_variant,total_tokens,490,490,catalog_match,485,0.9897959183673469,0.9999999973213866,0.9999987560331199,0.9999999973213866,0.9999987560331199
day,2026-08-11,all_observed,exact_model_variant,total_tokens,490,490,hugging_face_id_available,184,0.37551020408163266,0.7039650069909204,0.5623433917761717,0.7039650069909204,0.5623433917761717
day,2026-08-11,all_observed,exact_model_variant,total_tokens,490,490,tokenizer_known_non_other,282,0.5755102040816327,0.5986633897330292,0.8100345514806815,0.5986633897330292,0.8100345514806815
day,2026-08-11,all_observed,exact_model_variant,total_tokens,490,490,modality_metadata_available,485,0.9897959183673469,0.9999999973213866,0.9999987560331199,0.9999999973213866,0.9999987560331199
day,2026-08-11,all_observed,exact_model_variant,total_tokens,490,490,structured_model_size_available,0,0.0,0.0,0.0,0.0,0.0
day,2026-08-11,all_observed,exact_model_variant,total_tokens,490,490,text_only_input_capable,199,0.4061224489795918,0.5660091862265992,0.4939579850386639,0.5660091862265992,0.4939579850386639
day,2026-08-11,all_observed,exact_model_variant,total_tokens,490,490,non_text_input_capable,286,0.5836734693877551,0.4339908110947873,0.506040770994456,0.4339908110947873,0.506040770994456
day,2026-08-11,all_observed,exact_model_variant,total_tokens,490,490,text_output_capable,364,0.7428571428571429,0.9939332414066119,0.9315704640383988,0.9939332414066119,0.9315704640383988
day,2026-08-11,all_observed,exact_model_variant,total_tokens,490,490,non_text_output_capable,134,0.27346938775510204,0.006280950161428887,0.06974974860847506,0.006280950161428887,0.06974974860847506
day,2026-08-11,all_observed,exact_model_variant,total_tokens,490,490,free_service_variant,20,0.04081632653061224,0.05365831122440962,0.017349206835772808,0.05365831122440962,0.017349206835772808
day,2026-08-11,all_observed,exact_model_variant,total_tokens,490,490,batch_service_variant,34,0.06938775510204082,7.724463074471916e-05,0.00027716722776869256,7.724463074471916e-05,0.00027716722776869256
day,2026-08-11,all_observed,exact_model_variant,total_tokens,490,490,thinking_service_variant,1,0.0020408163265306124,2.631893943332044e-07,1.1869324630403335e-06,2.631893943332044e-07,1.1869324630403335e-06
day,2026-08-11,all_observed,exact_model_variant,total_tokens,490,490,observed_non_text_activity,0,0.0,0.0,0.0,0.0,0.0
day,2026-08-11,all_observed,exact_model_variant,requests,1,490,catalog_match,1,1.0,0.06681017112404271,0.12188744649944314,1.0,1.0
day,2026-08-11,all_observed,exact_model_variant,requests,1,490,hugging_face_id_available,1,1.0,0.06681017112404271,0.12188744649944314,1.0,1.0
day,2026-08-11,all_observed,exact_model_variant,requests,1,490,tokenizer_known_non_other,1,1.0,0.06681017112404271,0.12188744649944314,1.0,1.0
day,2026-08-11,all_observed,exact_model_variant,requests,1,490,modality_metadata_available,1,1.0,0.06681017112404271,0.12188744649944314,1.0,1.0
day,2026-08-11,all_observed,exact_model_variant,requests,1,490,structured_model_size_available,0,0.0,0.0,0.0,0.0,0.0
day,2026-08-11,all_observed,exact_model_variant,requests,1,490,text_only_input_capable,1,1.0,0.06681017112404271,0.12188744649944314,1.0,1.0
day,2026-08-11,all_observed,exact_model_variant,requests,1,490,non_text_input_capable,0,0.0,0.0,0.0,0.0,0.0
day,2026-08-11,all_observed,exact_model_variant,requests,1,490,text_output_capable,1,1.0,0.06681017112404271,0.12188744649944314,1.0,1.0
day,2026-08-11,all_observed,exact_model_variant,requests,1,490,non_text_output_capable,0,0.0,0.0,0.0,0.0,0.0
day,2026-08-11,all_observed,exact_model_variant,requests,1,490,free_service_variant,0,0.0,0.0,0.0,0.0,0.0
day,2026-08-11,all_observed,exact_model_variant,requests,1,490,batch_service_variant,0,0.0,0.0,0.0,0.0,0.0
day,2026-08-11,all_observed,exact_model_variant,requests,1,490,thinking_service_variant,0,0.0,0.0,0.0,0.0,0.0
day,2026-08-11,all_observed,exact_model_variant,requests,1,490,observed_non_text_activity,0,0.0,0.0,0.0,0.0,0.0
day,2026-08-11,all_observed,exact_model_variant,requests,2,490,catalog_match,2,1.0,0.2281358078514085,0.20301401059087196,1.0,1.0
day,2026-08-11,all_observed,exact_model_variant,requests,2,490,hugging_face_id_available,2,1.0,0.2281358078514085,0.20301401059087196,1.0,1.0
day,2026-08-11,all_observed,exact_model_variant,requests,2,490,tokenizer_known_non_other,2,1.0,0.2281358078514085,0.20301401059087196,1.0,1.0
day,2026-08-11,all_observed,exact_model_variant,requests,2,490,modality_metadata_available,2,1.0,0.2281358078514085,0.20301401059087196,1.0,1.0
day,2026-08-11,all_observed,exact_model_variant,requests,2,490,structured_model_size_available,0,0.0,0.0,0.0,0.0,0.0
day,2026-08-11,all_observed,exact_model_variant,requests,2,490,text_only_input_capable,2,1.0,0.2281358078514085,0.20301401059087196,1.0,1.0
day,2026-08-11,all_observed,exact_model_variant,requests,2,490,non_text_input_capable,0,0.0,0.0,0.0,0.0,0.0
day,2026-08-11,all_observed,exact_model_variant,requests,2,490,text_output_capable,2,1.0,0.2281358078514085,0.20301401059087196,1.0,1.0
day,2026-08-11,all_observed,exact_model_variant,requests,2,490,non_text_output_capable,0,0.0,0.0,0.0,0.0,0.0
day,2026-08-11,all_observed,exact_model_variant,requests,2,490,free_service_variant,0,0.0,0.0,0.0,0.0,0.0
day,2026-08-11,all_observed,exact_model_variant,requests,2,490,batch_service_variant,0,0.0,0.0,0.0,0.0,0.0
day,2026-08-11,all_observed,exact_model_variant,requests,2,490,thinking_service_variant,0,0.0,0.0,0.0,0.0,0.0
day,2026-08-11,all_observed,exact_model_variant,requests,2,490,observed_non_text_activity,0,0.0,0.0,0.0,0.0,0.0
day,2026-08-11,all_observed,exact_model_variant,requests,5,490,catalog_match,5,1.0,0.3215765691013155,0.3435918451993186,1.0,1.0
day,2026-08-11,all_observed,exact_model_variant,requests,5,490,hugging_face_id_available,3,0.6,0.23607566603078933,0.23576985976399115,0.7341196116698778,0.6861916633301363
day,2026-08-11,all_observed,exact_model_variant,requests,5,490,tokenizer_known_non_other,5,1.0,0.3215765691013155,0.3435918451993186,1.0,1.0
day,2026-08-11,all_observed,exact_model_variant,requests,5,490,modality_metadata_available,5,1.0,0.3215765691013155,0.3435918451993186,1.0,1.0
day,2026-08-11,all_observed,exact_model_variant,requests,5,490,structured_model_size_available,0,0.0,0.0,0.0,0.0,0.0
day,2026-08-11,all_observed,exact_model_variant,requests,5,490,text_only_input_capable,2,0.4,0.2281358078514085,0.20301401059087196,0.7094291990519133,0.5908580585581213
day,2026-08-11,all_observed,exact_model_variant,requests,5,490,non_text_input_capable,3,0.6,0.093440761249907,0.14057783460844667,0.29057080094808674,0.40914194144187865
day,2026-08-11,all_observed,exact_model_variant,requests,5,490,text_output_capable,5,1.0,0.3215765691013155,0.3435918451993186,1.0,1.0
day,2026-08-11,all_observed,exact_model_variant,requests,5,490,non_text_output_capable,0,0.0,0.0,0.0,0.0,0.0
day,2026-08-11,all_observed,exact_model_variant,requests,5,490,free_service_variant,0,0.0,0.0,0.0,0.0,0.0
day,2026-08-11,all_observed,exact_model_variant,requests,5,490,batch_service_variant,0,0.0,0.0,0.0,0.0,0.0
day,2026-08-11,all_observed,exact_model_variant,requests,5,490,thinking_service_variant,0,0.0,0.0,0.0,0.0,0.0
day,2026-08-11,all_observed,exact_model_variant,requests,5,490,observed_non_text_activity,0,0.0,0.0,0.0,0.0,0.0
day,2026-08-11,all_observed,exact_model_variant,requests,10,490,catalog_match,10,1.0,0.4887585406774079,0.4863201023854725,1.0,1.0
day,2026-08-11,all_observed,exact_model_variant,requests,10,490,hugging_face_id_available,4,0.4,0.3742769901599838,0.26558714008188333,0.7657707416043198,0.5461158993410696
day,2026-08-11,all_observed,exact_model_variant,requests,10,490,tokenizer_known_non_other,9,0.9,0.3505572165482135,0.4565028220675803,0.7172400835438075,0.9386879543501615
day,2026-08-11,all_observed,exact_model_variant,requests,10,490,modality_metadata_available,10,1.0,0.4887585406774079,0.4863201023854725,1.0,1.0
day,2026-08-11,all_observed,exact_model_variant,requests,10,490,structured_model_size_available,0,0.0,0.0,0.0,0.0,0.0
day,2026-08-11,all_observed,exact_model_variant,requests,10,490,text_only_input_capable,3,0.3,0.3663371319806029,0.23283129090876417,0.7495257913506088,0.47876139556372854
day,2026-08-11,all_observed,exact_model_variant,requests,10,490,non_text_input_capable,7,0.7,0.122421408696805,0.2534888114767083,0.25047420864939113,0.5212386044362715
day,2026-08-11,all_observed,exact_model_variant,requests,10,490,text_output_capable,10,1.0,0.4887585406774079,0.4863201023854725,1.0,1.0
day,2026-08-11,all_observed,exact_model_variant,requests,10,490,non_text_output_capable,0,0.0,0.0,0.0,0.0,0.0
day,2026-08-11,all_observed,exact_model_variant,requests,10,490,free_service_variant,0,0.0,0.0,0.0,0.0,0.0
day,2026-08-11,all_observed,exact_model_variant,requests,10,490,batch_service_variant,0,0.0,0.0,0.0,0.0,0.0
day,2026-08-11,all_observed,exact_model_variant,requests,10,490,thinking_service_variant,0,0.0,0.0,0.0,0.0,0.0
day,2026-08-11,all_observed,exact_model_variant,requests,10,490,observed_non_text_activity,0,0.0,0.0,0.0,0.0,0.0
day,2026-08-11,all_observed,exact_model_variant,requests,20,490,catalog_match,20,1.0,0.6687671467339724,0.6715058247446618,1.0,1.0
day,2026-08-11,all_observed,exact_model_variant,requests,20,490,hugging_face_id_available,12,0.6,0.5494666824309385,0.4110582964530552,0.8216113562311546,0.6121440519289002
day,2026-08-11,all_observed,exact_model_variant,requests,20,490,tokenizer_known_non_other,14,0.7,0.40269822199402877,0.5532400544793985,0.6021501264837361,0.8238797551603763
day,2026-08-11,all_observed,exact_model_variant,requests,20,490,modality_metadata_available,20,1.0,0.6687671467339724,0.6715058247446618,1.0,1.0
day,2026-08-11,all_observed,exact_model_variant,requests,20,490,structured_model_size_available,0,0.0,0.0,0.0,0.0,0.0
day,2026-08-11,all_observed,exact_model_variant,requests,20,490,text_only_input_capable,11,0.55,0.47637856459066247,0.38351899079146656,0.7123235148693096,0.5711327834532167
day,2026-08-11,all_observed,exact_model_variant,requests,20,490,non_text_input_capable,9,0.45,0.1923885821433099,0.2879868339531952,0.2876764851306905,0.42886721654678334
day,2026-08-11,all_observed,exact_model_variant,requests,20,490,text_output_capable,18,0.9,0.6650640518508718,0.6332021083410433,0.9944628038306229,0.9429584748305299
day,2026-08-11,all_observed,exact_model_variant,requests,20,490,non_text_output_capable,2,0.1,0.0037030948831006188,0.03830371640361844,0.005537196169377121,0.05704152516947015
day,2026-08-11,all_observed,exact_model_variant,requests,20,490,free_service_variant,0,0.0,0.0,0.0,0.0,0.0
day,2026-08-11,all_observed,exact_model_variant,requests,20,490,batch_service_variant,0,0.0,0.0,0.0,0.0,0.0
day,2026-08-11,all_observed,exact_model_variant,requests,20,490,thinking_service_variant,0,0.0,0.0,0.0,0.0,0.0
day,2026-08-11,all_observed,exact_model_variant,requests,20,490,observed_non_text_activity,0,0.0,0.0,0.0,0.0,0.0
day,2026-08-11,all_observed,exact_model_variant,requests,25,490,catalog_match,25,1.0,0.6985183094049556,0.7146340809455075,1.0,1.0
day,2026-08-11,all_observed,exact_model_variant,requests,25,490,hugging_face_id_available,14,0.56,0.5570079708004799,0.43075113534945725,0.7974135585293053,0.6027576165686716
day,2026-08-11,all_observed,exact_model_variant,requests,25,490,tokenizer_known_non_other,19,0.76,0.43244938466501204,0.5963683106802443,0.6190952747300227,0.834508633972802
day,2026-08-11,all_observed,exact_model_variant,requests,25,490,modality_metadata_available,25,1.0,0.6985183094049556,0.7146340809455075,1.0,1.0
day,2026-08-11,all_observed,exact_model_variant,requests,25,490,structured_model_size_available,0,0.0,0.0,0.0,0.0,0.0
day,2026-08-11,all_observed,exact_model_variant,requests,25,490,text_only_input_capable,13,0.52,0.48391985296020384,0.4032118296878686,0.6927804846983023,0.5642213832768695
day,2026-08-11,all_observed,exact_model_variant,requests,25,490,non_text_input_capable,12,0.48,0.21459845644475176,0.31142225125763895,0.30721951530169767,0.4357786167231305
day,2026-08-11,all_observed,exact_model_variant,requests,25,490,text_output_capable,23,0.92,0.694815214521855,0.6763303645418891,0.9946986430659847,0.9464009380116043
day,2026-08-11,all_observed,exact_model_variant,requests,25,490,non_text_output_capable,2,0.08,0.0037030948831006188,0.03830371640361844,0.005301356934015318,0.05359906198839568
day,2026-08-11,all_observed,exact_model_variant,requests,25,490,free_service_variant,0,0.0,0.0,0.0,0.0,0.0
day,2026-08-11,all_observed,exact_model_variant,requests,25,490,batch_service_variant,0,0.0,0.0,0.0,0.0,0.0
day,2026-08-11,all_observed,exact_model_variant,requests,25,490,thinking_service_variant,0,0.0,0.0,0.0,0.0,0.0
day,2026-08-11,all_observed,exact_model_variant,requests,25,490,observed_non_text_activity,0,0.0,0.0,0.0,0.0,0.0
day,2026-08-11,all_observed,exact_model_variant,requests,30,490,catalog_match,30,1.0,0.733779443287575,0.7488905133387023,1.0,1.0
day,2026-08-11,all_observed,exact_model_variant,requests,30,490,hugging_face_id_available,16,0.5333333333333333,0.5770702371326794,0.44430975621273516,0.7864355460098658,0.5932906724000471
day,2026-08-11,all_observed,exact_model_variant,requests,30,490,tokenizer_known_non_other,23,0.7666666666666667,0.44833320033538215,0.6237993511450256,0.6109917693070017,0.8329646858043434
day,2026-08-11,all_observed,exact_model_variant,requests,30,490,modality_metadata_available,30,1.0,0.733779443287575,0.7488905133387023,1.0,1.0
day,2026-08-11,all_observed,exact_model_variant,requests,30,490,structured_model_size_available,0,0.0,0.0,0.0,0.0,0.0
day,2026-08-11,all_observed,exact_model_variant,requests,30,490,text_only_input_capable,13,0.43333333333333335,0.48391985296020384,0.4032118296878686,0.6594895201643733,0.5384122545367418
day,2026-08-11,all_observed,exact_model_variant,requests,30,490,non_text_input_capable,17,0.5666666666666667,0.24985959032737115,0.3456786836508337,0.34051047983562666,0.4615877454632582
day,2026-08-11,all_observed,exact_model_variant,requests,30,490,text_output_capable,28,0.9333333333333333,0.7300763484044744,0.7105867969350839,0.9949533951693856,0.948852715154779
day,2026-08-11,all_observed,exact_model_variant,requests,30,490,non_text_output_capable,2,0.06666666666666667,0.0037030948831006188,0.03830371640361844,0.005046604830614396,0.05114728484522107
day,2026-08-11,all_observed,exact_model_variant,requests,30,490,free_service_variant,0,0.0,0.0,0.0,0.0,0.0
day,2026-08-11,all_observed,exact_model_variant,requests,30,490,batch_service_variant,0,0.0,0.0,0.0,0.0,0.0
day,2026-08-11,all_observed,exact_model_variant,requests,30,490,thinking_service_variant,0,0.0,0.0,0.0,0.0,0.0
day,2026-08-11,all_observed,exact_model_variant,requests,30,490,observed_non_text_activity,0,0.0,0.0,0.0,0.0,0.0
day,2026-08-11,all_observed,exact_model_variant,requests,50,490,catalog_match,50,1.0,0.8616069156285089,0.8436319588921571,1.0,1.0
day,2026-08-11,all_observed,exact_model_variant,requests,50,490,hugging_face_id_available,22,0.44,0.6198892574021407,0.4718667440850816,0.7194571516988759,0.5593277247399788
day,2026-08-11,all_observed,exact_model_variant,requests,50,490,tokenizer_known_non_other,38,0.76,0.534896623247007,0.6982116325183474,0.6208128249026654,0.8276258683173012
day,2026-08-11,all_observed,exact_model_variant,requests,50,490,modality_metadata_available,50,1.0,0.8616069156285089,0.8436319588921571,1.0,1.0
day,2026-08-11,all_observed,exact_model_variant,requests,50,490,structured_model_size_available,0,0.0,0.0,0.0,0.0,0.0
day,2026-08-11,all_observed,exact_model_variant,requests,50,490,text_only_input_capable,21,0.42,0.5066554964254748,0.4377252452910774,0.5880355498956148,0.5188580644406723
day,2026-08-11,all_observed,exact_model_variant,requests,50,490,non_text_input_capable,29,0.58,0.3549514192030341,0.40590671360107977,0.4119644501043852,0.48114193555932777
day,2026-08-11,all_observed,exact_model_variant,requests,50,490,text_output_capable,45,0.9,0.8572429664923339,0.793845987324628,0.9949351043300394,0.9409861479964471
day,2026-08-11,all_observed,exact_model_variant,requests,50,490,non_text_output_capable,5,0.1,0.00436394913617498,0.0497859715675292,0.005064895669960643,0.059013852003552913
day,2026-08-11,all_observed,exact_model_variant,requests,50,490,free_service_variant,1,0.02,0.019418702360984932,0.004130702240514451,0.022537774487127626,0.004896332099531669
day,2026-08-11,all_observed,exact_model_variant,requests,50,490,batch_service_variant,0,0.0,0.0,0.0,0.0,0.0
day,2026-08-11,all_observed,exact_model_variant,requests,50,490,thinking_service_variant,0,0.0,0.0,0.0,0.0,0.0
day,2026-08-11,all_observed,exact_model_variant,requests,50,490,observed_non_text_activity,0,0.0,0.0,0.0,0.0,0.0
day,2026-08-11,all_observed,exact_model_variant,requests,75,490,catalog_match,75,1.0,0.930059907306025,0.9130232415650282,1.0,1.0
day,2026-08-11,all_observed,exact_model_variant,requests,75,490,hugging_face_id_available,35,0.4666666666666667,0.6624240949969274,0.5076285613796797,0.7122380932596902,0.5559864615379836
day,2026-08-11,all_observed,exact_model_variant,requests,75,490,tokenizer_known_non_other,59,0.7866666666666666,0.5652920464169868,0.7555576023889022,0.6078017576893402,0.8275338107426362
day,2026-08-11,all_observed,exact_model_variant,requests,75,490,modality_metadata_available,75,1.0,0.930059907306025,0.9130232415650282,1.0,1.0
day,2026-08-11,all_observed,exact_model_variant,requests,75,490,structured_model_size_available,0,0.0,0.0,0.0,0.0,0.0
day,2026-08-11,all_observed,exact_model_variant,requests,75,490,text_only_input_capable,27,0.36,0.5290351659848522,0.45540450259099496,0.5688183759229389,0.49878741510498525
day,2026-08-11,all_observed,exact_model_variant,requests,75,490,non_text_input_capable,48,0.64,0.4010247413211727,0.45761873897403327,0.43118162407706107,0.5012125848950147
day,2026-08-11,all_observed,exact_model_variant,requests,75,490,text_output_capable,68,0.9066666666666666,0.9251813280222266,0.8559134465910867,0.9947545537169434,0.9374497905704473
day,2026-08-11,all_observed,exact_model_variant,requests,75,490,non_text_output_capable,7,0.09333333333333334,0.004878579283798284,0.05710979497394158,0.005245446283056525,0.06255020942955267
day,2026-08-11,all_observed,exact_model_variant,requests,75,490,free_service_variant,2,0.02666666666666667,0.038709877589979846,0.007669388773466815,0.04162084322299771,0.008399992929337251
day,2026-08-11,all_observed,exact_model_variant,requests,75,490,batch_service_variant,0,0.0,0.0,0.0,0.0,0.0
day,2026-08-11,all_observed,exact_model_variant,requests,75,490,thinking_service_variant,0,0.0,0.0,0.0,0.0,0.0
day,2026-08-11,all_observed,exact_model_variant,requests,75,490,observed_non_text_activity,0,0.0,0.0,0.0,0.0,0.0
day,2026-08-11,all_observed,exact_model_variant,requests,100,490,catalog_match,100,1.0,0.9688990757207471,0.9483647876550539,1.0,1.0
day,2026-08-11,all_observed,exact_model_variant,requests,100,490,hugging_face_id_available,51,0.51,0.6837035499184861,0.5301538712423495,0.705649914476274,0.5590189325282929
day,2026-08-11,all_observed,exact_model_variant,requests,100,490,tokenizer_known_non_other,77,0.77,0.5880923565038485,0.7811846488666403,0.6069696743867538,0.8237174756332036
day,2026-08-11,all_observed,exact_model_variant,requests,100,490,modality_metadata_available,100,1.0,0.9688990757207471,0.9483647876550539,1.0,1.0
day,2026-08-11,all_observed,exact_model_variant,requests,100,490,structured_model_size_available,0,0.0,0.0,0.0,0.0,0.0
day,2026-08-11,all_observed,exact_model_variant,requests,100,490,text_only_input_capable,35,0.35,0.5473313532131628,0.46716628651583464,0.5649002738556774,0.49260188969158114
day,2026-08-11,all_observed,exact_model_variant,requests,100,490,non_text_input_capable,65,0.65,0.4215677225075843,0.4811985011392193,0.4350997261443225,0.5073981103084189
day,2026-08-11,all_observed,exact_model_variant,requests,100,490,text_output_capable,91,0.91,0.9640181968323213,0.888800823295818,0.9949624486071523,0.9371929819257472
day,2026-08-11,all_observed,exact_model_variant,requests,100,490,non_text_output_capable,9,0.09,0.004880878888425901,0.059563964359235944,0.005037551392847703,0.06280701807425286
day,2026-08-11,all_observed,exact_model_variant,requests,100,490,free_service_variant,4,0.04,0.046070109815373295,0.010752145259421492,0.047548925341994515,0.011337562717830832
day,2026-08-11,all_observed,exact_model_variant,requests,100,490,batch_service_variant,0,0.0,0.0,0.0,0.0,0.0
day,2026-08-11,all_observed,exact_model_variant,requests,100,490,thinking_service_variant,0,0.0,0.0,0.0,0.0,0.0
day,2026-08-11,all_observed,exact_model_variant,requests,100,490,observed_non_text_activity,0,0.0,0.0,0.0,0.0,0.0
day,2026-08-11,all_observed,exact_model_variant,requests,200,490,catalog_match,200,1.0,0.9952131787240913,0.9924610057771579,1.0,1.0
day,2026-08-11,all_observed,exact_model_variant,requests,200,490,hugging_face_id_available,111,0.555,0.7028508465120473,0.5593104679560159,0.7062314502437902,0.5635591370343477
day,2026-08-11,all_observed,exact_model_variant,requests,200,490,tokenizer_known_non_other,134,0.67,0.5956498828205825,0.8056902430165295,0.5985148665175765,0.8118104775165695
day,2026-08-11,all_observed,exact_model_variant,requests,200,490,modality_metadata_available,200,1.0,0.9952131787240913,0.9924610057771579,1.0,1.0
day,2026-08-11,all_observed,exact_model_variant,requests,200,490,structured_model_size_available,0,0.0,0.0,0.0,0.0,0.0
day,2026-08-11,all_observed,exact_model_variant,requests,200,490,text_only_input_capable,86,0.43,0.5643274432783966,0.4897901626414709,0.5670417708916297,0.4935107372384219
day,2026-08-11,all_observed,exact_model_variant,requests,200,490,non_text_input_capable,114,0.57,0.4308857354456947,0.502670843135687,0.4329582291083704,0.5064892627615781
day,2026-08-11,all_observed,exact_model_variant,requests,200,490,text_output_capable,173,0.865,0.9893873748290616,0.925636990197131,0.9941461748903901,0.9326683716629253
day,2026-08-11,all_observed,exact_model_variant,requests,200,490,non_text_output_capable,30,0.15,0.005951471468153789,0.06762499460138413,0.005980097124300391,0.06813869180525597
day,2026-08-11,all_observed,exact_model_variant,requests,200,490,free_service_variant,15,0.075,0.053501122873477296,0.016857118509832868,0.05375845498958141,0.016985169605361682
day,2026-08-11,all_observed,exact_model_variant,requests,200,490,batch_service_variant,0,0.0,0.0,0.0,0.0,0.0
day,2026-08-11,all_observed,exact_model_variant,requests,200,490,thinking_service_variant,0,0.0,0.0,0.0,0.0,0.0
day,2026-08-11,all_observed,exact_model_variant,requests,200,490,observed_non_text_activity,0,0.0,0.0,0.0,0.0,0.0
day,2026-08-11,all_observed,exact_model_variant,requests,490,490,catalog_match,485,0.9897959183673469,0.9999999973213866,0.9999987560331199,0.9999999973213866,0.9999987560331199
day,2026-08-11,all_observed,exact_model_variant,requests,490,490,hugging_face_id_available,184,0.37551020408163266,0.7039650069909204,0.5623433917761717,0.7039650069909204,0.5623433917761717
day,2026-08-11,all_observed,exact_model_variant,requests,490,490,tokenizer_known_non_other,282,0.5755102040816327,0.5986633897330292,0.8100345514806815,0.5986633897330292,0.8100345514806815
day,2026-08-11,all_observed,exact_model_variant,requests,490,490,modality_metadata_available,485,0.9897959183673469,0.9999999973213866,0.9999987560331199,0.9999999973213866,0.9999987560331199
day,2026-08-11,all_observed,exact_model_variant,requests,490,490,structured_model_size_available,0,0.0,0.0,0.0,0.0,0.0
day,2026-08-11,all_observed,exact_model_variant,requests,490,490,text_only_input_capable,199,0.4061224489795918,0.5660091862265992,0.4939579850386639,0.5660091862265992,0.4939579850386639
day,2026-08-11,all_observed,exact_model_variant,requests,490,490,non_text_input_capable,286,0.5836734693877551,0.4339908110947873,0.506040770994456,0.4339908110947873,0.506040770994456
day,2026-08-11,all_observed,exact_model_variant,requests,490,490,text_output_capable,364,0.7428571428571429,0.9939332414066119,0.9315704640383988,0.9939332414066119,0.9315704640383988
day,2026-08-11,all_observed,exact_model_variant,requests,490,490,non_text_output_capable,134,0.27346938775510204,0.006280950161428887,0.06974974860847506,0.006280950161428887,0.06974974860847506
day,2026-08-11,all_observed,exact_model_variant,requests,490,490,free_service_variant,20,0.04081632653061224,0.05365831122440962,0.017349206835772808,0.05365831122440962,0.017349206835772808
day,2026-08-11,all_observed,exact_model_variant,requests,490,490,batch_service_variant,34,0.06938775510204082,7.724463074471916e-05,0.00027716722776869256,7.724463074471916e-05,0.00027716722776869256
day,2026-08-11,all_observed,exact_model_variant,requests,490,490,thinking_service_variant,1,0.0020408163265306124,2.631893943332044e-07,1.1869324630403335e-06,2.631893943332044e-07,1.1869324630403335e-06
day,2026-08-11,all_observed,exact_model_variant,requests,490,490,observed_non_text_activity,0,0.0,0.0,0.0,0.0,0.0
day,2026-08-11,current_catalog_text_output,model_permaslug,total_tokens,1,313,catalog_match,1,1.0,0.1623103343430371,0.0870858053396644,1.0,1.0
day,2026-08-11,current_catalog_text_output,model_permaslug,total_tokens,1,313,hugging_face_id_available,1,1.0,0.1623103343430371,0.0870858053396644,1.0,1.0
day,2026-08-11,current_catalog_text_output,model_permaslug,total_tokens,1,313,tokenizer_known_non_other,1,1.0,0.1623103343430371,0.0870858053396644,1.0,1.0
day,2026-08-11,current_catalog_text_output,model_permaslug,total_tokens,1,313,modality_metadata_available,1,1.0,0.1623103343430371,0.0870858053396644,1.0,1.0
day,2026-08-11,current_catalog_text_output,model_permaslug,total_tokens,1,313,structured_model_size_available,0,0.0,0.0,0.0,0.0,0.0
day,2026-08-11,current_catalog_text_output,model_permaslug,total_tokens,1,313,text_only_input_capable,1,1.0,0.1623103343430371,0.0870858053396644,1.0,1.0
day,2026-08-11,current_catalog_text_output,model_permaslug,total_tokens,1,313,non_text_input_capable,0,0.0,0.0,0.0,0.0,0.0
day,2026-08-11,current_catalog_text_output,model_permaslug,total_tokens,1,313,text_output_capable,1,1.0,0.1623103343430371,0.0870858053396644,1.0,1.0
day,2026-08-11,current_catalog_text_output,model_permaslug,total_tokens,1,313,non_text_output_capable,0,0.0,0.0,0.0,0.0,0.0
day,2026-08-11,current_catalog_text_output,model_permaslug,total_tokens,1,313,free_service_variant,0,0.0,0.0,0.0,0.0,0.0
day,2026-08-11,current_catalog_text_output,model_permaslug,total_tokens,1,313,batch_service_variant,0,0.0,0.0,0.0,0.0,0.0
day,2026-08-11,current_catalog_text_output,model_permaslug,total_tokens,1,313,thinking_service_variant,0,0.0,0.0,0.0,0.0,0.0
day,2026-08-11,current_catalog_text_output,model_permaslug,total_tokens,1,313,observed_non_text_activity,0,0.0,0.0,0.0,0.0,0.0
day,2026-08-11,current_catalog_text_output,model_permaslug,total_tokens,2,313,catalog_match,2,1.0,0.3013552101675062,0.11909334687187763,1.0,1.0
day,2026-08-11,current_catalog_text_output,model_permaslug,total_tokens,2,313,hugging_face_id_available,2,1.0,0.3013552101675062,0.11909334687187763,1.0,1.0
day,2026-08-11,current_catalog_text_output,model_permaslug,total_tokens,2,313,tokenizer_known_non_other,1,0.5,0.1623103343430371,0.0870858053396644,0.5386013875546337,0.731239885577761
day,2026-08-11,current_catalog_text_output,model_permaslug,total_tokens,2,313,modality_metadata_available,2,1.0,0.3013552101675062,0.11909334687187763,1.0,1.0
day,2026-08-11,current_catalog_text_output,model_permaslug,total_tokens,2,313,structured_model_size_available,0,0.0,0.0,0.0,0.0,0.0
day,2026-08-11,current_catalog_text_output,model_permaslug,total_tokens,2,313,text_only_input_capable,2,1.0,0.3013552101675062,0.11909334687187763,1.0,1.0
day,2026-08-11,current_catalog_text_output,model_permaslug,total_tokens,2,313,non_text_input_capable,0,0.0,0.0,0.0,0.0,0.0
day,2026-08-11,current_catalog_text_output,model_permaslug,total_tokens,2,313,text_output_capable,2,1.0,0.3013552101675062,0.11909334687187763,1.0,1.0
day,2026-08-11,current_catalog_text_output,model_permaslug,total_tokens,2,313,non_text_output_capable,0,0.0,0.0,0.0,0.0,0.0
day,2026-08-11,current_catalog_text_output,model_permaslug,total_tokens,2,313,free_service_variant,0,0.0,0.0,0.0,0.0,0.0
day,2026-08-11,current_catalog_text_output,model_permaslug,total_tokens,2,313,batch_service_variant,0,0.0,0.0,0.0,0.0,0.0
day,2026-08-11,current_catalog_text_output,model_permaslug,total_tokens,2,313,thinking_service_variant,0,0.0,0.0,0.0,0.0,0.0
day,2026-08-11,current_catalog_text_output,model_permaslug,total_tokens,2,313,observed_non_text_activity,0,0.0,0.0,0.0,0.0,0.0
day,2026-08-11,current_catalog_text_output,model_permaslug,total_tokens,5,313,catalog_match,5,1.0,0.5083692146873242,0.3164556655172506,1.0,1.0
day,2026-08-11,current_catalog_text_output,model_permaslug,total_tokens,5,313,hugging_face_id_available,4,0.8,0.4333176936372914,0.2663537748110236,0.8523680842944162,0.8416780100165537
day,2026-08-11,current_catalog_text_output,model_permaslug,total_tokens,5,313,tokenizer_known_non_other,3,0.6,0.30457982169178544,0.2680285193702545,0.5991311292898002,0.8469702033368834
day,2026-08-11,current_catalog_text_output,model_permaslug,total_tokens,5,313,modality_metadata_available,5,1.0,0.5083692146873242,0.3164556655172506,1.0,1.0
day,2026-08-11,current_catalog_text_output,model_permaslug,total_tokens,5,313,structured_model_size_available,0,0.0,0.0,0.0,0.0,0.0
day,2026-08-11,current_catalog_text_output,model_permaslug,total_tokens,5,313,text_only_input_capable,3,0.6,0.36857317646622173,0.24993417019624078,0.7250108106819864,0.789792054402693
day,2026-08-11,current_catalog_text_output,model_permaslug,total_tokens,5,313,non_text_input_capable,2,0.4,0.1397960382211025,0.06652149532100979,0.27498918931801364,0.21020794559730702
day,2026-08-11,current_catalog_text_output,model_permaslug,total_tokens,5,313,text_output_capable,5,1.0,0.5083692146873242,0.3164556655172506,1.0,1.0
day,2026-08-11,current_catalog_text_output,model_permaslug,total_tokens,5,313,non_text_output_capable,0,0.0,0.0,0.0,0.0,0.0
day,2026-08-11,current_catalog_text_output,model_permaslug,total_tokens,5,313,free_service_variant,0,0.0,0.0,0.0,0.0,0.0
day,2026-08-11,current_catalog_text_output,model_permaslug,total_tokens,5,313,batch_service_variant,1,0.2,0.07505152105003285,0.050101890706226955,0.14763191570558373,0.15832198998344624
day,2026-08-11,current_catalog_text_output,model_permaslug,total_tokens,5,313,thinking_service_variant,0,0.0,0.0,0.0,0.0,0.0
day,2026-08-11,current_catalog_text_output,model_permaslug,total_tokens,5,313,observed_non_text_activity,0,0.0,0.0,0.0,0.0,0.0
day,2026-08-11,current_catalog_text_output,model_permaslug,total_tokens,10,313,catalog_match,10,1.0,0.6685584280604755,0.3769284172801568,1.0,1.0
day,2026-08-11,current_catalog_text_output,model_permaslug,total_tokens,10,313,hugging_face_id_available,8,0.8,0.5703441207902145,0.32122440175230865,0.8530954017658768,0.8522159302028814
day,2026-08-11,current_catalog_text_output,model_permaslug,total_tokens,10,313,tokenizer_known_non_other,5,0.5,0.364907543652617,0.2989958578362171,0.5458124949695626,0.7932430778069585
day,2026-08-11,current_catalog_text_output,model_permaslug,total_tokens,10,313,modality_metadata_available,10,1.0,0.6685584280604755,0.3769284172801568,1.0,1.0
day,2026-08-11,current_catalog_text_output,model_permaslug,total_tokens,10,313,structured_model_size_available,0,0.0,0.0,0.0,0.0,0.0
day,2026-08-11,current_catalog_text_output,model_permaslug,total_tokens,10,313,text_only_input_capable,6,0.6,0.4842858051337763,0.2997421561911149,0.7243731958307905,0.795223024981764
day,2026-08-11,current_catalog_text_output,model_permaslug,total_tokens,10,313,non_text_input_capable,4,0.4,0.18427262292669924,0.0771862610890419,0.27562680416920954,0.204776975018236
day,2026-08-11,current_catalog_text_output,model_permaslug,total_tokens,10,313,text_output_capable,10,1.0,0.6685584280604755,0.3769284172801568,1.0,1.0
day,2026-08-11,current_catalog_text_output,model_permaslug,total_tokens,10,313,non_text_output_capable,0,0.0,0.0,0.0,0.0,0.0
day,2026-08-11,current_catalog_text_output,model_permaslug,total_tokens,10,313,free_service_variant,1,0.1,0.021263073202738937,0.005829737240239427,0.03180436041233415,0.015466430688101718
day,2026-08-11,current_catalog_text_output,model_permaslug,total_tokens,10,313,batch_service_variant,3,0.3,0.15549892699447335,0.0743170506381413,0.23258838789241534,0.19716489187628486
day,2026-08-11,current_catalog_text_output,model_permaslug,total_tokens,10,313,thinking_service_variant,0,0.0,0.0,0.0,0.0,0.0
day,2026-08-11,current_catalog_text_output,model_permaslug,total_tokens,10,313,observed_non_text_activity,0,0.0,0.0,0.0,0.0,0.0
day,2026-08-11,current_catalog_text_output,model_permaslug,total_tokens,20,313,catalog_match,20,1.0,0.8182099266236467,0.5179588175657714,1.0,1.0
day,2026-08-11,current_catalog_text_output,model_permaslug,total_tokens,20,313,hugging_face_id_available,11,0.55,0.6258329679485255,0.33631400059367367,0.7648806835319549,0.6493064490614022
day,2026-08-11,current_catalog_text_output,model_permaslug,total_tokens,20,313,tokenizer_known_non_other,12,0.6,0.4590701950574771,0.42493665928046676,0.5610665186522925,0.8204062656516268
day,2026-08-11,current_catalog_text_output,model_permaslug,total_tokens,20,313,modality_metadata_available,20,1.0,0.8182099266236467,0.5179588175657714,1.0,1.0
day,2026-08-11,current_catalog_text_output,model_permaslug,total_tokens,20,313,structured_model_size_available,0,0.0,0.0,0.0,0.0,0.0
day,2026-08-11,current_catalog_text_output,model_permaslug,total_tokens,20,313,text_only_input_capable,7,0.35,0.5046239128813176,0.30373083982223015,0.6167413721850752,0.5863995930210452
day,2026-08-11,current_catalog_text_output,model_permaslug,total_tokens,20,313,non_text_input_capable,13,0.65,0.31358601374232914,0.21422797774354127,0.3832586278149248,0.41360040697895484
day,2026-08-11,current_catalog_text_output,model_permaslug,total_tokens,20,313,text_output_capable,20,1.0,0.8182099266236467,0.5179588175657714,1.0,1.0
day,2026-08-11,current_catalog_text_output,model_permaslug,total_tokens,20,313,non_text_output_capable,0,0.0,0.0,0.0,0.0,0.0
day,2026-08-11,current_catalog_text_output,model_permaslug,total_tokens,20,313,free_service_variant,2,0.1,0.041601180950280175,0.009818420871354712,0.05084414108974204,0.018955987500121955
day,2026-08-11,current_catalog_text_output,model_permaslug,total_tokens,20,313,batch_service_variant,10,0.5,0.25766942049117886,0.19971887454573695,0.31491847276218576,0.3855883282079202
day,2026-08-11,current_catalog_text_output,model_permaslug,total_tokens,20,313,thinking_service_variant,0,0.0,0.0,0.0,0.0,0.0
day,2026-08-11,current_catalog_text_output,model_permaslug,total_tokens,20,313,observed_non_text_activity,0,0.0,0.0,0.0,0.0,0.0
day,2026-08-11,current_catalog_text_output,model_permaslug,total_tokens,25,313,catalog_match,25,1.0,0.8588680842206882,0.6228075619115128,1.0,1.0
day,2026-08-11,current_catalog_text_output,model_permaslug,total_tokens,25,313,hugging_face_id_available,13,0.52,0.6409021067006785,0.39815592490655033,0.7462171647491295,0.6392920530453025
day,2026-08-11,current_catalog_text_output,model_permaslug,total_tokens,25,313,tokenizer_known_non_other,17,0.68,0.4997283526545186,0.5297854036262081,0.5818452936319756,0.8506406087944689
day,2026-08-11,current_catalog_text_output,model_permaslug,total_tokens,25,313,modality_metadata_available,25,1.0,0.8588680842206882,0.6228075619115128,1.0,1.0
day,2026-08-11,current_catalog_text_output,model_permaslug,total_tokens,25,313,structured_model_size_available,0,0.0,0.0,0.0,0.0,0.0
day,2026-08-11,current_catalog_text_output,model_permaslug,total_tokens,25,313,text_only_input_capable,8,0.32,0.5116817488379114,0.33026782678647787,0.5957629096233055,0.5302887231696805
day,2026-08-11,current_catalog_text_output,model_permaslug,total_tokens,25,313,non_text_input_capable,17,0.68,0.34718633538277677,0.29253973512503495,0.4042370903766945,0.4697112768303195
day,2026-08-11,current_catalog_text_output,model_permaslug,total_tokens,25,313,text_output_capable,25,1.0,0.8588680842206882,0.6228075619115128,1.0,1.0
day,2026-08-11,current_catalog_text_output,model_permaslug,total_tokens,25,313,non_text_output_capable,0,0.0,0.0,0.0,0.0,0.0
day,2026-08-11,current_catalog_text_output,model_permaslug,total_tokens,25,313,free_service_variant,3,0.12,0.049612483745839306,0.045123358219983686,0.057764963743944714,0.07245152592799559
day,2026-08-11,current_catalog_text_output,model_permaslug,total_tokens,25,313,batch_service_variant,12,0.48,0.27492951206267613,0.24033922995469775,0.32010679767212347,0.3858964544634811
day,2026-08-11,current_catalog_text_output,model_permaslug,total_tokens,25,313,thinking_service_variant,0,0.0,0.0,0.0,0.0,0.0
day,2026-08-11,current_catalog_text_output,model_permaslug,total_tokens,25,313,observed_non_text_activity,0,0.0,0.0,0.0,0.0,0.0
day,2026-08-11,current_catalog_text_output,model_permaslug,total_tokens,30,313,catalog_match,30,1.0,0.8877929399235727,0.6898589967914186,1.0,1.0
day,2026-08-11,current_catalog_text_output,model_permaslug,total_tokens,30,313,hugging_face_id_available,16,0.5333333333333333,0.6582884484768206,0.43491854973451727,0.7414887175533188,0.6304455718593991
day,2026-08-11,current_catalog_text_output,model_permaslug,total_tokens,30,313,tokenizer_known_non_other,21,0.7,0.5225008509885591,0.5948490774370857,0.5885390922725062,0.8622763205289333
day,2026-08-11,current_catalog_text_output,model_permaslug,total_tokens,30,313,modality_metadata_available,30,1.0,0.8877929399235727,0.6898589967914186,1.0,1.0
day,2026-08-11,current_catalog_text_output,model_permaslug,total_tokens,30,313,structured_model_size_available,0,0.0,0.0,0.0,0.0,0.0
day,2026-08-11,current_catalog_text_output,model_permaslug,total_tokens,30,313,text_only_input_capable,10,0.3333333333333333,0.5231958618908165,0.34551463382133396,0.5893219447497035,0.5008481956868667
day,2026-08-11,current_catalog_text_output,model_permaslug,total_tokens,30,313,non_text_input_capable,20,0.6666666666666666,0.36459707803275626,0.3443443629700847,0.4106780552502966,0.49915180431313333
day,2026-08-11,current_catalog_text_output,model_permaslug,total_tokens,30,313,text_output_capable,30,1.0,0.8877929399235727,0.6898589967914186,1.0,1.0
day,2026-08-11,current_catalog_text_output,model_permaslug,total_tokens,30,313,non_text_output_capable,0,0.0,0.0,0.0,0.0,0.0
day,2026-08-11,current_catalog_text_output,model_permaslug,total_tokens,30,313,free_service_variant,4,0.13333333333333333,0.05548471246907626,0.0666391760130945,0.06249735718089036,0.09659825605382821
day,2026-08-11,current_catalog_text_output,model_permaslug,total_tokens,30,313,batch_service_variant,13,0.43333333333333335,0.28133864266142594,0.26817694771936923,0.3168966884166093,0.38874168339715587
day,2026-08-11,current_catalog_text_output,model_permaslug,total_tokens,30,313,thinking_service_variant,0,0.0,0.0,0.0,0.0,0.0
day,2026-08-11,current_catalog_text_output,model_permaslug,total_tokens,30,313,observed_non_text_activity,0,0.0,0.0,0.0,0.0,0.0
day,2026-08-11,current_catalog_text_output,model_permaslug,total_tokens,50,313,catalog_match,50,1.0,0.9455030792677321,0.8015004300651061,1.0,1.0
day,2026-08-11,current_catalog_text_output,model_permaslug,total_tokens,50,313,hugging_face_id_available,23,0.46,0.6769305159338501,0.45275513783470406,0.7159474472130916,0.5648844602590253
day,2026-08-11,current_catalog_text_output,model_permaslug,total_tokens,50,313,tokenizer_known_non_other,36,0.72,0.5657932744401073,0.6825321372337001,0.5984044757192115,0.8515680237105523
day,2026-08-11,current_catalog_text_output,model_permaslug,total_tokens,50,313,modality_metadata_available,50,1.0,0.9455030792677321,0.8015004300651061,1.0,1.0
day,2026-08-11,current_catalog_text_output,model_permaslug,total_tokens,50,313,structured_model_size_available,0,0.0,0.0,0.0,0.0,0.0
day,2026-08-11,current_catalog_text_output,model_permaslug,total_tokens,50,313,text_only_input_capable,17,0.34,0.5428701188518382,0.3792140642715386,0.5741600749436767,0.4731302068555783
day,2026-08-11,current_catalog_text_output,model_permaslug,total_tokens,50,313,non_text_input_capable,33,0.66,0.40263296041589397,0.42228636579356743,0.4258399250563233,0.5268697931444217
day,2026-08-11,current_catalog_text_output,model_permaslug,total_tokens,50,313,text_output_capable,50,1.0,0.9455030792677321,0.8015004300651061,1.0,1.0
day,2026-08-11,current_catalog_text_output,model_permaslug,total_tokens,50,313,non_text_output_capable,0,0.0,0.0,0.0,0.0,0.0
day,2026-08-11,current_catalog_text_output,model_permaslug,total_tokens,50,313,free_service_variant,9,0.18,0.06978419679349203,0.08018390282548994,0.07380641937997505,0.10004224554062507
day,2026-08-11,current_catalog_text_output,model_permaslug,total_tokens,50,313,batch_service_variant,22,0.44,0.3084746424171022,0.33392275884750927,0.3262545085056814,0.4166220582319396
day,2026-08-11,current_catalog_text_output,model_permaslug,total_tokens,50,313,thinking_service_variant,0,0.0,0.0,0.0,0.0,0.0
day,2026-08-11,current_catalog_text_output,model_permaslug,total_tokens,50,313,observed_non_text_activity,0,0.0,0.0,0.0,0.0,0.0
day,2026-08-11,current_catalog_text_output,model_permaslug,total_tokens,75,313,catalog_match,75,1.0,0.9757921454936404,0.8972744722152757,1.0,1.0
day,2026-08-11,current_catalog_text_output,model_permaslug,total_tokens,75,313,hugging_face_id_available,34,0.4533333333333333,0.6909889933300338,0.5012203305255647,0.7081313336258426,0.5586031320919058
day,2026-08-11,current_catalog_text_output,model_permaslug,total_tokens,75,313,tokenizer_known_non_other,51,0.68,0.5834295213910097,0.766521669064632,0.597903481889435,0.8542778077394436
day,2026-08-11,current_catalog_text_output,model_permaslug,total_tokens,75,313,modality_metadata_available,75,1.0,0.9757921454936404,0.8972744722152757,1.0,1.0
day,2026-08-11,current_catalog_text_output,model_permaslug,total_tokens,75,313,structured_model_size_available,0,0.0,0.0,0.0,0.0,0.0
day,2026-08-11,current_catalog_text_output,model_permaslug,total_tokens,75,313,text_only_input_capable,27,0.36,0.5546489999244342,0.4246201000554772,0.5684089613611766,0.47323323375860127
day,2026-08-11,current_catalog_text_output,model_permaslug,total_tokens,75,313,non_text_input_capable,48,0.64,0.4211431455692062,0.47265437215979855,0.4315910386388235,0.5267667662413987
day,2026-08-11,current_catalog_text_output,model_permaslug,total_tokens,75,313,text_output_capable,75,1.0,0.9757921454936404,0.8972744722152757,1.0,1.0
day,2026-08-11,current_catalog_text_output,model_permaslug,total_tokens,75,313,non_text_output_capable,0,0.0,0.0,0.0,0.0,0.0
day,2026-08-11,current_catalog_text_output,model_permaslug,total_tokens,75,313,free_service_variant,11,0.14666666666666667,0.07221903973509532,0.08174402954449073,0.07401067949625754,0.09110259132043884
day,2026-08-11,current_catalog_text_output,model_permaslug,total_tokens,75,313,batch_service_variant,27,0.36,0.3145495507892657,0.3482476772587453,0.32235302594092846,0.388117223929216
day,2026-08-11,current_catalog_text_output,model_permaslug,total_tokens,75,313,thinking_service_variant,0,0.0,0.0,0.0,0.0,0.0
day,2026-08-11,current_catalog_text_output,model_permaslug,total_tokens,75,313,observed_non_text_activity,0,0.0,0.0,0.0,0.0,0.0
day,2026-08-11,current_catalog_text_output,model_permaslug,total_tokens,100,313,catalog_match,100,1.0,0.9886654250084043,0.9450717662923903,1.0,1.0
day,2026-08-11,current_catalog_text_output,model_permaslug,total_tokens,100,313,hugging_face_id_available,48,0.48,0.6982120146491064,0.5345829118051064,0.7062166805754041,0.5656532454697359
day,2026-08-11,current_catalog_text_output,model_permaslug,total_tokens,100,313,tokenizer_known_non_other,71,0.71,0.5936262170696542,0.8120371252724444,0.6004318569799364,0.859233292364818
day,2026-08-11,current_catalog_text_output,model_permaslug,total_tokens,100,313,modality_metadata_available,100,1.0,0.9886654250084043,0.9450717662923903,1.0,1.0
day,2026-08-11,current_catalog_text_output,model_permaslug,total_tokens,100,313,structured_model_size_available,0,0.0,0.0,0.0,0.0,0.0
day,2026-08-11,current_catalog_text_output,model_permaslug,total_tokens,100,313,text_only_input_capable,37,0.37,0.5597656833475129,0.45051148384946305,0.5661831284762027,0.4766955271734166
day,2026-08-11,current_catalog_text_output,model_permaslug,total_tokens,100,313,non_text_input_capable,63,0.63,0.4288997416608914,0.4945602824429273,0.43381687152379733,0.5233044728265833
day,2026-08-11,current_catalog_text_output,model_permaslug,total_tokens,100,313,text_output_capable,100,1.0,0.9886654250084043,0.9450717662923903,1.0,1.0
day,2026-08-11,current_catalog_text_output,model_permaslug,total_tokens,100,313,non_text_output_capable,0,0.0,0.0,0.0,0.0,0.0
day,2026-08-11,current_catalog_text_output,model_permaslug,total_tokens,100,313,free_service_variant,12,0.12,0.07273048059600482,0.0821492658595619,0.07356430067875244,0.08692383879146191
day,2026-08-11,current_catalog_text_output,model_permaslug,total_tokens,100,313,batch_service_variant,30,0.3,0.31651568631648586,0.35222407804311995,0.3201443868776895,0.3726955884259771
day,2026-08-11,current_catalog_text_output,model_permaslug,total_tokens,100,313,thinking_service_variant,0,0.0,0.0,0.0,0.0,0.0
day,2026-08-11,current_catalog_text_output,model_permaslug,total_tokens,100,313,observed_non_text_activity,0,0.0,0.0,0.0,0.0,0.0
day,2026-08-11,current_catalog_text_output,model_permaslug,total_tokens,200,313,catalog_match,200,1.0,0.999341404991839,0.9960230978411726,1.0,1.0
day,2026-08-11,current_catalog_text_output,model_permaslug,total_tokens,200,313,hugging_face_id_available,105,0.525,0.7055775647492512,0.5741386126287157,0.7060425608553796,0.5764310224061377
day,2026-08-11,current_catalog_text_output,model_permaslug,total_tokens,200,313,tokenizer_known_non_other,139,0.695,0.6012081732306097,0.8538866622034964,0.6016043868766944,0.8572960446943957
day,2026-08-11,current_catalog_text_output,model_permaslug,total_tokens,200,313,modality_metadata_available,200,1.0,0.999341404991839,0.9960230978411726,1.0,1.0
day,2026-08-11,current_catalog_text_output,model_permaslug,total_tokens,200,313,structured_model_size_available,0,0.0,0.0,0.0,0.0,0.0
day,2026-08-11,current_catalog_text_output,model_permaslug,total_tokens,200,313,text_only_input_capable,82,0.41,0.5637810319596755,0.4642056914009135,0.5641525800327263,0.4660591630927584
day,2026-08-11,current_catalog_text_output,model_permaslug,total_tokens,200,313,non_text_input_capable,118,0.59,0.4355603730321635,0.5318174064402591,0.4358474199672738,0.5339408369072416
day,2026-08-11,current_catalog_text_output,model_permaslug,total_tokens,200,313,text_output_capable,200,1.0,0.999341404991839,0.9960230978411726,1.0,1.0
day,2026-08-11,current_catalog_text_output,model_permaslug,total_tokens,200,313,non_text_output_capable,5,0.025,0.0001717524515080142,0.001064143282691811,0.00017186564136148928,0.0010683921738344072
day,2026-08-11,current_catalog_text_output,model_permaslug,total_tokens,200,313,free_service_variant,14,0.07,0.0730406247250107,0.08256886994484038,0.07308876061790633,0.0828985493647728
day,2026-08-11,current_catalog_text_output,model_permaslug,total_tokens,200,313,batch_service_variant,33,0.165,0.3170829078181116,0.35492931422746976,0.3172918746628946,0.3563464692704017
day,2026-08-11,current_catalog_text_output,model_permaslug,total_tokens,200,313,thinking_service_variant,0,0.0,0.0,0.0,0.0,0.0
day,2026-08-11,current_catalog_text_output,model_permaslug,total_tokens,200,313,observed_non_text_activity,0,0.0,0.0,0.0,0.0,0.0
day,2026-08-11,current_catalog_text_output,model_permaslug,total_tokens,313,313,catalog_match,313,1.0,1.0,1.0,1.0,1.0
day,2026-08-11,current_catalog_text_output,model_permaslug,total_tokens,313,313,hugging_face_id_available,147,0.4696485623003195,0.7058634662392819,0.5762961311448631,0.7058634662392819,0.5762961311448631
day,2026-08-11,current_catalog_text_output,model_permaslug,total_tokens,313,313,tokenizer_known_non_other,210,0.670926517571885,0.6016014632249581,0.8567802464025431,0.6016014632249581,0.8567802464025431
day,2026-08-11,current_catalog_text_output,model_permaslug,total_tokens,313,313,modality_metadata_available,313,1.0,1.0,1.0,1.0,1.0
day,2026-08-11,current_catalog_text_output,model_permaslug,total_tokens,313,313,structured_model_size_available,0,0.0,0.0,0.0,0.0,0.0
day,2026-08-11,current_catalog_text_output,model_permaslug,total_tokens,313,313,text_only_input_capable,136,0.43450479233226835,0.5641277543737058,0.4663656208166569,0.5641277543737058,0.4663656208166569
day,2026-08-11,current_catalog_text_output,model_permaslug,total_tokens,313,313,non_text_input_capable,177,0.5654952076677316,0.4358722456262943,0.5336343791833431,0.4358722456262943,0.5336343791833431
day,2026-08-11,current_catalog_text_output,model_permaslug,total_tokens,313,313,text_output_capable,313,1.0,1.0,1.0,1.0,1.0
day,2026-08-11,current_catalog_text_output,model_permaslug,total_tokens,313,313,non_text_output_capable,13,0.04153354632587859,0.0002155016430994455,0.0014185256668888323,0.0002155016430994455,0.0014185256668888323
day,2026-08-11,current_catalog_text_output,model_permaslug,total_tokens,313,313,free_service_variant,16,0.051118210862619806,0.0730672452454696,0.08268640833262499,0.0730672452454696,0.08268640833262499
day,2026-08-11,current_catalog_text_output,model_permaslug,total_tokens,313,313,batch_service_variant,34,0.10862619808306709,0.3170891969023758,0.355001161352012,0.3170891969023758,0.355001161352012
day,2026-08-11,current_catalog_text_output,model_permaslug,total_tokens,313,313,thinking_service_variant,1,0.003194888178913738,2.959587917046292e-06,2.8285461697945454e-05,2.959587917046292e-06,2.8285461697945454e-05
day,2026-08-11,current_catalog_text_output,model_permaslug,total_tokens,313,313,observed_non_text_activity,0,0.0,0.0,0.0,0.0,0.0
day,2026-08-11,current_catalog_text_output,model_permaslug,requests,1,313,catalog_match,1,1.0,0.06721796629871551,0.13084082332436314,1.0,1.0
day,2026-08-11,current_catalog_text_output,model_permaslug,requests,1,313,hugging_face_id_available,1,1.0,0.06721796629871551,0.13084082332436314,1.0,1.0
day,2026-08-11,current_catalog_text_output,model_permaslug,requests,1,313,tokenizer_known_non_other,1,1.0,0.06721796629871551,0.13084082332436314,1.0,1.0
day,2026-08-11,current_catalog_text_output,model_permaslug,requests,1,313,modality_metadata_available,1,1.0,0.06721796629871551,0.13084082332436314,1.0,1.0
day,2026-08-11,current_catalog_text_output,model_permaslug,requests,1,313,structured_model_size_available,0,0.0,0.0,0.0,0.0,0.0
day,2026-08-11,current_catalog_text_output,model_permaslug,requests,1,313,text_only_input_capable,1,1.0,0.06721796629871551,0.13084082332436314,1.0,1.0
day,2026-08-11,current_catalog_text_output,model_permaslug,requests,1,313,non_text_input_capable,0,0.0,0.0,0.0,0.0,0.0
day,2026-08-11,current_catalog_text_output,model_permaslug,requests,1,313,text_output_capable,1,1.0,0.06721796629871551,0.13084082332436314,1.0,1.0
day,2026-08-11,current_catalog_text_output,model_permaslug,requests,1,313,non_text_output_capable,0,0.0,0.0,0.0,0.0,0.0
day,2026-08-11,current_catalog_text_output,model_permaslug,requests,1,313,free_service_variant,0,0.0,0.0,0.0,0.0,0.0
day,2026-08-11,current_catalog_text_output,model_permaslug,requests,1,313,batch_service_variant,0,0.0,0.0,0.0,0.0,0.0
day,2026-08-11,current_catalog_text_output,model_permaslug,requests,1,313,thinking_service_variant,0,0.0,0.0,0.0,0.0,0.0
day,2026-08-11,current_catalog_text_output,model_permaslug,requests,1,313,observed_non_text_activity,0,0.0,0.0,0.0,0.0,0.0
day,2026-08-11,current_catalog_text_output,model_permaslug,requests,2,313,catalog_match,2,1.0,0.22952830064175261,0.21792662866402754,1.0,1.0
day,2026-08-11,current_catalog_text_output,model_permaslug,requests,2,313,hugging_face_id_available,2,1.0,0.22952830064175261,0.21792662866402754,1.0,1.0
day,2026-08-11,current_catalog_text_output,model_permaslug,requests,2,313,tokenizer_known_non_other,2,1.0,0.22952830064175261,0.21792662866402754,1.0,1.0
day,2026-08-11,current_catalog_text_output,model_permaslug,requests,2,313,modality_metadata_available,2,1.0,0.22952830064175261,0.21792662866402754,1.0,1.0
day,2026-08-11,current_catalog_text_output,model_permaslug,requests,2,313,structured_model_size_available,0,0.0,0.0,0.0,0.0,0.0
day,2026-08-11,current_catalog_text_output,model_permaslug,requests,2,313,text_only_input_capable,2,1.0,0.22952830064175261,0.21792662866402754,1.0,1.0
day,2026-08-11,current_catalog_text_output,model_permaslug,requests,2,313,non_text_input_capable,0,0.0,0.0,0.0,0.0,0.0
day,2026-08-11,current_catalog_text_output,model_permaslug,requests,2,313,text_output_capable,2,1.0,0.22952830064175261,0.21792662866402754,1.0,1.0
day,2026-08-11,current_catalog_text_output,model_permaslug,requests,2,313,non_text_output_capable,0,0.0,0.0,0.0,0.0,0.0
day,2026-08-11,current_catalog_text_output,model_permaslug,requests,2,313,free_service_variant,0,0.0,0.0,0.0,0.0,0.0
day,2026-08-11,current_catalog_text_output,model_permaslug,requests,2,313,batch_service_variant,0,0.0,0.0,0.0,0.0,0.0
day,2026-08-11,current_catalog_text_output,model_permaslug,requests,2,313,thinking_service_variant,0,0.0,0.0,0.0,0.0,0.0
day,2026-08-11,current_catalog_text_output,model_permaslug,requests,2,313,observed_non_text_activity,0,0.0,0.0,0.0,0.0,0.0
day,2026-08-11,current_catalog_text_output,model_permaslug,requests,5,313,catalog_match,5,1.0,0.3235759734752146,0.3689875874743292,1.0,1.0
day,2026-08-11,current_catalog_text_output,model_permaslug,requests,5,313,hugging_face_id_available,3,0.6,0.23753960343731173,0.2532315660126565,0.7341076683974093,0.6862874920698357
day,2026-08-11,current_catalog_text_output,model_permaslug,requests,5,313,tokenizer_known_non_other,5,1.0,0.3235759734752146,0.3689875874743292,1.0,1.0
day,2026-08-11,current_catalog_text_output,model_permaslug,requests,5,313,modality_metadata_available,5,1.0,0.3235759734752146,0.3689875874743292,1.0,1.0
day,2026-08-11,current_catalog_text_output,model_permaslug,requests,5,313,structured_model_size_available,0,0.0,0.0,0.0,0.0,0.0
day,2026-08-11,current_catalog_text_output,model_permaslug,requests,5,313,text_only_input_capable,2,0.4,0.22952830064175261,0.21792662866402754,0.7093490229716766,0.5906069365522734
day,2026-08-11,current_catalog_text_output,model_permaslug,requests,5,313,non_text_input_capable,3,0.6,0.09404767283346198,0.15106095881030163,0.29065097702832343,0.40939306344772664
day,2026-08-11,current_catalog_text_output,model_permaslug,requests,5,313,text_output_capable,5,1.0,0.3235759734752146,0.3689875874743292,1.0,1.0
day,2026-08-11,current_catalog_text_output,model_permaslug,requests,5,313,non_text_output_capable,0,0.0,0.0,0.0,0.0,0.0
day,2026-08-11,current_catalog_text_output,model_permaslug,requests,5,313,free_service_variant,1,0.2,0.008011302795559129,0.035304937348628974,0.02475864542573271,0.09568055551756242
day,2026-08-11,current_catalog_text_output,model_permaslug,requests,5,313,batch_service_variant,2,0.4,0.08603637003790285,0.11575602146167266,0.2658923316025907,0.31371250793016425
day,2026-08-11,current_catalog_text_output,model_permaslug,requests,5,313,thinking_service_variant,0,0.0,0.0,0.0,0.0,0.0
day,2026-08-11,current_catalog_text_output,model_permaslug,requests,5,313,observed_non_text_activity,0,0.0,0.0,0.0,0.0,0.0
day,2026-08-11,current_catalog_text_output,model_permaslug,requests,10,313,catalog_match,10,1.0,0.49180414341838014,0.5222962526330226,1.0,1.0
day,2026-08-11,current_catalog_text_output,model_permaslug,requests,10,313,hugging_face_id_available,4,0.4,0.37658447926178085,0.28523910754486975,0.7657204281449467,0.5461251274672372
day,2026-08-11,current_catalog_text_output,model_permaslug,requests,10,313,tokenizer_known_non_other,9,0.9,0.3527592675939111,0.4902887111008093,0.7172759162661568,0.9387176504314257
day,2026-08-11,current_catalog_text_output,model_permaslug,requests,10,313,modality_metadata_available,10,1.0,0.49180414341838014,0.5222962526330226,1.0,1.0
day,2026-08-11,current_catalog_text_output,model_permaslug,requests,10,313,structured_model_size_available,0,0.0,0.0,0.0,0.0,0.0
day,2026-08-11,current_catalog_text_output,model_permaslug,requests,10,313,text_only_input_capable,3,0.3,0.36857317646622173,0.24993417019624078,0.7494308077690893,0.4785295106680582
day,2026-08-11,current_catalog_text_output,model_permaslug,requests,10,313,non_text_input_capable,7,0.7,0.12323096695215845,0.2723620824367818,0.2505691922309107,0.5214704893319418
day,2026-08-11,current_catalog_text_output,model_permaslug,requests,10,313,text_output_capable,10,1.0,0.49180414341838014,0.5222962526330226,1.0,1.0
day,2026-08-11,current_catalog_text_output,model_permaslug,requests,10,313,non_text_output_capable,0,0.0,0.0,0.0,0.0,0.0
day,2026-08-11,current_catalog_text_output,model_permaslug,requests,10,313,free_service_variant,1,0.1,0.008011302795559129,0.035304937348628974,0.016289620375857378,0.06759561679917898
day,2026-08-11,current_catalog_text_output,model_permaslug,requests,10,313,batch_service_variant,6,0.6,0.11521966415659932,0.2370571450881528,0.23427957185505327,0.4538748725327628
day,2026-08-11,current_catalog_text_output,model_permaslug,requests,10,313,thinking_service_variant,0,0.0,0.0,0.0,0.0,0.0
day,2026-08-11,current_catalog_text_output,model_permaslug,requests,10,313,observed_non_text_activity,0,0.0,0.0,0.0,0.0,0.0
day,2026-08-11,current_catalog_text_output,model_permaslug,requests,20,313,catalog_match,20,1.0,0.6781375466184739,0.7029154560390329,1.0,1.0
day,2026-08-11,current_catalog_text_output,model_permaslug,requests,20,313,hugging_face_id_available,12,0.6,0.5566571425700341,0.43827727539487665,0.8208617047467719,0.6235134988560261
day,2026-08-11,current_catalog_text_output,model_permaslug,requests,20,313,tokenizer_known_non_other,16,0.8,0.4141671863638304,0.6170427965124791,0.6107421546396758,0.8778335875405969
day,2026-08-11,current_catalog_text_output,model_permaslug,requests,20,313,modality_metadata_available,20,1.0,0.6781375466184739,0.7029154560390329,1.0,1.0
day,2026-08-11,current_catalog_text_output,model_permaslug,requests,20,313,structured_model_size_available,0,0.0,0.0,0.0,0.0,0.0
day,2026-08-11,current_catalog_text_output,model_permaslug,requests,20,313,text_only_input_capable,10,0.5,0.4809254414150608,0.38386939390761865,0.7091856863156902,0.5461103331981683
day,2026-08-11,current_catalog_text_output,model_permaslug,requests,20,313,non_text_input_capable,10,0.5,0.19721210520341315,0.3190460621314143,0.2908143136843098,0.45388966680183174
day,2026-08-11,current_catalog_text_output,model_permaslug,requests,20,313,text_output_capable,20,1.0,0.6781375466184739,0.7029154560390329,1.0,1.0
day,2026-08-11,current_catalog_text_output,model_permaslug,requests,20,313,non_text_output_capable,0,0.0,0.0,0.0,0.0,0.0
day,2026-08-11,current_catalog_text_output,model_permaslug,requests,20,313,free_service_variant,2,0.1,0.013883531518796085,0.0568207551417398,0.02047303174411471,0.08083583118505867
day,2026-08-11,current_catalog_text_output,model_permaslug,requests,20,313,batch_service_variant,8,0.4,0.17586867623775967,0.26441873748518485,0.2593407150433228,0.37617431116851363
day,2026-08-11,current_catalog_text_output,model_permaslug,requests,20,313,thinking_service_variant,0,0.0,0.0,0.0,0.0,0.0
day,2026-08-11,current_catalog_text_output,model_permaslug,requests,20,313,observed_non_text_activity,0,0.0,0.0,0.0,0.0,0.0
day,2026-08-11,current_catalog_text_output,model_permaslug,requests,25,313,catalog_match,25,1.0,0.7138727515693615,0.7434089173798277,1.0,1.0
day,2026-08-11,current_catalog_text_output,model_permaslug,requests,25,313,hugging_face_id_available,13,0.52,0.5590010602301873,0.4467673766332997,0.7830542053906555,0.6009712369444637
day,2026-08-11,current_catalog_text_output,model_permaslug,requests,25,313,tokenizer_known_non_other,21,0.84,0.44990239131471793,0.6575362578532737,0.6302277126079723,0.8844879883480342
day,2026-08-11,current_catalog_text_output,model_permaslug,requests,25,313,modality_metadata_available,25,1.0,0.7138727515693615,0.7434089173798277,1.0,1.0
day,2026-08-11,current_catalog_text_output,model_permaslug,requests,25,313,structured_model_size_available,0,0.0,0.0,0.0,0.0,0.0
day,2026-08-11,current_catalog_text_output,model_permaslug,requests,25,313,text_only_input_capable,11,0.44,0.48326935907521396,0.3923594951460417,0.6769684905507398,0.5277842193888759
day,2026-08-11,current_catalog_text_output,model_permaslug,requests,25,313,non_text_input_capable,14,0.56,0.23060339249414752,0.351049422233786,0.3230315094492601,0.4722157806111241
day,2026-08-11,current_catalog_text_output,model_permaslug,requests,25,313,text_output_capable,25,1.0,0.7138727515693615,0.7434089173798277,1.0,1.0
day,2026-08-11,current_catalog_text_output,model_permaslug,requests,25,313,non_text_output_capable,0,0.0,0.0,0.0,0.0,0.0
day,2026-08-11,current_catalog_text_output,model_permaslug,requests,25,313,free_service_variant,3,0.12,0.016227449178949256,0.06531085638016283,0.0227315710583927,0.08785320548797472
day,2026-08-11,current_catalog_text_output,model_permaslug,requests,25,313,batch_service_variant,11,0.44,0.19777217710019473,0.28855625387437933,0.2770412187121821,0.3881528014103013
day,2026-08-11,current_catalog_text_output,model_permaslug,requests,25,313,thinking_service_variant,0,0.0,0.0,0.0,0.0,0.0
day,2026-08-11,current_catalog_text_output,model_permaslug,requests,25,313,observed_non_text_activity,0,0.0,0.0,0.0,0.0,0.0
day,2026-08-11,current_catalog_text_output,model_permaslug,requests,30,313,catalog_match,30,1.0,0.7520770132517601,0.776768579766516,1.0,1.0
day,2026-08-11,current_catalog_text_output,model_permaslug,requests,30,313,hugging_face_id_available,16,0.5333333333333333,0.5802019487296306,0.46741764010391984,0.7714661377842248,0.6017463273867463
day,2026-08-11,current_catalog_text_output,model_permaslug,requests,30,313,tokenizer_known_non_other,25,0.8333333333333334,0.46861102447697184,0.6835690540634389,0.6230891467495269,0.8800163547667036
day,2026-08-11,current_catalog_text_output,model_permaslug,requests,30,313,modality_metadata_available,30,1.0,0.7520770132517601,0.776768579766516,1.0,1.0
day,2026-08-11,current_catalog_text_output,model_permaslug,requests,30,313,structured_model_size_available,0,0.0,0.0,0.0,0.0,0.0
day,2026-08-11,current_catalog_text_output,model_permaslug,requests,30,313,text_only_input_capable,12,0.4,0.4842854901558948,0.39845506674708736,0.6439307166987946,0.5129649642456656
day,2026-08-11,current_catalog_text_output,model_permaslug,requests,30,313,non_text_input_capable,18,0.6,0.26779152309586535,0.37831351301942867,0.35606928330120535,0.4870350357543344
day,2026-08-11,current_catalog_text_output,model_permaslug,requests,30,313,text_output_capable,30,1.0,0.7520770132517601,0.776768579766516,1.0,1.0
day,2026-08-11,current_catalog_text_output,model_permaslug,requests,30,313,non_text_output_capable,0,0.0,0.0,0.0,0.0,0.0
day,2026-08-11,current_catalog_text_output,model_permaslug,requests,30,313,free_service_variant,3,0.1,0.016227449178949256,0.06531085638016283,0.021576845047805056,0.08408019850621945
day,2026-08-11,current_catalog_text_output,model_permaslug,requests,30,313,batch_service_variant,13,0.43333333333333335,0.2333856074117439,0.3019509654792437,0.31032142094418375,0.38872705892661785
day,2026-08-11,current_catalog_text_output,model_permaslug,requests,30,313,thinking_service_variant,0,0.0,0.0,0.0,0.0,0.0
day,2026-08-11,current_catalog_text_output,model_permaslug,requests,30,313,observed_non_text_activity,0,0.0,0.0,0.0,0.0,0.0
day,2026-08-11,current_catalog_text_output,model_permaslug,requests,50,313,catalog_match,50,1.0,0.9032189973846544,0.874287057524842,1.0,1.0
day,2026-08-11,current_catalog_text_output,model_permaslug,requests,50,313,hugging_face_id_available,23,0.46,0.6598743382994406,0.4995006260810059,0.7305806678227115,0.5713233677450533
day,2026-08-11,current_catalog_text_output,model_permaslug,requests,50,313,tokenizer_known_non_other,41,0.82,0.5411829182835923,0.7624324209702728,0.5991713193042135,0.8720618867775117
day,2026-08-11,current_catalog_text_output,model_permaslug,requests,50,313,modality_metadata_available,50,1.0,0.9032189973846544,0.874287057524842,1.0,1.0
day,2026-08-11,current_catalog_text_output,model_permaslug,requests,50,313,structured_model_size_available,0,0.0,0.0,0.0,0.0,0.0
day,2026-08-11,current_catalog_text_output,model_permaslug,requests,50,313,text_only_input_capable,17,0.34,0.5275428390698975,0.42246672822044684,0.584069689186611,0.4832128356291524
day,2026-08-11,current_catalog_text_output,model_permaslug,requests,50,313,non_text_input_capable,33,0.66,0.3756761583147569,0.45182032930439525,0.415930310813389,0.5167871643708476
day,2026-08-11,current_catalog_text_output,model_permaslug,requests,50,313,text_output_capable,50,1.0,0.9032189973846544,0.874287057524842,1.0,1.0
day,2026-08-11,current_catalog_text_output,model_permaslug,requests,50,313,non_text_output_capable,0,0.0,0.0,0.0,0.0,0.0
day,2026-08-11,current_catalog_text_output,model_permaslug,requests,50,313,free_service_variant,5,0.1,0.05782863012922943,0.07512927725151754,0.06402503744571032,0.0859320478381699
day,2026-08-11,current_catalog_text_output,model_permaslug,requests,50,313,batch_service_variant,20,0.4,0.29706074898282475,0.3357045791190646,0.3288911657560224,0.38397523585613164
day,2026-08-11,current_catalog_text_output,model_permaslug,requests,50,313,thinking_service_variant,0,0.0,0.0,0.0,0.0,0.0
day,2026-08-11,current_catalog_text_output,model_permaslug,requests,50,313,observed_non_text_activity,0,0.0,0.0,0.0,0.0,0.0
day,2026-08-11,current_catalog_text_output,model_permaslug,requests,75,313,catalog_match,75,1.0,0.9509275842369412,0.9362391071642885,1.0,1.0
day,2026-08-11,current_catalog_text_output,model_permaslug,requests,75,313,hugging_face_id_available,37,0.49333333333333335,0.6793468958278359,0.5351967033454897,0.7144044479191005,0.5716453192886921
day,2026-08-11,current_catalog_text_output,model_permaslug,requests,75,313,tokenizer_known_non_other,62,0.8266666666666667,0.5747661348368035,0.8147655934611373,0.6044268189969656,0.8702537495244413
day,2026-08-11,current_catalog_text_output,model_permaslug,requests,75,313,modality_metadata_available,75,1.0,0.9509275842369412,0.9362391071642885,1.0,1.0
day,2026-08-11,current_catalog_text_output,model_permaslug,requests,75,313,structured_model_size_available,0,0.0,0.0,0.0,0.0,0.0
day,2026-08-11,current_catalog_text_output,model_permaslug,requests,75,313,text_only_input_capable,24,0.32,0.5417706959034402,0.44015602475121857,0.56972865745416,0.4701320649640213
day,2026-08-11,current_catalog_text_output,model_permaslug,requests,75,313,non_text_input_capable,51,0.68,0.4091568883335011,0.4960830824130699,0.43027134254584004,0.5298679350359787
day,2026-08-11,current_catalog_text_output,model_permaslug,requests,75,313,text_output_capable,75,1.0,0.9509275842369412,0.9362391071642885,1.0,1.0
day,2026-08-11,current_catalog_text_output,model_permaslug,requests,75,313,non_text_output_capable,0,0.0,0.0,0.0,0.0,0.0
day,2026-08-11,current_catalog_text_output,model_permaslug,requests,75,313,free_service_variant,6,0.08,0.0625758145703113,0.07740295247997758,0.06580502617402187,0.08267434236369187
day,2026-08-11,current_catalog_text_output,model_permaslug,requests,75,313,batch_service_variant,26,0.3466666666666667,0.3080474582718054,0.34964936303188776,0.3239441818474472,0.3734616086385423
day,2026-08-11,current_catalog_text_output,model_permaslug,requests,75,313,thinking_service_variant,0,0.0,0.0,0.0,0.0,0.0
day,2026-08-11,current_catalog_text_output,model_permaslug,requests,75,313,observed_non_text_activity,0,0.0,0.0,0.0,0.0,0.0
day,2026-08-11,current_catalog_text_output,model_permaslug,requests,100,313,catalog_match,100,1.0,0.9764340856586863,0.9668135500764613,1.0,1.0
day,2026-08-11,current_catalog_text_output,model_permaslug,requests,100,313,hugging_face_id_available,54,0.54,0.6914372267661982,0.5554871139898646,0.7081248359941943,0.5745545394413777
day,2026-08-11,current_catalog_text_output,model_permaslug,requests,100,313,tokenizer_known_non_other,80,0.8,0.5933223658366642,0.8372336057296874,0.6076420052833559,0.8659721470220128
day,2026-08-11,current_catalog_text_output,model_permaslug,requests,100,313,modality_metadata_available,100,1.0,0.9764340856586863,0.9668135500764613,1.0,1.0
day,2026-08-11,current_catalog_text_output,model_permaslug,requests,100,313,structured_model_size_available,0,0.0,0.0,0.0,0.0,0.0
day,2026-08-11,current_catalog_text_output,model_permaslug,requests,100,313,text_only_input_capable,33,0.33,0.5508036836878215,0.4502746729470739,0.5640971487760574,0.4657306188059358
day,2026-08-11,current_catalog_text_output,model_permaslug,requests,100,313,non_text_input_capable,67,0.67,0.42563040197086477,0.5165388771293874,0.4359028512239426,0.5342693811940642
day,2026-08-11,current_catalog_text_output,model_permaslug,requests,100,313,text_output_capable,100,1.0,0.9764340856586863,0.9668135500764613,1.0,1.0
day,2026-08-11,current_catalog_text_output,model_permaslug,requests,100,313,non_text_output_capable,0,0.0,0.0,0.0,0.0,0.0
day,2026-08-11,current_catalog_text_output,model_permaslug,requests,100,313,free_service_variant,8,0.08,0.06659179285310346,0.07968746434636086,0.0681989637919919,0.08242278393808063
day,2026-08-11,current_catalog_text_output,model_permaslug,requests,100,313,batch_service_variant,29,0.29,0.31546169018175296,0.3537832946764805,0.323075253941947,0.3659271166074382
day,2026-08-11,current_catalog_text_output,model_permaslug,requests,100,313,thinking_service_variant,0,0.0,0.0,0.0,0.0,0.0
day,2026-08-11,current_catalog_text_output,model_permaslug,requests,100,313,observed_non_text_activity,0,0.0,0.0,0.0,0.0,0.0
day,2026-08-11,current_catalog_text_output,model_permaslug,requests,200,313,catalog_match,200,1.0,0.9986968058323307,0.9976802297612135,1.0,1.0
day,2026-08-11,current_catalog_text_output,model_permaslug,requests,200,313,hugging_face_id_available,111,0.555,0.7054994990347176,0.5753180521791148,0.7064201015910355,0.5766557610516272
day,2026-08-11,current_catalog_text_output,model_permaslug,requests,200,313,tokenizer_known_non_other,141,0.705,0.6009833627258241,0.855340926106126,0.6017675827299303,0.8573297341081367
day,2026-08-11,current_catalog_text_output,model_permaslug,requests,200,313,modality_metadata_available,200,1.0,0.9986968058323307,0.9976802297612135,1.0,1.0
day,2026-08-11,current_catalog_text_output,model_permaslug,requests,200,313,structured_model_size_available,0,0.0,0.0,0.0,0.0,0.0
day,2026-08-11,current_catalog_text_output,model_permaslug,requests,200,313,text_only_input_capable,83,0.415,0.5635098502634895,0.46517265904834526,0.564245171279837,0.4662542618085962
day,2026-08-11,current_catalog_text_output,model_permaslug,requests,200,313,non_text_input_capable,117,0.585,0.4351869555688412,0.5325075707128683,0.435754828720163,0.5337457381914038
day,2026-08-11,current_catalog_text_output,model_permaslug,requests,200,313,text_output_capable,200,1.0,0.9986968058323307,0.9976802297612135,1.0,1.0
day,2026-08-11,current_catalog_text_output,model_permaslug,requests,200,313,non_text_output_capable,6,0.03,0.00018554953086540244,0.0013047583430570468,0.00018579165346459915,0.0013077921202962295
day,2026-08-11,current_catalog_text_output,model_permaslug,requests,200,313,free_service_variant,15,0.075,0.07305421073825075,0.08267057615188754,0.07314953879057032,0.08286279880646132
day,2026-08-11,current_catalog_text_output,model_permaslug,requests,200,313,batch_service_variant,34,0.17,0.3170891969023758,0.355001161352012,0.31750296491447005,0.3558265973026032
day,2026-08-11,current_catalog_text_output,model_permaslug,requests,200,313,thinking_service_variant,0,0.0,0.0,0.0,0.0,0.0
day,2026-08-11,current_catalog_text_output,model_permaslug,requests,200,313,observed_non_text_activity,0,0.0,0.0,0.0,0.0,0.0
day,2026-08-11,current_catalog_text_output,model_permaslug,requests,313,313,catalog_match,313,1.0,1.0,1.0,1.0,1.0
day,2026-08-11,current_catalog_text_output,model_permaslug,requests,313,313,hugging_face_id_available,147,0.4696485623003195,0.7058634662392819,0.5762961311448631,0.7058634662392819,0.5762961311448631
day,2026-08-11,current_catalog_text_output,model_permaslug,requests,313,313,tokenizer_known_non_other,210,0.670926517571885,0.6016014632249581,0.8567802464025431,0.6016014632249581,0.8567802464025431
day,2026-08-11,current_catalog_text_output,model_permaslug,requests,313,313,modality_metadata_available,313,1.0,1.0,1.0,1.0,1.0
day,2026-08-11,current_catalog_text_output,model_permaslug,requests,313,313,structured_model_size_available,0,0.0,0.0,0.0,0.0,0.0
day,2026-08-11,current_catalog_text_output,model_permaslug,requests,313,313,text_only_input_capable,136,0.43450479233226835,0.5641277543737058,0.4663656208166569,0.5641277543737058,0.4663656208166569
day,2026-08-11,current_catalog_text_output,model_permaslug,requests,313,313,non_text_input_capable,177,0.5654952076677316,0.4358722456262943,0.5336343791833431,0.4358722456262943,0.5336343791833431
day,2026-08-11,current_catalog_text_output,model_permaslug,requests,313,313,text_output_capable,313,1.0,1.0,1.0,1.0,1.0
day,2026-08-11,current_catalog_text_output,model_permaslug,requests,313,313,non_text_output_capable,13,0.04153354632587859,0.0002155016430994455,0.0014185256668888323,0.0002155016430994455,0.0014185256668888323
day,2026-08-11,current_catalog_text_output,model_permaslug,requests,313,313,free_service_variant,16,0.051118210862619806,0.0730672452454696,0.08268640833262499,0.0730672452454696,0.08268640833262499
day,2026-08-11,current_catalog_text_output,model_permaslug,requests,313,313,batch_service_variant,34,0.10862619808306709,0.3170891969023758,0.355001161352012,0.3170891969023758,0.355001161352012
day,2026-08-11,current_catalog_text_output,model_permaslug,requests,313,313,thinking_service_variant,1,0.003194888178913738,2.959587917046292e-06,2.8285461697945454e-05,2.959587917046292e-06,2.8285461697945454e-05
day,2026-08-11,current_catalog_text_output,model_permaslug,requests,313,313,observed_non_text_activity,0,0.0,0.0,0.0,0.0,0.0
day,2026-08-11,all_observed,model_permaslug,total_tokens,1,439,catalog_match,1,1.0,0.16132563672736577,0.08112656409142883,1.0,1.0
day,2026-08-11,all_observed,model_permaslug,total_tokens,1,439,hugging_face_id_available,1,1.0,0.16132563672736577,0.08112656409142883,1.0,1.0
day,2026-08-11,all_observed,model_permaslug,total_tokens,1,439,tokenizer_known_non_other,1,1.0,0.16132563672736577,0.08112656409142883,1.0,1.0
day,2026-08-11,all_observed,model_permaslug,total_tokens,1,439,modality_metadata_available,1,1.0,0.16132563672736577,0.08112656409142883,1.0,1.0
day,2026-08-11,all_observed,model_permaslug,total_tokens,1,439,structured_model_size_available,0,0.0,0.0,0.0,0.0,0.0
day,2026-08-11,all_observed,model_permaslug,total_tokens,1,439,text_only_input_capable,1,1.0,0.16132563672736577,0.08112656409142883,1.0,1.0
day,2026-08-11,all_observed,model_permaslug,total_tokens,1,439,non_text_input_capable,0,0.0,0.0,0.0,0.0,0.0
day,2026-08-11,all_observed,model_permaslug,total_tokens,1,439,text_output_capable,1,1.0,0.16132563672736577,0.08112656409142883,1.0,1.0
day,2026-08-11,all_observed,model_permaslug,total_tokens,1,439,non_text_output_capable,0,0.0,0.0,0.0,0.0,0.0
day,2026-08-11,all_observed,model_permaslug,total_tokens,1,439,free_service_variant,0,0.0,0.0,0.0,0.0,0.0
day,2026-08-11,all_observed,model_permaslug,total_tokens,1,439,batch_service_variant,0,0.0,0.0,0.0,0.0,0.0
day,2026-08-11,all_observed,model_permaslug,total_tokens,1,439,thinking_service_variant,0,0.0,0.0,0.0,0.0,0.0
day,2026-08-11,all_observed,model_permaslug,total_tokens,1,439,observed_non_text_activity,0,0.0,0.0,0.0,0.0,0.0
day,2026-08-11,all_observed,model_permaslug,total_tokens,2,439,catalog_match,2,1.0,0.2995269608565602,0.11094384440932104,1.0,1.0
day,2026-08-11,all_observed,model_permaslug,total_tokens,2,439,hugging_face_id_available,2,1.0,0.2995269608565602,0.11094384440932104,1.0,1.0
day,2026-08-11,all_observed,model_permaslug,total_tokens,2,439,tokenizer_known_non_other,1,0.5,0.16132563672736577,0.08112656409142883,0.5386013875546337,0.731239885577761
day,2026-08-11,all_observed,model_permaslug,total_tokens,2,439,modality_metadata_available,2,1.0,0.2995269608565602,0.11094384440932104,1.0,1.0
day,2026-08-11,all_observed,model_permaslug,total_tokens,2,439,structured_model_size_available,0,0.0,0.0,0.0,0.0,0.0
day,2026-08-11,all_observed,model_permaslug,total_tokens,2,439,text_only_input_capable,2,1.0,0.2995269608565602,0.11094384440932104,1.0,1.0
day,2026-08-11,all_observed,model_permaslug,total_tokens,2,439,non_text_input_capable,0,0.0,0.0,0.0,0.0,0.0
day,2026-08-11,all_observed,model_permaslug,total_tokens,2,439,text_output_capable,2,1.0,0.2995269608565602,0.11094384440932104,1.0,1.0
day,2026-08-11,all_observed,model_permaslug,total_tokens,2,439,non_text_output_capable,0,0.0,0.0,0.0,0.0,0.0
day,2026-08-11,all_observed,model_permaslug,total_tokens,2,439,free_service_variant,0,0.0,0.0,0.0,0.0,0.0
day,2026-08-11,all_observed,model_permaslug,total_tokens,2,439,batch_service_variant,0,0.0,0.0,0.0,0.0,0.0
day,2026-08-11,all_observed,model_permaslug,total_tokens,2,439,thinking_service_variant,0,0.0,0.0,0.0,0.0,0.0
day,2026-08-11,all_observed,model_permaslug,total_tokens,2,439,observed_non_text_activity,0,0.0,0.0,0.0,0.0,0.0
day,2026-08-11,all_observed,model_permaslug,total_tokens,5,439,catalog_match,5,1.0,0.5052850613855059,0.2948007511734854,1.0,1.0
day,2026-08-11,all_observed,model_permaslug,total_tokens,5,439,hugging_face_id_available,4,0.8,0.4306888597957502,0.24812730959908447,0.8523680842944162,0.8416780100165537
day,2026-08-11,all_observed,model_permaslug,total_tokens,5,439,tokenizer_known_non_other,3,0.6,0.3027320094411642,0.24968745216527297,0.5991311292898002,0.8469702033368834
day,2026-08-11,all_observed,model_permaslug,total_tokens,5,439,modality_metadata_available,5,1.0,0.5052850613855059,0.2948007511734854,1.0,1.0
day,2026-08-11,all_observed,model_permaslug,total_tokens,5,439,structured_model_size_available,0,0.0,0.0,0.0,0.0,0.0
day,2026-08-11,all_observed,model_permaslug,total_tokens,5,439,text_only_input_capable,3,0.6,0.3663371319806029,0.23283129090876417,0.7250108106819864,0.789792054402693
day,2026-08-11,all_observed,model_permaslug,total_tokens,5,439,non_text_input_capable,2,0.4,0.13894792940490303,0.06196946026472127,0.27498918931801364,0.21020794559730702
day,2026-08-11,all_observed,model_permaslug,total_tokens,5,439,text_output_capable,5,1.0,0.5052850613855059,0.2948007511734854,1.0,1.0
day,2026-08-11,all_observed,model_permaslug,total_tokens,5,439,non_text_output_capable,0,0.0,0.0,0.0,0.0,0.0
day,2026-08-11,all_observed,model_permaslug,total_tokens,5,439,free_service_variant,0,0.0,0.0,0.0,0.0,0.0
day,2026-08-11,all_observed,model_permaslug,total_tokens,5,439,batch_service_variant,1,0.2,0.07459620158975572,0.04667344157440099,0.14763191570558373,0.15832198998344624
day,2026-08-11,all_observed,model_permaslug,total_tokens,5,439,thinking_service_variant,0,0.0,0.0,0.0,0.0,0.0
day,2026-08-11,all_observed,model_permaslug,total_tokens,5,439,observed_non_text_activity,0,0.0,0.0,0.0,0.0,0.0
day,2026-08-11,all_observed,model_permaslug,total_tokens,10,439,catalog_match,10,1.0,0.6645024454718577,0.3511353805949349,1.0,1.0
day,2026-08-11,all_observed,model_permaslug,total_tokens,10,439,hugging_face_id_available,8,0.8,0.5668839806942221,0.29924316500085524,0.8530954017658768,0.8522159302028814
day,2026-08-11,all_observed,model_permaslug,total_tokens,10,439,tokenizer_known_non_other,5,0.5,0.36269373767637036,0.2785357100300439,0.5458124949695626,0.7932430778069585
day,2026-08-11,all_observed,model_permaslug,total_tokens,10,439,modality_metadata_available,10,1.0,0.6645024454718577,0.3511353805949349,1.0,1.0
day,2026-08-11,all_observed,model_permaslug,total_tokens,10,439,structured_model_size_available,0,0.0,0.0,0.0,0.0,0.0
day,2026-08-11,all_observed,model_permaslug,total_tokens,10,439,text_only_input_capable,6,0.6,0.48134776006382507,0.2792309395348271,0.7243731958307905,0.795223024981764
day,2026-08-11,all_observed,model_permaslug,total_tokens,10,439,non_text_input_capable,4,0.4,0.1831546854080325,0.07190444106010778,0.27562680416920954,0.204776975018236
day,2026-08-11,all_observed,model_permaslug,total_tokens,10,439,text_output_capable,10,1.0,0.6645024454718577,0.3511353805949349,1.0,1.0
day,2026-08-11,all_observed,model_permaslug,total_tokens,10,439,non_text_output_capable,0,0.0,0.0,0.0,0.0,0.0
day,2026-08-11,all_observed,model_permaslug,total_tokens,10,439,free_service_variant,1,0.1,0.021134075270664382,0.0054308110261117775,0.03180436041233415,0.015466430688101718
day,2026-08-11,all_observed,model_permaslug,total_tokens,10,439,batch_service_variant,3,0.3,0.154555552542867,0.06923156934893847,0.23258838789241534,0.19716489187628486
day,2026-08-11,all_observed,model_permaslug,total_tokens,10,439,thinking_service_variant,0,0.0,0.0,0.0,0.0,0.0
day,2026-08-11,all_observed,model_permaslug,total_tokens,10,439,observed_non_text_activity,0,0.0,0.0,0.0,0.0,0.0
day,2026-08-11,all_observed,model_permaslug,total_tokens,20,439,catalog_match,20,1.0,0.8132460445201072,0.48251513603252605,1.0,1.0
day,2026-08-11,all_observed,model_permaslug,total_tokens,20,439,hugging_face_id_available,11,0.55,0.6220361904121983,0.3133001895956589,0.7648806835319549,0.6493064490614022
day,2026-08-11,all_observed,model_permaslug,total_tokens,20,439,tokenizer_known_non_other,12,0.6,0.4562851270066438,0.3958584408728314,0.5610665186522925,0.8204062656516268
day,2026-08-11,all_observed,model_permaslug,total_tokens,20,439,modality_metadata_available,20,1.0,0.8132460445201072,0.48251513603252605,1.0,1.0
day,2026-08-11,all_observed,model_permaslug,total_tokens,20,439,structured_model_size_available,0,0.0,0.0,0.0,0.0,0.0
day,2026-08-11,all_observed,model_permaslug,total_tokens,20,439,text_only_input_capable,7,0.35,0.5015624814214157,0.2829466793959675,0.6167413721850752,0.5863995930210452
day,2026-08-11,all_observed,model_permaslug,total_tokens,20,439,non_text_input_capable,13,0.65,0.31168356309869155,0.19956845663655853,0.3832586278149248,0.41360040697895484
day,2026-08-11,all_observed,model_permaslug,total_tokens,20,439,text_output_capable,20,1.0,0.8132460445201072,0.48251513603252605,1.0,1.0
day,2026-08-11,all_observed,model_permaslug,total_tokens,20,439,non_text_output_capable,0,0.0,0.0,0.0,0.0,0.0
day,2026-08-11,all_observed,model_permaslug,total_tokens,20,439,free_service_variant,2,0.1,0.04134879662825497,0.009146550887252209,0.05084414108974204,0.018955987500121955
day,2026-08-11,all_observed,model_permaslug,total_tokens,20,439,batch_service_variant,10,0.5,0.2561062023201607,0.18605220463779895,0.31491847276218576,0.3855883282079202
day,2026-08-11,all_observed,model_permaslug,total_tokens,20,439,thinking_service_variant,0,0.0,0.0,0.0,0.0,0.0
day,2026-08-11,all_observed,model_permaslug,total_tokens,20,439,observed_non_text_activity,0,0.0,0.0,0.0,0.0,0.0
day,2026-08-11,all_observed,model_permaslug,total_tokens,25,439,catalog_match,25,1.0,0.8536575388901555,0.5801891294565318,1.0,1.0
day,2026-08-11,all_observed,model_permaslug,total_tokens,25,439,hugging_face_id_available,13,0.52,0.6370139083373316,0.37091029972483297,0.7462171647491295,0.6392920530453025
day,2026-08-11,all_observed,model_permaslug,total_tokens,25,439,tokenizer_known_non_other,17,0.68,0.4966966213766921,0.49353243429683713,0.5818452936319756,0.8506406087944689
day,2026-08-11,all_observed,model_permaslug,total_tokens,25,439,modality_metadata_available,25,1.0,0.8536575388901555,0.5801891294565318,1.0,1.0
day,2026-08-11,all_observed,model_permaslug,total_tokens,25,439,structured_model_size_available,0,0.0,0.0,0.0,0.0,0.0
day,2026-08-11,all_observed,model_permaslug,total_tokens,25,439,text_only_input_capable,8,0.32,0.5085774991910691,0.3076677526564327,0.5957629096233055,0.5302887231696805
day,2026-08-11,all_observed,model_permaslug,total_tokens,25,439,non_text_input_capable,17,0.68,0.3450800396990864,0.2725213768000991,0.4042370903766945,0.4697112768303195
day,2026-08-11,all_observed,model_permaslug,total_tokens,25,439,text_output_capable,25,1.0,0.8536575388901555,0.5801891294565318,1.0,1.0
day,2026-08-11,all_observed,model_permaslug,total_tokens,25,439,non_text_output_capable,0,0.0,0.0,0.0,0.0,0.0
day,2026-08-11,all_observed,model_permaslug,total_tokens,25,439,free_service_variant,3,0.12,0.04931149678373491,0.0420355877559611,0.057764963743944714,0.07245152592799559
day,2026-08-11,all_observed,model_permaslug,total_tokens,25,439,batch_service_variant,12,0.48,0.2732615810827939,0.22389292797552923,0.32010679767212347,0.3858964544634811
day,2026-08-11,all_observed,model_permaslug,total_tokens,25,439,thinking_service_variant,0,0.0,0.0,0.0,0.0,0.0
day,2026-08-11,all_observed,model_permaslug,total_tokens,25,439,observed_non_text_activity,0,0.0,0.0,0.0,0.0,0.0
day,2026-08-11,all_observed,model_permaslug,total_tokens,30,439,catalog_match,30,1.0,0.8824069144761422,0.6426522657620461,1.0,1.0
day,2026-08-11,all_observed,model_permaslug,total_tokens,30,439,hugging_face_id_available,16,0.5333333333333333,0.6542947713750957,0.4051572751950917,0.7414887175533188,0.6304455718593991
day,2026-08-11,all_observed,model_permaslug,total_tokens,30,439,tokenizer_known_non_other,21,0.7,0.5193309644607718,0.5541438311008793,0.5885390922725062,0.8622763205289333
day,2026-08-11,all_observed,model_permaslug,total_tokens,30,439,modality_metadata_available,30,1.0,0.8824069144761422,0.6426522657620461,1.0,1.0
day,2026-08-11,all_observed,model_permaslug,total_tokens,30,439,structured_model_size_available,0,0.0,0.0,0.0,0.0,0.0
day,2026-08-11,all_observed,model_permaslug,total_tokens,30,439,text_only_input_capable,10,0.3333333333333333,0.5200217588996653,0.3218712277609975,0.5893219447497035,0.5008481956868667
day,2026-08-11,all_observed,model_permaslug,total_tokens,30,439,non_text_input_capable,20,0.6666666666666666,0.3623851555764768,0.3207810380010486,0.4106780552502966,0.49915180431313333
day,2026-08-11,all_observed,model_permaslug,total_tokens,30,439,text_output_capable,30,1.0,0.8824069144761422,0.6426522657620461,1.0,1.0
day,2026-08-11,all_observed,model_permaslug,total_tokens,30,439,non_text_output_capable,0,0.0,0.0,0.0,0.0,0.0
day,2026-08-11,all_observed,model_permaslug,total_tokens,30,439,free_service_variant,4,0.13333333333333333,0.055148100112902824,0.06207908812165499,0.06249735718089036,0.09659825605382821
day,2026-08-11,all_observed,model_permaslug,total_tokens,30,439,batch_service_variant,13,0.43333333333333335,0.2796318290334076,0.24982572363133423,0.3168966884166093,0.38874168339715587
day,2026-08-11,all_observed,model_permaslug,total_tokens,30,439,thinking_service_variant,0,0.0,0.0,0.0,0.0,0.0
day,2026-08-11,all_observed,model_permaslug,total_tokens,30,439,observed_non_text_activity,0,0.0,0.0,0.0,0.0,0.0
day,2026-08-11,all_observed,model_permaslug,total_tokens,50,439,catalog_match,50,1.0,0.9398542293943767,0.7660584879191347,1.0,1.0
day,2026-08-11,all_observed,model_permaslug,total_tokens,50,439,hugging_face_id_available,22,0.44,0.6709708932750348,0.41900688873712666,0.7139095322339456,0.5469646186876492
day,2026-08-11,all_observed,model_permaslug,total_tokens,50,439,tokenizer_known_non_other,35,0.7,0.5605078945961696,0.6330603546926002,0.5963774775555883,0.8263864504813453
day,2026-08-11,all_observed,model_permaslug,total_tokens,50,439,modality_metadata_available,50,1.0,0.9398542293943767,0.7660584879191347,1.0,1.0
day,2026-08-11,all_observed,model_permaslug,total_tokens,50,439,structured_model_size_available,0,0.0,0.0,0.0,0.0,0.0
day,2026-08-11,all_observed,model_permaslug,total_tokens,50,439,text_only_input_capable,18,0.36,0.5415167945852141,0.3754354072910499,0.5761710461569735,0.49008713200326937
day,2026-08-11,all_observed,model_permaslug,total_tokens,50,439,non_text_input_capable,32,0.64,0.39833743480916256,0.3906230806280848,0.42382895384302655,0.5099128679967306
day,2026-08-11,all_observed,model_permaslug,total_tokens,50,439,text_output_capable,49,0.98,0.9379140917023627,0.7438877024514092,0.9979357036109056,0.971058625656706
day,2026-08-11,all_observed,model_permaslug,total_tokens,50,439,non_text_output_capable,1,0.02,0.0019401376920139114,0.02217078546772549,0.0020642963890943997,0.028941374343294062
day,2026-08-11,all_observed,model_permaslug,total_tokens,50,439,free_service_variant,9,0.18,0.06936083291791242,0.07469695556355153,0.0737995646012118,0.09750816255094685
day,2026-08-11,all_observed,model_permaslug,total_tokens,50,439,batch_service_variant,22,0.44,0.30660320122937595,0.31107257941255656,0.32622420758477083,0.4060689677331706
day,2026-08-11,all_observed,model_permaslug,total_tokens,50,439,thinking_service_variant,0,0.0,0.0,0.0,0.0,0.0
day,2026-08-11,all_observed,model_permaslug,total_tokens,50,439,observed_non_text_activity,0,0.0,0.0,0.0,0.0,0.0
day,2026-08-11,all_observed,model_permaslug,total_tokens,75,439,catalog_match,75,1.0,0.9720296067279837,0.8714910149104644,1.0,1.0
day,2026-08-11,all_observed,model_permaslug,total_tokens,75,439,hugging_face_id_available,35,0.4666666666666667,0.688559887107899,0.4830549868290729,0.7083733688171373,0.5542856765754506
day,2026-08-11,all_observed,model_permaslug,total_tokens,75,439,tokenizer_known_non_other,50,0.6666666666666666,0.5791139469912986,0.7116439961384432,0.5957780946001164,0.8165821379254912
day,2026-08-11,all_observed,model_permaslug,total_tokens,75,439,modality_metadata_available,75,1.0,0.9720296067279837,0.8714910149104644,1.0,1.0
day,2026-08-11,all_observed,model_permaslug,total_tokens,75,439,structured_model_size_available,0,0.0,0.0,0.0,0.0,0.0
day,2026-08-11,all_observed,model_permaslug,total_tokens,75,439,text_only_input_capable,29,0.38666666666666666,0.554987173220929,0.43386726005233067,0.570957066924237,0.4978447885626284
day,2026-08-11,all_observed,model_permaslug,total_tokens,75,439,non_text_input_capable,46,0.6133333333333333,0.4170424335070545,0.4376237548581338,0.429042933075763,0.5021552114373716
day,2026-08-11,all_observed,model_permaslug,total_tokens,75,439,text_output_capable,73,0.9733333333333334,0.968326511844883,0.833187298506846,0.9961903476422227,0.9560480650422384
day,2026-08-11,all_observed,model_permaslug,total_tokens,75,439,non_text_output_capable,2,0.02666666666666667,0.0037030948831006188,0.03830371640361844,0.003809652357777315,0.04395193495776167
day,2026-08-11,all_observed,model_permaslug,total_tokens,75,439,free_service_variant,11,0.14666666666666667,0.07178090425517619,0.07615032353512981,0.07384641759709654,0.08737935587661035
day,2026-08-11,all_observed,model_permaslug,total_tokens,75,439,batch_service_variant,26,0.3466666666666667,0.3118652062617927,0.3219922994966398,0.32083920500280216,0.36947288496109254
day,2026-08-11,all_observed,model_permaslug,total_tokens,75,439,thinking_service_variant,0,0.0,0.0,0.0,0.0,0.0
day,2026-08-11,all_observed,model_permaslug,total_tokens,75,439,observed_non_text_activity,0,0.0,0.0,0.0,0.0,0.0
day,2026-08-11,all_observed,model_permaslug,total_tokens,100,439,catalog_match,100,1.0,0.9856500140249638,0.9176774457635142,1.0,1.0
day,2026-08-11,all_observed,model_permaslug,total_tokens,100,439,hugging_face_id_available,48,0.48,0.6953748041364551,0.5139698343858337,0.7054987005954055,0.5600767859759341
day,2026-08-11,all_observed,model_permaslug,total_tokens,100,439,tokenizer_known_non_other,69,0.69,0.5893043187126007,0.7554425870917629,0.5978839449371481,0.8232114569005554
day,2026-08-11,all_observed,model_permaslug,total_tokens,100,439,modality_metadata_available,100,1.0,0.9856500140249638,0.9176774457635142,1.0,1.0
day,2026-08-11,all_observed,model_permaslug,total_tokens,100,439,structured_model_size_available,0,0.0,0.0,0.0,0.0,0.0
day,2026-08-11,all_observed,model_permaslug,total_tokens,100,439,text_only_input_capable,38,0.38,0.5597085309970226,0.4578221607005496,0.5678572749280626,0.4988922445616371
day,2026-08-11,all_observed,model_permaslug,total_tokens,100,439,non_text_input_capable,62,0.62,0.42594148302794116,0.4598552850629646,0.4321427250719374,0.5011077554383628
day,2026-08-11,all_observed,model_permaslug,total_tokens,100,439,text_output_capable,98,0.98,0.9819469191418632,0.8793737293598958,0.996242992106317,0.9582601527579775
day,2026-08-11,all_observed,model_permaslug,total_tokens,100,439,non_text_output_capable,2,0.02,0.0037030948831006188,0.03830371640361844,0.0037570078936830713,0.04173984724202247
day,2026-08-11,all_observed,model_permaslug,total_tokens,100,439,free_service_variant,12,0.12,0.07228924232784777,0.07652782971720588,0.07334169461698692,0.08339295039940116
day,2026-08-11,all_observed,model_permaslug,total_tokens,100,439,batch_service_variant,30,0.3,0.3145954620565832,0.32812154782812647,0.31917562783965564,0.35755651328569704
day,2026-08-11,all_observed,model_permaslug,total_tokens,100,439,thinking_service_variant,0,0.0,0.0,0.0,0.0,0.0
day,2026-08-11,all_observed,model_permaslug,total_tokens,100,439,observed_non_text_activity,0,0.0,0.0,0.0,0.0,0.0
day,2026-08-11,all_observed,model_permaslug,total_tokens,200,439,catalog_match,200,1.0,0.9987515655968375,0.986112833148011,1.0,1.0
day,2026-08-11,all_observed,model_permaslug,total_tokens,200,439,hugging_face_id_available,105,0.525,0.7035248617244918,0.5557220674505109,0.7044042642417054,0.5635481547040161
day,2026-08-11,all_observed,model_permaslug,total_tokens,200,439,tokenizer_known_non_other,133,0.665,0.5979729981550047,0.8026956679052251,0.598720461376865,0.8139998192121125
day,2026-08-11,all_observed,model_permaslug,total_tokens,200,439,modality_metadata_available,200,1.0,0.9987515655968375,0.986112833148011,1.0,1.0
day,2026-08-11,all_observed,model_permaslug,total_tokens,200,439,structured_model_size_available,0,0.0,0.0,0.0,0.0,0.0
day,2026-08-11,all_observed,model_permaslug,total_tokens,200,439,text_only_input_capable,87,0.435,0.5653929323252576,0.4865656232191292,0.5660996706296907,0.49341779851484596
day,2026-08-11,all_observed,model_permaslug,total_tokens,200,439,non_text_input_capable,113,0.565,0.4333586332715799,0.4995472099288818,0.43390032937030937,0.506582201485154
day,2026-08-11,all_observed,model_permaslug,total_tokens,200,439,text_output_capable,183,0.915,0.992887513390621,0.9251950798264337,0.9941286177581987,0.9382243580310106
day,2026-08-11,all_observed,model_permaslug,total_tokens,200,439,non_text_output_capable,19,0.095,0.005966056471611481,0.06156029843970884,0.005973514012011849,0.062427235880489665
day,2026-08-11,all_observed,model_permaslug,total_tokens,200,439,free_service_variant,17,0.085,0.07306439013970718,0.07885297954376776,0.07315572025766498,0.0799634452500146
day,2026-08-11,all_observed,model_permaslug,total_tokens,200,439,batch_service_variant,33,0.165,0.3151592423622896,0.33064166595571465,0.31555318982048913,0.3352980053004613
day,2026-08-11,all_observed,model_permaslug,total_tokens,200,439,thinking_service_variant,0,0.0,0.0,0.0,0.0,0.0
day,2026-08-11,all_observed,model_permaslug,total_tokens,200,439,observed_non_text_activity,0,0.0,0.0,0.0,0.0,0.0
day,2026-08-11,all_observed,model_permaslug,total_tokens,439,439,catalog_match,434,0.9886104783599089,0.9999999973213866,0.9999987560331199,0.9999999973213866,0.9999987560331199
day,2026-08-11,all_observed,model_permaslug,total_tokens,439,439,hugging_face_id_available,166,0.37813211845102507,0.7039650069909204,0.5623433917761717,0.7039650069909204,0.5623433917761717
day,2026-08-11,all_observed,model_permaslug,total_tokens,439,439,tokenizer_known_non_other,245,0.5580865603644647,0.5986633897330292,0.8100345514806815,0.5986633897330292,0.8100345514806815
day,2026-08-11,all_observed,model_permaslug,total_tokens,439,439,modality_metadata_available,434,0.9886104783599089,0.9999999973213866,0.9999987560331199,0.9999999973213866,0.9999987560331199
day,2026-08-11,all_observed,model_permaslug,total_tokens,439,439,structured_model_size_available,0,0.0,0.0,0.0,0.0,0.0
day,2026-08-11,all_observed,model_permaslug,total_tokens,439,439,text_only_input_capable,185,0.4214123006833713,0.5660091862265992,0.4939579850386639,0.5660091862265992,0.4939579850386639
day,2026-08-11,all_observed,model_permaslug,total_tokens,439,439,non_text_input_capable,249,0.5671981776765376,0.4339908110947873,0.506040770994456,0.4339908110947873,0.506040770994456
day,2026-08-11,all_observed,model_permaslug,total_tokens,439,439,text_output_capable,313,0.7129840546697038,0.9939332414066119,0.9315704640383988,0.9939332414066119,0.9315704640383988
day,2026-08-11,all_observed,model_permaslug,total_tokens,439,439,non_text_output_capable,134,0.3052391799544419,0.006280950161428887,0.06974974860847506,0.006280950161428887,0.06974974860847506
day,2026-08-11,all_observed,model_permaslug,total_tokens,439,439,free_service_variant,20,0.04555808656036447,0.07309349177753152,0.07907945550654025,0.07309349177753152,0.07907945550654025
day,2026-08-11,all_observed,model_permaslug,total_tokens,439,439,batch_service_variant,34,0.0774487471526196,0.3151654932921978,0.3307085966148643,0.3151654932921978,0.3307085966148643
day,2026-08-11,all_observed,model_permaslug,total_tokens,439,439,thinking_service_variant,1,0.002277904328018223,2.941632811617664e-06,2.6349900679495404e-05,2.941632811617664e-06,2.6349900679495404e-05
day,2026-08-11,all_observed,model_permaslug,total_tokens,439,439,observed_non_text_activity,0,0.0,0.0,0.0,0.0,0.0
day,2026-08-11,all_observed,model_permaslug,requests,1,439,catalog_match,1,1.0,0.06681017112404271,0.12188744649944314,1.0,1.0
day,2026-08-11,all_observed,model_permaslug,requests,1,439,hugging_face_id_available,1,1.0,0.06681017112404271,0.12188744649944314,1.0,1.0
day,2026-08-11,all_observed,model_permaslug,requests,1,439,tokenizer_known_non_other,1,1.0,0.06681017112404271,0.12188744649944314,1.0,1.0
day,2026-08-11,all_observed,model_permaslug,requests,1,439,modality_metadata_available,1,1.0,0.06681017112404271,0.12188744649944314,1.0,1.0
day,2026-08-11,all_observed,model_permaslug,requests,1,439,structured_model_size_available,0,0.0,0.0,0.0,0.0,0.0
day,2026-08-11,all_observed,model_permaslug,requests,1,439,text_only_input_capable,1,1.0,0.06681017112404271,0.12188744649944314,1.0,1.0
day,2026-08-11,all_observed,model_permaslug,requests,1,439,non_text_input_capable,0,0.0,0.0,0.0,0.0,0.0
day,2026-08-11,all_observed,model_permaslug,requests,1,439,text_output_capable,1,1.0,0.06681017112404271,0.12188744649944314,1.0,1.0
day,2026-08-11,all_observed,model_permaslug,requests,1,439,non_text_output_capable,0,0.0,0.0,0.0,0.0,0.0
day,2026-08-11,all_observed,model_permaslug,requests,1,439,free_service_variant,0,0.0,0.0,0.0,0.0,0.0
day,2026-08-11,all_observed,model_permaslug,requests,1,439,batch_service_variant,0,0.0,0.0,0.0,0.0,0.0
day,2026-08-11,all_observed,model_permaslug,requests,1,439,thinking_service_variant,0,0.0,0.0,0.0,0.0,0.0
day,2026-08-11,all_observed,model_permaslug,requests,1,439,observed_non_text_activity,0,0.0,0.0,0.0,0.0,0.0
day,2026-08-11,all_observed,model_permaslug,requests,2,439,catalog_match,2,1.0,0.2281358078514085,0.20301401059087196,1.0,1.0
day,2026-08-11,all_observed,model_permaslug,requests,2,439,hugging_face_id_available,2,1.0,0.2281358078514085,0.20301401059087196,1.0,1.0
day,2026-08-11,all_observed,model_permaslug,requests,2,439,tokenizer_known_non_other,2,1.0,0.2281358078514085,0.20301401059087196,1.0,1.0
day,2026-08-11,all_observed,model_permaslug,requests,2,439,modality_metadata_available,2,1.0,0.2281358078514085,0.20301401059087196,1.0,1.0
day,2026-08-11,all_observed,model_permaslug,requests,2,439,structured_model_size_available,0,0.0,0.0,0.0,0.0,0.0
day,2026-08-11,all_observed,model_permaslug,requests,2,439,text_only_input_capable,2,1.0,0.2281358078514085,0.20301401059087196,1.0,1.0
day,2026-08-11,all_observed,model_permaslug,requests,2,439,non_text_input_capable,0,0.0,0.0,0.0,0.0,0.0
day,2026-08-11,all_observed,model_permaslug,requests,2,439,text_output_capable,2,1.0,0.2281358078514085,0.20301401059087196,1.0,1.0
day,2026-08-11,all_observed,model_permaslug,requests,2,439,non_text_output_capable,0,0.0,0.0,0.0,0.0,0.0
day,2026-08-11,all_observed,model_permaslug,requests,2,439,free_service_variant,0,0.0,0.0,0.0,0.0,0.0
day,2026-08-11,all_observed,model_permaslug,requests,2,439,batch_service_variant,0,0.0,0.0,0.0,0.0,0.0
day,2026-08-11,all_observed,model_permaslug,requests,2,439,thinking_service_variant,0,0.0,0.0,0.0,0.0,0.0
day,2026-08-11,all_observed,model_permaslug,requests,2,439,observed_non_text_activity,0,0.0,0.0,0.0,0.0,0.0
day,2026-08-11,all_observed,model_permaslug,requests,5,439,catalog_match,5,1.0,0.3216129161575199,0.3437379380878701,1.0,1.0
day,2026-08-11,all_observed,model_permaslug,requests,5,439,hugging_face_id_available,3,0.6,0.23609850800688842,0.23590304745958085,0.7341076683974093,0.6862874920698357
day,2026-08-11,all_observed,model_permaslug,requests,5,439,tokenizer_known_non_other,5,1.0,0.3216129161575199,0.3437379380878701,1.0,1.0
day,2026-08-11,all_observed,model_permaslug,requests,5,439,modality_metadata_available,5,1.0,0.3216129161575199,0.3437379380878701,1.0,1.0
day,2026-08-11,all_observed,model_permaslug,requests,5,439,structured_model_size_available,0,0.0,0.0,0.0,0.0,0.0
day,2026-08-11,all_observed,model_permaslug,requests,5,439,text_only_input_capable,2,0.4,0.2281358078514085,0.20301401059087196,0.7093490229716766,0.5906069365522734
day,2026-08-11,all_observed,model_permaslug,requests,5,439,non_text_input_capable,3,0.6,0.09347710830611142,0.14072392749699814,0.29065097702832343,0.40939306344772664
day,2026-08-11,all_observed,model_permaslug,requests,5,439,text_output_capable,5,1.0,0.3216129161575199,0.3437379380878701,1.0,1.0
day,2026-08-11,all_observed,model_permaslug,requests,5,439,non_text_output_capable,0,0.0,0.0,0.0,0.0,0.0
day,2026-08-11,all_observed,model_permaslug,requests,5,439,free_service_variant,1,0.2,0.007962700155479938,0.03288903686870889,0.02475864542573271,0.09568055551756242
day,2026-08-11,all_observed,model_permaslug,requests,5,439,batch_service_variant,2,0.4,0.08551440815063148,0.10783489062828926,0.2658923316025907,0.31371250793016425
day,2026-08-11,all_observed,model_permaslug,requests,5,439,thinking_service_variant,0,0.0,0.0,0.0,0.0,0.0
day,2026-08-11,all_observed,model_permaslug,requests,5,439,observed_non_text_activity,0,0.0,0.0,0.0,0.0,0.0
day,2026-08-11,all_observed,model_permaslug,requests,10,439,catalog_match,10,1.0,0.48882048640503284,0.4865557624308616,1.0,1.0
day,2026-08-11,all_observed,model_permaslug,requests,10,439,hugging_face_id_available,4,0.4,0.37429983213608287,0.26572032777747306,0.7657204281449467,0.5461251274672372
day,2026-08-11,all_observed,model_permaslug,requests,10,439,tokenizer_known_non_other,9,0.9,0.3506191622758384,0.4567384821129694,0.7172759162661568,0.9387176504314257
day,2026-08-11,all_observed,model_permaslug,requests,10,439,modality_metadata_available,10,1.0,0.48882048640503284,0.4865557624308616,1.0,1.0
day,2026-08-11,all_observed,model_permaslug,requests,10,439,structured_model_size_available,0,0.0,0.0,0.0,0.0,0.0
day,2026-08-11,all_observed,model_permaslug,requests,10,439,text_only_input_capable,3,0.3,0.3663371319806029,0.23283129090876417,0.7494308077690893,0.4785295106680582
day,2026-08-11,all_observed,model_permaslug,requests,10,439,non_text_input_capable,7,0.7,0.12248335442442992,0.25372447152209743,0.2505691922309107,0.5214704893319418
day,2026-08-11,all_observed,model_permaslug,requests,10,439,text_output_capable,10,1.0,0.48882048640503284,0.4865557624308616,1.0,1.0
day,2026-08-11,all_observed,model_permaslug,requests,10,439,non_text_output_capable,0,0.0,0.0,0.0,0.0,0.0
day,2026-08-11,all_observed,model_permaslug,requests,10,439,free_service_variant,1,0.1,0.007962700155479938,0.03288903686870889,0.016289620375857378,0.06759561679917898
day,2026-08-11,all_observed,model_permaslug,requests,10,439,batch_service_variant,6,0.6,0.11452065426894999,0.22083543465338853,0.23427957185505327,0.4538748725327628
day,2026-08-11,all_observed,model_permaslug,requests,10,439,thinking_service_variant,0,0.0,0.0,0.0,0.0,0.0
day,2026-08-11,all_observed,model_permaslug,requests,10,439,observed_non_text_activity,0,0.0,0.0,0.0,0.0,0.0
day,2026-08-11,all_observed,model_permaslug,requests,20,439,catalog_match,20,1.0,0.6690533361057336,0.6726173607912966,1.0,1.0
day,2026-08-11,all_observed,model_permaslug,requests,20,439,hugging_face_id_available,12,0.6,0.549713768051174,0.41206736014989065,0.8216292160664156,0.6126326559057538
day,2026-08-11,all_observed,model_permaslug,requests,20,439,tokenizer_known_non_other,14,0.7,0.4029813254194641,0.5543172111043149,0.6023156954347494,0.8241196903573702
day,2026-08-11,all_observed,model_permaslug,requests,20,439,modality_metadata_available,20,1.0,0.6690533361057336,0.6726173607912966,1.0,1.0
day,2026-08-11,all_observed,model_permaslug,requests,20,439,structured_model_size_available,0,0.0,0.0,0.0,0.0,0.0
day,2026-08-11,all_observed,model_permaslug,requests,20,439,text_only_input_capable,11,0.55,0.47638165053698844,0.383553370213185,0.7120234289687536,0.5702400689776368
day,2026-08-11,all_observed,model_permaslug,requests,20,439,non_text_input_capable,9,0.45,0.19267168556874514,0.2890639905781116,0.2879765710312464,0.4297599310223632
day,2026-08-11,all_observed,model_permaslug,requests,20,439,text_output_capable,18,0.9,0.665350241222633,0.6343136443876781,0.9944651723812413,0.9430527389918151
day,2026-08-11,all_observed,model_permaslug,requests,20,439,non_text_output_capable,2,0.1,0.0037030948831006188,0.03830371640361844,0.0055348276187586355,0.056947261008184896
day,2026-08-11,all_observed,model_permaslug,requests,20,439,free_service_variant,2,0.1,0.013799303484647855,0.052932537234402784,0.020625117221547022,0.07869635891070462
day,2026-08-11,all_observed,model_permaslug,requests,20,439,batch_service_variant,7,0.35,0.17145774203418143,0.23817478840824738,0.2562691683628122,0.354101458410244
day,2026-08-11,all_observed,model_permaslug,requests,20,439,thinking_service_variant,0,0.0,0.0,0.0,0.0,0.0
day,2026-08-11,all_observed,model_permaslug,requests,20,439,observed_non_text_activity,0,0.0,0.0,0.0,0.0,0.0
day,2026-08-11,all_observed,model_permaslug,requests,25,439,catalog_match,25,1.0,0.6989241836727216,0.7163260531715716,1.0,1.0
day,2026-08-11,all_observed,model_permaslug,requests,25,439,hugging_face_id_available,14,0.56,0.5573726929354094,0.43232822330339404,0.7974723238313425,0.6035355288129448
day,2026-08-11,all_observed,model_permaslug,requests,25,439,tokenizer_known_non_other,19,0.76,0.43285217298645207,0.5980259034845898,0.6193120557252595,0.8348515328135818
day,2026-08-11,all_observed,model_permaslug,requests,25,439,modality_metadata_available,25,1.0,0.6989241836727216,0.7163260531715716,1.0,1.0
day,2026-08-11,all_observed,model_permaslug,requests,25,439,structured_model_size_available,0,0.0,0.0,0.0,0.0,0.0
day,2026-08-11,all_observed,model_permaslug,requests,25,439,text_only_input_capable,13,0.52,0.48404057542122386,0.40381423336668837,0.6925509042735897,0.5637296473844271
day,2026-08-11,all_observed,model_permaslug,requests,25,439,non_text_input_capable,12,0.48,0.21488360825149777,0.3125118198048832,0.30744909572641027,0.4362703526155729
day,2026-08-11,all_observed,model_permaslug,requests,25,439,text_output_capable,23,0.92,0.695221088789621,0.6780223367679531,0.9947017216321783,0.9465275397508904
day,2026-08-11,all_observed,model_permaslug,requests,25,439,non_text_output_capable,2,0.08,0.0037030948831006188,0.03830371640361844,0.005298278367821696,0.05347246024910961
day,2026-08-11,all_observed,model_permaslug,requests,25,439,free_service_variant,3,0.12,0.0161290011621941,0.06084166478481351,0.023076896663439348,0.08493571400263024
day,2026-08-11,all_observed,model_permaslug,requests,25,439,batch_service_variant,10,0.4,0.19366966471693403,0.26162261763501893,0.27709681427710026,0.365228399102156
day,2026-08-11,all_observed,model_permaslug,requests,25,439,thinking_service_variant,0,0.0,0.0,0.0,0.0,0.0
day,2026-08-11,all_observed,model_permaslug,requests,25,439,observed_non_text_activity,0,0.0,0.0,0.0,0.0,0.0
day,2026-08-11,all_observed,model_permaslug,requests,30,439,catalog_match,30,1.0,0.734187453014231,0.7505873026608014,1.0,1.0
day,2026-08-11,all_observed,model_permaslug,requests,30,439,hugging_face_id_available,16,0.5333333333333333,0.5774349943036462,0.4458869443622695,0.7864953179640536,0.5940507423741628
day,2026-08-11,all_observed,model_permaslug,requests,30,439,tokenizer_known_non_other,23,0.7666666666666667,0.4487380890796748,0.6254616608498087,0.6112037017758416,0.833296351580386
day,2026-08-11,all_observed,model_permaslug,requests,30,439,modality_metadata_available,30,1.0,0.734187453014231,0.7505873026608014,1.0,1.0
day,2026-08-11,all_observed,model_permaslug,requests,30,439,structured_model_size_available,0,0.0,0.0,0.0,0.0,0.0
day,2026-08-11,all_observed,model_permaslug,requests,30,439,text_only_input_capable,13,0.43333333333333335,0.48404057542122386,0.40381423336668837,0.6592874523174963,0.5379976878574729
day,2026-08-11,all_observed,model_permaslug,requests,30,439,non_text_input_capable,17,0.5666666666666667,0.25014687759300713,0.346773069294113,0.34071254768250375,0.46200231214252707
day,2026-08-11,all_observed,model_permaslug,requests,30,439,text_output_capable,28,0.9333333333333333,0.7304843581311304,0.7122835862571829,0.9949561997172556,0.9489683395018363
day,2026-08-11,all_observed,model_permaslug,requests,30,439,non_text_output_capable,2,0.06666666666666667,0.0037030948831006188,0.03830371640361844,0.005043800282744468,0.05103166049816367
day,2026-08-11,all_observed,model_permaslug,requests,30,439,free_service_variant,3,0.1,0.0161290011621941,0.06084166478481351,0.021968505585291533,0.0810587450242394
day,2026-08-11,all_observed,model_permaslug,requests,30,439,batch_service_variant,12,0.4,0.21594969429352573,0.27563597544694857,0.29413427511861867,0.36722706934933524
day,2026-08-11,all_observed,model_permaslug,requests,30,439,thinking_service_variant,0,0.0,0.0,0.0,0.0,0.0
day,2026-08-11,all_observed,model_permaslug,requests,30,439,observed_non_text_activity,0,0.0,0.0,0.0,0.0,0.0
day,2026-08-11,all_observed,model_permaslug,requests,50,439,catalog_match,50,1.0,0.8637507352158008,0.8466803467466886,1.0,1.0
day,2026-08-11,all_observed,model_permaslug,requests,50,439,hugging_face_id_available,22,0.44,0.621969387482787,0.4747440410202133,0.7200797199059903,0.5607122485414772
day,2026-08-11,all_observed,model_permaslug,requests,50,439,tokenizer_known_non_other,38,0.76,0.5353219489422562,0.6999254319699655,0.6197643916430479,0.8266702240808839
day,2026-08-11,all_observed,model_permaslug,requests,50,439,modality_metadata_available,50,1.0,0.8637507352158008,0.8466803467466886,1.0,1.0
day,2026-08-11,all_observed,model_permaslug,requests,50,439,structured_model_size_available,0,0.0,0.0,0.0,0.0,0.0
day,2026-08-11,all_observed,model_permaslug,requests,50,439,text_only_input_capable,21,0.42,0.5084915917961742,0.43962775775549456,0.5887017759459643,0.5192369935652035
day,2026-08-11,all_observed,model_permaslug,requests,50,439,non_text_input_capable,29,0.58,0.3552591434196265,0.407052588991194,0.4112982240540357,0.4807630064347965
day,2026-08-11,all_observed,model_permaslug,requests,50,439,text_output_capable,45,0.9,0.8593867860796258,0.7968943751791594,0.994947675343993,0.9411986214646078
day,2026-08-11,all_observed,model_permaslug,requests,50,439,non_text_output_capable,5,0.1,0.00436394913617498,0.0497859715675292,0.005052324656007018,0.05880137853539225
day,2026-08-11,all_observed,model_permaslug,requests,50,439,free_service_variant,4,0.08,0.03726307643285848,0.06627247581092528,0.04314100690582755,0.07827331302252703
day,2026-08-11,all_observed,model_permaslug,requests,50,439,batch_service_variant,18,0.36,0.2928280225088309,0.30576630997270304,0.3390191296748017,0.361135475917906
day,2026-08-11,all_observed,model_permaslug,requests,50,439,thinking_service_variant,0,0.0,0.0,0.0,0.0,0.0
day,2026-08-11,all_observed,model_permaslug,requests,50,439,observed_non_text_activity,0,0.0,0.0,0.0,0.0,0.0
day,2026-08-11,all_observed,model_permaslug,requests,75,439,catalog_match,75,1.0,0.9353241314688518,0.9163166415678751,1.0,1.0
day,2026-08-11,all_observed,model_permaslug,requests,75,439,hugging_face_id_available,36,0.48,0.6701461556252489,0.5128010003306486,0.7164854760807228,0.5596329664527472
day,2026-08-11,all_observed,model_permaslug,requests,75,439,tokenizer_known_non_other,58,0.7733333333333333,0.5631958461400957,0.7552212719729986,0.6021397579635217,0.8241924654787103
day,2026-08-11,all_observed,model_permaslug,requests,75,439,modality_metadata_available,75,1.0,0.9353241314688518,0.9163166415678751,1.0,1.0
day,2026-08-11,all_observed,model_permaslug,requests,75,439,structured_model_size_available,0,0.0,0.0,0.0,0.0,0.0
day,2026-08-11,all_observed,model_permaslug,requests,75,439,text_only_input_capable,28,0.37333333333333335,0.5365131919032269,0.45960215707124924,0.5736120493979726,0.5015756958040631
day,2026-08-11,all_observed,model_permaslug,requests,75,439,non_text_input_capable,47,0.6266666666666667,0.39881093956562497,0.45671448449662577,0.4263879506020274,0.4984243041959368
day,2026-08-11,all_observed,model_permaslug,requests,75,439,text_output_capable,68,0.9066666666666666,0.9304455521850535,0.8592068465939334,0.9947840763221442,0.9376746068081628
day,2026-08-11,all_observed,model_permaslug,requests,75,439,non_text_output_capable,7,0.09333333333333334,0.004878579283798284,0.05710979497394158,0.005215923677855788,0.06232539319183721
day,2026-08-11,all_observed,model_permaslug,requests,75,439,free_service_variant,6,0.08,0.06219618220952861,0.07210630435971485,0.06649692883669586,0.07869147092683644
day,2026-08-11,all_observed,model_permaslug,requests,75,439,batch_service_variant,23,0.30666666666666664,0.3010940288023071,0.3206682470461744,0.3219141030066903,0.3499535340725571
day,2026-08-11,all_observed,model_permaslug,requests,75,439,thinking_service_variant,0,0.0,0.0,0.0,0.0,0.0
day,2026-08-11,all_observed,model_permaslug,requests,75,439,observed_non_text_activity,0,0.0,0.0,0.0,0.0,0.0
day,2026-08-11,all_observed,model_permaslug,requests,100,439,catalog_match,100,1.0,0.9705575978754671,0.9516184654986279,1.0,1.0
day,2026-08-11,all_observed,model_permaslug,requests,100,439,hugging_face_id_available,51,0.51,0.6852897757365912,0.5331659512952777,0.7060784205251476,0.5602728095612457
day,2026-08-11,all_observed,model_permaslug,requests,100,439,tokenizer_known_non_other,78,0.78,0.5885712871669307,0.7840262823349344,0.6064259230521739,0.8238872098011688
day,2026-08-11,all_observed,model_permaslug,requests,100,439,modality_metadata_available,100,1.0,0.9705575978754671,0.9516184654986279,1.0,1.0
day,2026-08-11,all_observed,model_permaslug,requests,100,439,structured_model_size_available,0,0.0,0.0,0.0,0.0,0.0
day,2026-08-11,all_observed,model_permaslug,requests,100,439,text_only_input_capable,35,0.35,0.5486735443213211,0.4692035820980483,0.5653178600861581,0.4930585093808531
day,2026-08-11,all_observed,model_permaslug,requests,100,439,non_text_input_capable,65,0.65,0.42188405355414615,0.48241488340057964,0.4346821399138419,0.5069414906191468
day,2026-08-11,all_observed,model_permaslug,requests,100,439,text_output_capable,91,0.91,0.9656767189870413,0.892054501139392,0.994971056947975,0.937407725345025
day,2026-08-11,all_observed,model_permaslug,requests,100,439,non_text_output_capable,9,0.09,0.004880878888425901,0.059563964359235944,0.005028943052024996,0.06259227465497497
day,2026-08-11,all_observed,model_permaslug,requests,100,439,free_service_variant,7,0.07,0.06509113543469452,0.07327165777398882,0.06706571106874835,0.07699688523340709
day,2026-08-11,all_observed,model_permaslug,requests,100,439,batch_service_variant,29,0.29,0.3135478602619581,0.3295740679908026,0.32305950821291657,0.34633004711411597
day,2026-08-11,all_observed,model_permaslug,requests,100,439,thinking_service_variant,0,0.0,0.0,0.0,0.0,0.0
day,2026-08-11,all_observed,model_permaslug,requests,100,439,observed_non_text_activity,0,0.0,0.0,0.0,0.0,0.0
day,2026-08-11,all_observed,model_permaslug,requests,200,439,catalog_match,200,1.0,0.995790170537214,0.9939572343424178,1.0,1.0
day,2026-08-11,all_observed,model_permaslug,requests,200,439,hugging_face_id_available,109,0.545,0.7033168179071853,0.5602792668958811,0.7062901791124894,0.5636854861935289
day,2026-08-11,all_observed,model_permaslug,requests,200,439,tokenizer_known_non_other,135,0.675,0.5957936199715993,0.8064858161000322,0.5983124131966251,0.8113888487703268
day,2026-08-11,all_observed,model_permaslug,requests,200,439,modality_metadata_available,200,1.0,0.995790170537214,0.9939572343424178,1.0,1.0
day,2026-08-11,all_observed,model_permaslug,requests,200,439,structured_model_size_available,0,0.0,0.0,0.0,0.0,0.0
day,2026-08-11,all_observed,model_permaslug,requests,200,439,text_only_input_capable,84,0.42,0.5646628016108616,0.49049108171472305,0.5670499853460437,0.4934730235544008
day,2026-08-11,all_observed,model_permaslug,requests,200,439,non_text_input_capable,116,0.58,0.43112736892635245,0.5034661526276948,0.43295001465395627,0.5065269764455992
day,2026-08-11,all_observed,model_permaslug,requests,200,439,text_output_capable,172,0.86,0.9899581752588938,0.9269998630464914,0.9941433492206758,0.9326355611866701
day,2026-08-11,all_observed,model_permaslug,requests,200,439,non_text_output_capable,33,0.165,0.005996362975685155,0.06804394630701055,0.0060217133620130096,0.06845761966009238
day,2026-08-11,all_observed,model_permaslug,requests,200,439,free_service_variant,17,0.085,0.07306439013970718,0.07885297954376776,0.0733732791319782,0.07933236644324573
day,2026-08-11,all_observed,model_permaslug,requests,200,439,batch_service_variant,31,0.155,0.3139068854961103,0.33045949494469895,0.3152339667369504,0.33246852432572144
day,2026-08-11,all_observed,model_permaslug,requests,200,439,thinking_service_variant,0,0.0,0.0,0.0,0.0,0.0
day,2026-08-11,all_observed,model_permaslug,requests,200,439,observed_non_text_activity,0,0.0,0.0,0.0,0.0,0.0
day,2026-08-11,all_observed,model_permaslug,requests,439,439,catalog_match,434,0.9886104783599089,0.9999999973213866,0.9999987560331199,0.9999999973213866,0.9999987560331199
day,2026-08-11,all_observed,model_permaslug,requests,439,439,hugging_face_id_available,166,0.37813211845102507,0.7039650069909204,0.5623433917761717,0.7039650069909204,0.5623433917761717
day,2026-08-11,all_observed,model_permaslug,requests,439,439,tokenizer_known_non_other,245,0.5580865603644647,0.5986633897330292,0.8100345514806815,0.5986633897330292,0.8100345514806815
day,2026-08-11,all_observed,model_permaslug,requests,439,439,modality_metadata_available,434,0.9886104783599089,0.9999999973213866,0.9999987560331199,0.9999999973213866,0.9999987560331199
day,2026-08-11,all_observed,model_permaslug,requests,439,439,structured_model_size_available,0,0.0,0.0,0.0,0.0,0.0
day,2026-08-11,all_observed,model_permaslug,requests,439,439,text_only_input_capable,185,0.4214123006833713,0.5660091862265992,0.4939579850386639,0.5660091862265992,0.4939579850386639
day,2026-08-11,all_observed,model_permaslug,requests,439,439,non_text_input_capable,249,0.5671981776765376,0.4339908110947873,0.506040770994456,0.4339908110947873,0.506040770994456
day,2026-08-11,all_observed,model_permaslug,requests,439,439,text_output_capable,313,0.7129840546697038,0.9939332414066119,0.9315704640383988,0.9939332414066119,0.9315704640383988
day,2026-08-11,all_observed,model_permaslug,requests,439,439,non_text_output_capable,134,0.3052391799544419,0.006280950161428887,0.06974974860847506,0.006280950161428887,0.06974974860847506
day,2026-08-11,all_observed,model_permaslug,requests,439,439,free_service_variant,20,0.04555808656036447,0.07309349177753152,0.07907945550654025,0.07309349177753152,0.07907945550654025
day,2026-08-11,all_observed,model_permaslug,requests,439,439,batch_service_variant,34,0.0774487471526196,0.3151654932921978,0.3307085966148643,0.3151654932921978,0.3307085966148643
day,2026-08-11,all_observed,model_permaslug,requests,439,439,thinking_service_variant,1,0.002277904328018223,2.941632811617664e-06,2.6349900679495404e-05,2.941632811617664e-06,2.6349900679495404e-05
day,2026-08-11,all_observed,model_permaslug,requests,439,439,observed_non_text_activity,0,0.0,0.0,0.0,0.0,0.0
week,2026-08-11,current_catalog_text_output,exact_model_variant,total_tokens,1,376,catalog_match,1,1.0,0.1412164042405661,0.07850082543539383,1.0,1.0
week,2026-08-11,current_catalog_text_output,exact_model_variant,total_tokens,1,376,hugging_face_id_available,1,1.0,0.1412164042405661,0.07850082543539383,1.0,1.0
week,2026-08-11,current_catalog_text_output,exact_model_variant,total_tokens,1,376,tokenizer_known_non_other,1,1.0,0.1412164042405661,0.07850082543539383,1.0,1.0
week,2026-08-11,current_catalog_text_output,exact_model_variant,total_tokens,1,376,modality_metadata_available,1,1.0,0.1412164042405661,0.07850082543539383,1.0,1.0
week,2026-08-11,current_catalog_text_output,exact_model_variant,total_tokens,1,376,structured_model_size_available,0,0.0,0.0,0.0,0.0,0.0
week,2026-08-11,current_catalog_text_output,exact_model_variant,total_tokens,1,376,text_only_input_capable,1,1.0,0.1412164042405661,0.07850082543539383,1.0,1.0
week,2026-08-11,current_catalog_text_output,exact_model_variant,total_tokens,1,376,non_text_input_capable,0,0.0,0.0,0.0,0.0,0.0
week,2026-08-11,current_catalog_text_output,exact_model_variant,total_tokens,1,376,text_output_capable,1,1.0,0.1412164042405661,0.07850082543539383,1.0,1.0
week,2026-08-11,current_catalog_text_output,exact_model_variant,total_tokens,1,376,non_text_output_capable,0,0.0,0.0,0.0,0.0,0.0
week,2026-08-11,current_catalog_text_output,exact_model_variant,total_tokens,1,376,free_service_variant,0,0.0,0.0,0.0,0.0,0.0
week,2026-08-11,current_catalog_text_output,exact_model_variant,total_tokens,1,376,batch_service_variant,0,0.0,0.0,0.0,0.0,0.0
week,2026-08-11,current_catalog_text_output,exact_model_variant,total_tokens,1,376,thinking_service_variant,0,0.0,0.0,0.0,0.0,0.0
week,2026-08-11,current_catalog_text_output,exact_model_variant,total_tokens,1,376,observed_non_text_activity,0,0.0,0.0,0.0,0.0,0.0
week,2026-08-11,current_catalog_text_output,exact_model_variant,total_tokens,2,376,catalog_match,2,1.0,0.2747500515336637,0.10860253875060741,1.0,1.0
week,2026-08-11,current_catalog_text_output,exact_model_variant,total_tokens,2,376,hugging_face_id_available,2,1.0,0.2747500515336637,0.10860253875060741,1.0,1.0
week,2026-08-11,current_catalog_text_output,exact_model_variant,total_tokens,2,376,tokenizer_known_non_other,1,0.5,0.1412164042405661,0.07850082543539383,0.5139813566996313,0.7228267988804707
week,2026-08-11,current_catalog_text_output,exact_model_variant,total_tokens,2,376,modality_metadata_available,2,1.0,0.2747500515336637,0.10860253875060741,1.0,1.0
week,2026-08-11,current_catalog_text_output,exact_model_variant,total_tokens,2,376,structured_model_size_available,0,0.0,0.0,0.0,0.0,0.0
week,2026-08-11,current_catalog_text_output,exact_model_variant,total_tokens,2,376,text_only_input_capable,2,1.0,0.2747500515336637,0.10860253875060741,1.0,1.0
week,2026-08-11,current_catalog_text_output,exact_model_variant,total_tokens,2,376,non_text_input_capable,0,0.0,0.0,0.0,0.0,0.0
week,2026-08-11,current_catalog_text_output,exact_model_variant,total_tokens,2,376,text_output_capable,2,1.0,0.2747500515336637,0.10860253875060741,1.0,1.0
week,2026-08-11,current_catalog_text_output,exact_model_variant,total_tokens,2,376,non_text_output_capable,0,0.0,0.0,0.0,0.0,0.0
week,2026-08-11,current_catalog_text_output,exact_model_variant,total_tokens,2,376,free_service_variant,0,0.0,0.0,0.0,0.0,0.0
week,2026-08-11,current_catalog_text_output,exact_model_variant,total_tokens,2,376,batch_service_variant,0,0.0,0.0,0.0,0.0,0.0
week,2026-08-11,current_catalog_text_output,exact_model_variant,total_tokens,2,376,thinking_service_variant,0,0.0,0.0,0.0,0.0,0.0
week,2026-08-11,current_catalog_text_output,exact_model_variant,total_tokens,2,376,observed_non_text_activity,0,0.0,0.0,0.0,0.0,0.0
week,2026-08-11,current_catalog_text_output,exact_model_variant,total_tokens,5,376,catalog_match,5,1.0,0.49165452433492296,0.31370463027876416,1.0,1.0
week,2026-08-11,current_catalog_text_output,exact_model_variant,total_tokens,5,376,hugging_face_id_available,4,0.8,0.42292548210714587,0.2719500397733821,0.860208665178564,0.8668983927069291
week,2026-08-11,current_catalog_text_output,exact_model_variant,total_tokens,5,376,tokenizer_known_non_other,3,0.6,0.2873496274601602,0.26494165814999515,0.5844543540992883,0.8445576908270775
week,2026-08-11,current_catalog_text_output,exact_model_variant,total_tokens,5,376,modality_metadata_available,5,1.0,0.49165452433492296,0.31370463027876416,1.0,1.0
week,2026-08-11,current_catalog_text_output,exact_model_variant,total_tokens,5,376,structured_model_size_available,0,0.0,0.0,0.0,0.0,0.0
week,2026-08-11,current_catalog_text_output,exact_model_variant,total_tokens,5,376,text_only_input_capable,3,0.6,0.3521542325254807,0.2532887809598267,0.7162635856994324,0.8074116749081748
week,2026-08-11,current_catalog_text_output,exact_model_variant,total_tokens,5,376,non_text_input_capable,2,0.4,0.1395002918094422,0.06041584931893747,0.2837364143005676,0.19258832509182522
week,2026-08-11,current_catalog_text_output,exact_model_variant,total_tokens,5,376,text_output_capable,5,1.0,0.49165452433492296,0.31370463027876416,1.0,1.0
week,2026-08-11,current_catalog_text_output,exact_model_variant,total_tokens,5,376,non_text_output_capable,0,0.0,0.0,0.0,0.0,0.0
week,2026-08-11,current_catalog_text_output,exact_model_variant,total_tokens,5,376,free_service_variant,0,0.0,0.0,0.0,0.0,0.0
week,2026-08-11,current_catalog_text_output,exact_model_variant,total_tokens,5,376,batch_service_variant,0,0.0,0.0,0.0,0.0,0.0
week,2026-08-11,current_catalog_text_output,exact_model_variant,total_tokens,5,376,thinking_service_variant,0,0.0,0.0,0.0,0.0,0.0
week,2026-08-11,current_catalog_text_output,exact_model_variant,total_tokens,5,376,observed_non_text_activity,0,0.0,0.0,0.0,0.0,0.0
week,2026-08-11,current_catalog_text_output,exact_model_variant,total_tokens,10,376,catalog_match,10,1.0,0.6705833890371229,0.38115993313659824,1.0,1.0
week,2026-08-11,current_catalog_text_output,exact_model_variant,total_tokens,10,376,hugging_face_id_available,8,0.8,0.5672823561184076,0.3301167994294397,0.8459534867586815,0.8660847343341674
week,2026-08-11,current_catalog_text_output,exact_model_variant,total_tokens,10,376,tokenizer_known_non_other,5,0.5,0.3578862296698357,0.30030115149675696,0.5336938485513596,0.7878612765658569
week,2026-08-11,current_catalog_text_output,exact_model_variant,total_tokens,10,376,modality_metadata_available,10,1.0,0.6705833890371229,0.38115993313659824,1.0,1.0
week,2026-08-11,current_catalog_text_output,exact_model_variant,total_tokens,10,376,structured_model_size_available,0,0.0,0.0,0.0,0.0,0.0
week,2026-08-11,current_catalog_text_output,exact_model_variant,total_tokens,10,376,text_only_input_capable,7,0.7,0.4965111065367424,0.3114555406158843,0.7404166501196409,0.8171256040814405
week,2026-08-11,current_catalog_text_output,exact_model_variant,total_tokens,10,376,non_text_input_capable,3,0.3,0.17407228250038048,0.06970439252071393,0.25958334988035914,0.1828743959185595
week,2026-08-11,current_catalog_text_output,exact_model_variant,total_tokens,10,376,text_output_capable,10,1.0,0.6705833890371229,0.38115993313659824,1.0,1.0
week,2026-08-11,current_catalog_text_output,exact_model_variant,total_tokens,10,376,non_text_output_capable,0,0.0,0.0,0.0,0.0,0.0
week,2026-08-11,current_catalog_text_output,exact_model_variant,total_tokens,10,376,free_service_variant,2,0.2,0.056396358874617414,0.011675618955149753,0.08410044119284822,0.030631810796769927
week,2026-08-11,current_catalog_text_output,exact_model_variant,total_tokens,10,376,batch_service_variant,0,0.0,0.0,0.0,0.0,0.0
week,2026-08-11,current_catalog_text_output,exact_model_variant,total_tokens,10,376,thinking_service_variant,0,0.0,0.0,0.0,0.0,0.0
week,2026-08-11,current_catalog_text_output,exact_model_variant,total_tokens,10,376,observed_non_text_activity,0,0.0,0.0,0.0,0.0,0.0
week,2026-08-11,current_catalog_text_output,exact_model_variant,total_tokens,20,376,catalog_match,20,1.0,0.8207410014534744,0.5204931414382833,1.0,1.0
week,2026-08-11,current_catalog_text_output,exact_model_variant,total_tokens,20,376,hugging_face_id_available,11,0.55,0.6280222662489707,0.3476452578720713,0.7651893412620884,0.6679151562140091
week,2026-08-11,current_catalog_text_output,exact_model_variant,total_tokens,20,376,tokenizer_known_non_other,12,0.6,0.44730393195562396,0.4221059013558104,0.5450001049825466,0.8109730325925169
week,2026-08-11,current_catalog_text_output,exact_model_variant,total_tokens,20,376,modality_metadata_available,20,1.0,0.8207410014534744,0.5204931414382833,1.0,1.0
week,2026-08-11,current_catalog_text_output,exact_model_variant,total_tokens,20,376,structured_model_size_available,0,0.0,0.0,0.0,0.0,0.0
week,2026-08-11,current_catalog_text_output,exact_model_variant,total_tokens,20,376,text_only_input_capable,7,0.35,0.4965111065367424,0.3114555406158843,0.6049546759056222,0.5983854844950243
week,2026-08-11,current_catalog_text_output,exact_model_variant,total_tokens,20,376,non_text_input_capable,13,0.65,0.324229894916732,0.20903760082239894,0.39504532409437776,0.40161451550497573
week,2026-08-11,current_catalog_text_output,exact_model_variant,total_tokens,20,376,text_output_capable,20,1.0,0.8207410014534744,0.5204931414382833,1.0,1.0
week,2026-08-11,current_catalog_text_output,exact_model_variant,total_tokens,20,376,non_text_output_capable,0,0.0,0.0,0.0,0.0,0.0
week,2026-08-11,current_catalog_text_output,exact_model_variant,total_tokens,20,376,free_service_variant,2,0.1,0.056396358874617414,0.011675618955149753,0.06871395333575811,0.022431840163899975
week,2026-08-11,current_catalog_text_output,exact_model_variant,total_tokens,20,376,batch_service_variant,0,0.0,0.0,0.0,0.0,0.0
week,2026-08-11,current_catalog_text_output,exact_model_variant,total_tokens,20,376,thinking_service_variant,0,0.0,0.0,0.0,0.0,0.0
week,2026-08-11,current_catalog_text_output,exact_model_variant,total_tokens,20,376,observed_non_text_activity,0,0.0,0.0,0.0,0.0,0.0
week,2026-08-11,current_catalog_text_output,exact_model_variant,total_tokens,25,376,catalog_match,25,1.0,0.8574317191877291,0.5925355406039572,1.0,1.0
week,2026-08-11,current_catalog_text_output,exact_model_variant,total_tokens,25,376,hugging_face_id_available,13,0.52,0.6409284759934075,0.37262363069917986,0.7474979775655819,0.6288629207277147
week,2026-08-11,current_catalog_text_output,exact_model_variant,total_tokens,25,376,tokenizer_known_non_other,16,0.64,0.4773807453810324,0.4919361016390244,0.5567565727954054,0.830222101340294
week,2026-08-11,current_catalog_text_output,exact_model_variant,total_tokens,25,376,modality_metadata_available,25,1.0,0.8574317191877291,0.5925355406039572,1.0,1.0
week,2026-08-11,current_catalog_text_output,exact_model_variant,total_tokens,25,376,structured_model_size_available,0,0.0,0.0,0.0,0.0,0.0
week,2026-08-11,current_catalog_text_output,exact_model_variant,total_tokens,25,376,text_only_input_capable,8,0.32,0.5031250108455887,0.3136677394983442,0.5867814306219207,0.5293652751675119
week,2026-08-11,current_catalog_text_output,exact_model_variant,total_tokens,25,376,non_text_input_capable,17,0.68,0.3543067083421404,0.27886780110561293,0.41321856937807927,0.4706347248324881
week,2026-08-11,current_catalog_text_output,exact_model_variant,total_tokens,25,376,text_output_capable,25,1.0,0.8574317191877291,0.5925355406039572,1.0,1.0
week,2026-08-11,current_catalog_text_output,exact_model_variant,total_tokens,25,376,non_text_output_capable,0,0.0,0.0,0.0,0.0,0.0
week,2026-08-11,current_catalog_text_output,exact_model_variant,total_tokens,25,376,free_service_variant,2,0.08,0.056396358874617414,0.011675618955149753,0.06577358594576299,0.019704504042490138
week,2026-08-11,current_catalog_text_output,exact_model_variant,total_tokens,25,376,batch_service_variant,0,0.0,0.0,0.0,0.0,0.0
week,2026-08-11,current_catalog_text_output,exact_model_variant,total_tokens,25,376,thinking_service_variant,0,0.0,0.0,0.0,0.0,0.0
week,2026-08-11,current_catalog_text_output,exact_model_variant,total_tokens,25,376,observed_non_text_activity,0,0.0,0.0,0.0,0.0,0.0
week,2026-08-11,current_catalog_text_output,exact_model_variant,total_tokens,30,376,catalog_match,30,1.0,0.8850651987369209,0.6851845339390399,1.0,1.0
week,2026-08-11,current_catalog_text_output,exact_model_variant,total_tokens,30,376,hugging_face_id_available,17,0.5666666666666667,0.6624191982208691,0.4392062716289436,0.7484411308525174,0.6410043570364933
week,2026-08-11,current_catalog_text_output,exact_model_variant,total_tokens,30,376,tokenizer_known_non_other,20,0.6666666666666666,0.5002368546292362,0.5822695959057255,0.5651977451414039,0.849799677407093
week,2026-08-11,current_catalog_text_output,exact_model_variant,total_tokens,30,376,modality_metadata_available,30,1.0,0.8850651987369209,0.6851845339390399,1.0,1.0
week,2026-08-11,current_catalog_text_output,exact_model_variant,total_tokens,30,376,structured_model_size_available,0,0.0,0.0,0.0,0.0,0.0
week,2026-08-11,current_catalog_text_output,exact_model_variant,total_tokens,30,376,text_only_input_capable,11,0.36666666666666664,0.5192614865663386,0.3571345217767626,0.5866929208236615,0.5212238515128779
week,2026-08-11,current_catalog_text_output,exact_model_variant,total_tokens,30,376,non_text_input_capable,19,0.6333333333333333,0.36580371217058233,0.3280500121622773,0.41330707917633847,0.4787761484871221
week,2026-08-11,current_catalog_text_output,exact_model_variant,total_tokens,30,376,text_output_capable,30,1.0,0.8850651987369209,0.6851845339390399,1.0,1.0
week,2026-08-11,current_catalog_text_output,exact_model_variant,total_tokens,30,376,non_text_output_capable,0,0.0,0.0,0.0,0.0,0.0
week,2026-08-11,current_catalog_text_output,exact_model_variant,total_tokens,30,376,free_service_variant,3,0.1,0.06117372917560554,0.013991118023531425,0.06911776585827432,0.020419488955914174
week,2026-08-11,current_catalog_text_output,exact_model_variant,total_tokens,30,376,batch_service_variant,0,0.0,0.0,0.0,0.0,0.0
week,2026-08-11,current_catalog_text_output,exact_model_variant,total_tokens,30,376,thinking_service_variant,0,0.0,0.0,0.0,0.0,0.0
week,2026-08-11,current_catalog_text_output,exact_model_variant,total_tokens,30,376,observed_non_text_activity,0,0.0,0.0,0.0,0.0,0.0
week,2026-08-11,current_catalog_text_output,exact_model_variant,total_tokens,50,376,catalog_match,50,1.0,0.9438329259348358,0.7955430237075115,1.0,1.0
week,2026-08-11,current_catalog_text_output,exact_model_variant,total_tokens,50,376,hugging_face_id_available,23,0.46,0.6787951526750182,0.45522815438873865,0.7191899477364532,0.5722231743887523
week,2026-08-11,current_catalog_text_output,exact_model_variant,total_tokens,50,376,tokenizer_known_non_other,35,0.7,0.5446342947957011,0.665714052764722,0.5770452373827271,0.8368045887226304
week,2026-08-11,current_catalog_text_output,exact_model_variant,total_tokens,50,376,modality_metadata_available,50,1.0,0.9438329259348358,0.7955430237075115,1.0,1.0
week,2026-08-11,current_catalog_text_output,exact_model_variant,total_tokens,50,376,structured_model_size_available,0,0.0,0.0,0.0,0.0,0.0
week,2026-08-11,current_catalog_text_output,exact_model_variant,total_tokens,50,376,text_only_input_capable,17,0.34,0.536520090559925,0.39115469350563686,0.5684481604925145,0.4916826392150582
week,2026-08-11,current_catalog_text_output,exact_model_variant,total_tokens,50,376,non_text_input_capable,33,0.66,0.40731283537491075,0.4043883302018746,0.43155183950748555,0.5083173607849418
week,2026-08-11,current_catalog_text_output,exact_model_variant,total_tokens,50,376,text_output_capable,50,1.0,0.9438329259348358,0.7955430237075115,1.0,1.0
week,2026-08-11,current_catalog_text_output,exact_model_variant,total_tokens,50,376,non_text_output_capable,0,0.0,0.0,0.0,0.0,0.0
week,2026-08-11,current_catalog_text_output,exact_model_variant,total_tokens,50,376,free_service_variant,6,0.12,0.07058711583707791,0.0172931973399578,0.07478772343861989,0.021737601643925422
week,2026-08-11,current_catalog_text_output,exact_model_variant,total_tokens,50,376,batch_service_variant,0,0.0,0.0,0.0,0.0,0.0
week,2026-08-11,current_catalog_text_output,exact_model_variant,total_tokens,50,376,thinking_service_variant,0,0.0,0.0,0.0,0.0,0.0
week,2026-08-11,current_catalog_text_output,exact_model_variant,total_tokens,50,376,observed_non_text_activity,0,0.0,0.0,0.0,0.0,0.0
week,2026-08-11,current_catalog_text_output,exact_model_variant,total_tokens,75,376,catalog_match,75,1.0,0.9734978396638067,0.8779385175196858,1.0,1.0
week,2026-08-11,current_catalog_text_output,exact_model_variant,total_tokens,75,376,hugging_face_id_available,33,0.44,0.6910565712895286,0.4832069713382222,0.7098696505871879,0.5503881669337823
week,2026-08-11,current_catalog_text_output,exact_model_variant,total_tokens,75,376,tokenizer_known_non_other,52,0.6933333333333334,0.5655337989232694,0.7408607248884775,0.5809296907310797,0.8438640179286421
week,2026-08-11,current_catalog_text_output,exact_model_variant,total_tokens,75,376,modality_metadata_available,75,1.0,0.9734978396638067,0.8779385175196858,1.0,1.0
week,2026-08-11,current_catalog_text_output,exact_model_variant,total_tokens,75,376,structured_model_size_available,0,0.0,0.0,0.0,0.0,0.0
week,2026-08-11,current_catalog_text_output,exact_model_variant,total_tokens,75,376,text_only_input_capable,26,0.3466666666666667,0.5458097870037459,0.4197428830176867,0.5606687192980717,0.4781005442198005
week,2026-08-11,current_catalog_text_output,exact_model_variant,total_tokens,75,376,non_text_input_capable,49,0.6533333333333333,0.42768805266006066,0.4581956345019991,0.43933128070192834,0.5218994557801995
week,2026-08-11,current_catalog_text_output,exact_model_variant,total_tokens,75,376,text_output_capable,75,1.0,0.9734978396638067,0.8779385175196858,1.0,1.0
week,2026-08-11,current_catalog_text_output,exact_model_variant,total_tokens,75,376,non_text_output_capable,0,0.0,0.0,0.0,0.0,0.0
week,2026-08-11,current_catalog_text_output,exact_model_variant,total_tokens,75,376,free_service_variant,7,0.09333333333333334,0.07154713926420606,0.01769779975818794,0.07349491323875414,0.020158358934048146
week,2026-08-11,current_catalog_text_output,exact_model_variant,total_tokens,75,376,batch_service_variant,0,0.0,0.0,0.0,0.0,0.0
week,2026-08-11,current_catalog_text_output,exact_model_variant,total_tokens,75,376,thinking_service_variant,0,0.0,0.0,0.0,0.0,0.0
week,2026-08-11,current_catalog_text_output,exact_model_variant,total_tokens,75,376,observed_non_text_activity,0,0.0,0.0,0.0,0.0,0.0
week,2026-08-11,current_catalog_text_output,exact_model_variant,total_tokens,100,376,catalog_match,100,1.0,0.9866783470704062,0.9278382497151307,1.0,1.0
week,2026-08-11,current_catalog_text_output,exact_model_variant,total_tokens,100,376,hugging_face_id_available,48,0.48,0.6988391583918133,0.5205940078703484,0.7082745460734696,0.5610827189223807
week,2026-08-11,current_catalog_text_output,exact_model_variant,total_tokens,100,376,tokenizer_known_non_other,68,0.68,0.5735705509321026,0.7860041875345162,0.5813146225769709,0.8471349265627267
week,2026-08-11,current_catalog_text_output,exact_model_variant,total_tokens,100,376,modality_metadata_available,100,1.0,0.9866783470704062,0.9278382497151307,1.0,1.0
week,2026-08-11,current_catalog_text_output,exact_model_variant,total_tokens,100,376,structured_model_size_available,0,0.0,0.0,0.0,0.0,0.0
week,2026-08-11,current_catalog_text_output,exact_model_variant,total_tokens,100,376,text_only_input_capable,37,0.37,0.5518827467369462,0.4493229071477428,0.5593340001587828,0.4842685751376342
week,2026-08-11,current_catalog_text_output,exact_model_variant,total_tokens,100,376,non_text_input_capable,63,0.63,0.4347956003334601,0.4785153425673879,0.4406659998412172,0.5157314248623658
week,2026-08-11,current_catalog_text_output,exact_model_variant,total_tokens,100,376,text_output_capable,100,1.0,0.9866783470704062,0.9278382497151307,1.0,1.0
week,2026-08-11,current_catalog_text_output,exact_model_variant,total_tokens,100,376,non_text_output_capable,0,0.0,0.0,0.0,0.0,0.0
week,2026-08-11,current_catalog_text_output,exact_model_variant,total_tokens,100,376,free_service_variant,9,0.09,0.07267825238530676,0.018648895418309382,0.07365951893147267,0.0200992957813876
week,2026-08-11,current_catalog_text_output,exact_model_variant,total_tokens,100,376,batch_service_variant,0,0.0,0.0,0.0,0.0,0.0
week,2026-08-11,current_catalog_text_output,exact_model_variant,total_tokens,100,376,thinking_service_variant,0,0.0,0.0,0.0,0.0,0.0
week,2026-08-11,current_catalog_text_output,exact_model_variant,total_tokens,100,376,observed_non_text_activity,0,0.0,0.0,0.0,0.0,0.0
week,2026-08-11,current_catalog_text_output,exact_model_variant,total_tokens,200,376,catalog_match,200,1.0,0.9990650832636622,0.9932492492511247,1.0,1.0
week,2026-08-11,current_catalog_text_output,exact_model_variant,total_tokens,200,376,hugging_face_id_available,112,0.56,0.7079852383029123,0.5750378625361704,0.7086477649585404,0.5789461839208324
week,2026-08-11,current_catalog_text_output,exact_model_variant,total_tokens,200,376,tokenizer_known_non_other,135,0.675,0.5826609413437304,0.8431683223817291,0.5832061905720319,0.8488990281316081
week,2026-08-11,current_catalog_text_output,exact_model_variant,total_tokens,200,376,modality_metadata_available,200,1.0,0.9990650832636622,0.9932492492511247,1.0,1.0
week,2026-08-11,current_catalog_text_output,exact_model_variant,total_tokens,200,376,structured_model_size_available,0,0.0,0.0,0.0,0.0,0.0
week,2026-08-11,current_catalog_text_output,exact_model_variant,total_tokens,200,376,text_only_input_capable,87,0.435,0.5575806391379152,0.4768462950954818,0.5581024184294957,0.48008724442027756
week,2026-08-11,current_catalog_text_output,exact_model_variant,total_tokens,200,376,non_text_input_capable,113,0.565,0.44148444412574683,0.5164029541556427,0.44189758157050435,0.5199127555797225
week,2026-08-11,current_catalog_text_output,exact_model_variant,total_tokens,200,376,text_output_capable,200,1.0,0.9990650832636622,0.9932492492511247,1.0,1.0
week,2026-08-11,current_catalog_text_output,exact_model_variant,total_tokens,200,376,non_text_output_capable,2,0.01,0.00011693939795081993,0.0007932678111513926,0.00011704882885988979,0.0007986593614336875
week,2026-08-11,current_catalog_text_output,exact_model_variant,total_tokens,200,376,free_service_variant,14,0.07,0.07363315071480855,0.02080409916285853,0.0737020560004659,0.02094549699236531
week,2026-08-11,current_catalog_text_output,exact_model_variant,total_tokens,200,376,batch_service_variant,0,0.0,0.0,0.0,0.0,0.0
week,2026-08-11,current_catalog_text_output,exact_model_variant,total_tokens,200,376,thinking_service_variant,0,0.0,0.0,0.0,0.0,0.0
week,2026-08-11,current_catalog_text_output,exact_model_variant,total_tokens,200,376,observed_non_text_activity,0,0.0,0.0,0.0,0.0,0.0
week,2026-08-11,current_catalog_text_output,exact_model_variant,total_tokens,376,376,catalog_match,376,1.0,1.0,1.0,1.0,1.0
week,2026-08-11,current_catalog_text_output,exact_model_variant,total_tokens,376,376,hugging_face_id_available,170,0.4521276595744681,0.7083272366649179,0.5787288743583676,0.7083272366649179,0.5787288743583676
week,2026-08-11,current_catalog_text_output,exact_model_variant,total_tokens,376,376,tokenizer_known_non_other,254,0.675531914893617,0.5832400909554037,0.8471752559526371,0.5832400909554037,0.8471752559526371
week,2026-08-11,current_catalog_text_output,exact_model_variant,total_tokens,376,376,modality_metadata_available,376,1.0,1.0,1.0,1.0,1.0
week,2026-08-11,current_catalog_text_output,exact_model_variant,total_tokens,376,376,structured_model_size_available,0,0.0,0.0,0.0,0.0,0.0
week,2026-08-11,current_catalog_text_output,exact_model_variant,total_tokens,376,376,text_only_input_capable,154,0.4095744680851064,0.5579829709231751,0.48050277740422914,0.5579829709231751,0.48050277740422914
week,2026-08-11,current_catalog_text_output,exact_model_variant,total_tokens,376,376,non_text_input_capable,222,0.5904255319148937,0.442017029076825,0.5194972225957709,0.442017029076825,0.5194972225957709
week,2026-08-11,current_catalog_text_output,exact_model_variant,total_tokens,376,376,text_output_capable,376,1.0,1.0,1.0,1.0,1.0
week,2026-08-11,current_catalog_text_output,exact_model_variant,total_tokens,376,376,non_text_output_capable,13,0.034574468085106384,0.00022434474467658468,0.0015127596373772495,0.00022434474467658468,0.0015127596373772495
week,2026-08-11,current_catalog_text_output,exact_model_variant,total_tokens,376,376,free_service_variant,17,0.04521276595744681,0.07367218181224121,0.02108586418782204,0.07367218181224121,0.02108586418782204
week,2026-08-11,current_catalog_text_output,exact_model_variant,total_tokens,376,376,batch_service_variant,43,0.11436170212765957,4.805279290672562e-05,0.00020125253893651105,4.805279290672562e-05,0.00020125253893651105
week,2026-08-11,current_catalog_text_output,exact_model_variant,total_tokens,376,376,thinking_service_variant,1,0.0026595744680851063,3.893955956525901e-07,1.4194684832445482e-06,3.893955956525901e-07,1.4194684832445482e-06
week,2026-08-11,current_catalog_text_output,exact_model_variant,total_tokens,376,376,observed_non_text_activity,0,0.0,0.0,0.0,0.0,0.0
week,2026-08-11,current_catalog_text_output,exact_model_variant,requests,1,376,catalog_match,1,1.0,0.07740418099181703,0.14468624220921927,1.0,1.0
week,2026-08-11,current_catalog_text_output,exact_model_variant,requests,1,376,hugging_face_id_available,1,1.0,0.07740418099181703,0.14468624220921927,1.0,1.0
week,2026-08-11,current_catalog_text_output,exact_model_variant,requests,1,376,tokenizer_known_non_other,1,1.0,0.07740418099181703,0.14468624220921927,1.0,1.0
week,2026-08-11,current_catalog_text_output,exact_model_variant,requests,1,376,modality_metadata_available,1,1.0,0.07740418099181703,0.14468624220921927,1.0,1.0
week,2026-08-11,current_catalog_text_output,exact_model_variant,requests,1,376,structured_model_size_available,0,0.0,0.0,0.0,0.0,0.0
week,2026-08-11,current_catalog_text_output,exact_model_variant,requests,1,376,text_only_input_capable,1,1.0,0.07740418099181703,0.14468624220921927,1.0,1.0
week,2026-08-11,current_catalog_text_output,exact_model_variant,requests,1,376,non_text_input_capable,0,0.0,0.0,0.0,0.0,0.0
week,2026-08-11,current_catalog_text_output,exact_model_variant,requests,1,376,text_output_capable,1,1.0,0.07740418099181703,0.14468624220921927,1.0,1.0
week,2026-08-11,current_catalog_text_output,exact_model_variant,requests,1,376,non_text_output_capable,0,0.0,0.0,0.0,0.0,0.0
week,2026-08-11,current_catalog_text_output,exact_model_variant,requests,1,376,free_service_variant,0,0.0,0.0,0.0,0.0,0.0
week,2026-08-11,current_catalog_text_output,exact_model_variant,requests,1,376,batch_service_variant,0,0.0,0.0,0.0,0.0,0.0
week,2026-08-11,current_catalog_text_output,exact_model_variant,requests,1,376,thinking_service_variant,0,0.0,0.0,0.0,0.0,0.0
week,2026-08-11,current_catalog_text_output,exact_model_variant,requests,1,376,observed_non_text_activity,0,0.0,0.0,0.0,0.0,0.0
week,2026-08-11,current_catalog_text_output,exact_model_variant,requests,2,376,catalog_match,2,1.0,0.21862058523238315,0.22318706764461313,1.0,1.0
week,2026-08-11,current_catalog_text_output,exact_model_variant,requests,2,376,hugging_face_id_available,2,1.0,0.21862058523238315,0.22318706764461313,1.0,1.0
week,2026-08-11,current_catalog_text_output,exact_model_variant,requests,2,376,tokenizer_known_non_other,2,1.0,0.21862058523238315,0.22318706764461313,1.0,1.0
week,2026-08-11,current_catalog_text_output,exact_model_variant,requests,2,376,modality_metadata_available,2,1.0,0.21862058523238315,0.22318706764461313,1.0,1.0
week,2026-08-11,current_catalog_text_output,exact_model_variant,requests,2,376,structured_model_size_available,0,0.0,0.0,0.0,0.0,0.0
week,2026-08-11,current_catalog_text_output,exact_model_variant,requests,2,376,text_only_input_capable,2,1.0,0.21862058523238315,0.22318706764461313,1.0,1.0
week,2026-08-11,current_catalog_text_output,exact_model_variant,requests,2,376,non_text_input_capable,0,0.0,0.0,0.0,0.0,0.0
week,2026-08-11,current_catalog_text_output,exact_model_variant,requests,2,376,text_output_capable,2,1.0,0.21862058523238315,0.22318706764461313,1.0,1.0
week,2026-08-11,current_catalog_text_output,exact_model_variant,requests,2,376,non_text_output_capable,0,0.0,0.0,0.0,0.0,0.0
week,2026-08-11,current_catalog_text_output,exact_model_variant,requests,2,376,free_service_variant,0,0.0,0.0,0.0,0.0,0.0
week,2026-08-11,current_catalog_text_output,exact_model_variant,requests,2,376,batch_service_variant,0,0.0,0.0,0.0,0.0,0.0
week,2026-08-11,current_catalog_text_output,exact_model_variant,requests,2,376,thinking_service_variant,0,0.0,0.0,0.0,0.0,0.0
week,2026-08-11,current_catalog_text_output,exact_model_variant,requests,2,376,observed_non_text_activity,0,0.0,0.0,0.0,0.0,0.0
week,2026-08-11,current_catalog_text_output,exact_model_variant,requests,5,376,catalog_match,5,1.0,0.30374554077996674,0.37399952314621115,1.0,1.0
week,2026-08-11,current_catalog_text_output,exact_model_variant,requests,5,376,hugging_face_id_available,2,0.4,0.21862058523238315,0.22318706764461313,0.719749118525338,0.5967576262319471
week,2026-08-11,current_catalog_text_output,exact_model_variant,requests,5,376,tokenizer_known_non_other,5,1.0,0.30374554077996674,0.37399952314621115,1.0,1.0
week,2026-08-11,current_catalog_text_output,exact_model_variant,requests,5,376,modality_metadata_available,5,1.0,0.30374554077996674,0.37399952314621115,1.0,1.0
week,2026-08-11,current_catalog_text_output,exact_model_variant,requests,5,376,structured_model_size_available,0,0.0,0.0,0.0,0.0,0.0
week,2026-08-11,current_catalog_text_output,exact_model_variant,requests,5,376,text_only_input_capable,2,0.4,0.21862058523238315,0.22318706764461313,0.719749118525338,0.5967576262319471
week,2026-08-11,current_catalog_text_output,exact_model_variant,requests,5,376,non_text_input_capable,3,0.6,0.08512495554758358,0.15081245550159803,0.28025088147466204,0.4032423737680529
week,2026-08-11,current_catalog_text_output,exact_model_variant,requests,5,376,text_output_capable,5,1.0,0.30374554077996674,0.37399952314621115,1.0,1.0
week,2026-08-11,current_catalog_text_output,exact_model_variant,requests,5,376,non_text_output_capable,0,0.0,0.0,0.0,0.0,0.0
week,2026-08-11,current_catalog_text_output,exact_model_variant,requests,5,376,free_service_variant,0,0.0,0.0,0.0,0.0,0.0
week,2026-08-11,current_catalog_text_output,exact_model_variant,requests,5,376,batch_service_variant,0,0.0,0.0,0.0,0.0,0.0
week,2026-08-11,current_catalog_text_output,exact_model_variant,requests,5,376,thinking_service_variant,0,0.0,0.0,0.0,0.0,0.0
week,2026-08-11,current_catalog_text_output,exact_model_variant,requests,5,376,observed_non_text_activity,0,0.0,0.0,0.0,0.0,0.0
week,2026-08-11,current_catalog_text_output,exact_model_variant,requests,10,376,catalog_match,10,1.0,0.4945562981316186,0.5150912954454355,1.0,1.0
week,2026-08-11,current_catalog_text_output,exact_model_variant,requests,10,376,hugging_face_id_available,5,0.5,0.3938848170270661,0.3063532117661918,0.7964408066687682,0.5947551715104537
week,2026-08-11,current_catalog_text_output,exact_model_variant,requests,10,376,tokenizer_known_non_other,9,0.9,0.361022650838521,0.4849895821302219,0.729993030525395,0.9415604309733433
week,2026-08-11,current_catalog_text_output,exact_model_variant,requests,10,376,modality_metadata_available,10,1.0,0.4945562981316186,0.5150912954454355,1.0,1.0
week,2026-08-11,current_catalog_text_output,exact_model_variant,requests,10,376,structured_model_size_available,0,0.0,0.0,0.0,0.0,0.0
week,2026-08-11,current_catalog_text_output,exact_model_variant,requests,10,376,text_only_input_capable,5,0.5,0.3938848170270661,0.3063532117661918,0.7964408066687682,0.5947551715104537
week,2026-08-11,current_catalog_text_output,exact_model_variant,requests,10,376,non_text_input_capable,5,0.5,0.1006714811045525,0.20873808367924374,0.20355919333123187,0.4052448284895463
week,2026-08-11,current_catalog_text_output,exact_model_variant,requests,10,376,text_output_capable,10,1.0,0.4945562981316186,0.5150912954454355,1.0,1.0
week,2026-08-11,current_catalog_text_output,exact_model_variant,requests,10,376,non_text_output_capable,0,0.0,0.0,0.0,0.0,0.0
week,2026-08-11,current_catalog_text_output,exact_model_variant,requests,10,376,free_service_variant,0,0.0,0.0,0.0,0.0,0.0
week,2026-08-11,current_catalog_text_output,exact_model_variant,requests,10,376,batch_service_variant,0,0.0,0.0,0.0,0.0,0.0
week,2026-08-11,current_catalog_text_output,exact_model_variant,requests,10,376,thinking_service_variant,0,0.0,0.0,0.0,0.0,0.0
week,2026-08-11,current_catalog_text_output,exact_model_variant,requests,10,376,observed_non_text_activity,0,0.0,0.0,0.0,0.0,0.0
week,2026-08-11,current_catalog_text_output,exact_model_variant,requests,20,376,catalog_match,20,1.0,0.6808568664472798,0.6959969370960781,1.0,1.0
week,2026-08-11,current_catalog_text_output,exact_model_variant,requests,20,376,hugging_face_id_available,12,0.6,0.536207714772612,0.43112899200283217,0.7875483691169203,0.6194409328892169
week,2026-08-11,current_catalog_text_output,exact_model_variant,requests,20,376,tokenizer_known_non_other,16,0.8,0.4212931433971632,0.6060388086044799,0.6187690308470801,0.8707492465887389
week,2026-08-11,current_catalog_text_output,exact_model_variant,requests,20,376,modality_metadata_available,20,1.0,0.6808568664472798,0.6959969370960781,1.0,1.0
week,2026-08-11,current_catalog_text_output,exact_model_variant,requests,20,376,structured_model_size_available,0,0.0,0.0,0.0,0.0,0.0
week,2026-08-11,current_catalog_text_output,exact_model_variant,requests,20,376,text_only_input_capable,10,0.5,0.4570528358060916,0.38736066640018946,0.6712906314523923,0.5565551308550036
week,2026-08-11,current_catalog_text_output,exact_model_variant,requests,20,376,non_text_input_capable,10,0.5,0.22380403064118823,0.30863627069588867,0.32870936854760774,0.4434448691449964
week,2026-08-11,current_catalog_text_output,exact_model_variant,requests,20,376,text_output_capable,20,1.0,0.6808568664472798,0.6959969370960781,1.0,1.0
week,2026-08-11,current_catalog_text_output,exact_model_variant,requests,20,376,non_text_output_capable,0,0.0,0.0,0.0,0.0,0.0
week,2026-08-11,current_catalog_text_output,exact_model_variant,requests,20,376,free_service_variant,0,0.0,0.0,0.0,0.0,0.0
week,2026-08-11,current_catalog_text_output,exact_model_variant,requests,20,376,batch_service_variant,0,0.0,0.0,0.0,0.0,0.0
week,2026-08-11,current_catalog_text_output,exact_model_variant,requests,20,376,thinking_service_variant,0,0.0,0.0,0.0,0.0,0.0
week,2026-08-11,current_catalog_text_output,exact_model_variant,requests,20,376,observed_non_text_activity,0,0.0,0.0,0.0,0.0,0.0
week,2026-08-11,current_catalog_text_output,exact_model_variant,requests,25,376,catalog_match,25,1.0,0.7233939232216835,0.7386330459401663,1.0,1.0
week,2026-08-11,current_catalog_text_output,exact_model_variant,requests,25,376,hugging_face_id_available,14,0.56,0.5613569996824166,0.44773262849378864,0.776004582928172,0.6061638197136088
week,2026-08-11,current_catalog_text_output,exact_model_variant,requests,25,376,tokenizer_known_non_other,20,0.8,0.4406871816710448,0.6404823069375121,0.6091939225980981,0.8671184026464408
week,2026-08-11,current_catalog_text_output,exact_model_variant,requests,25,376,modality_metadata_available,25,1.0,0.7233939232216835,0.7386330459401663,1.0,1.0
week,2026-08-11,current_catalog_text_output,exact_model_variant,requests,25,376,structured_model_size_available,0,0.0,0.0,0.0,0.0,0.0
week,2026-08-11,current_catalog_text_output,exact_model_variant,requests,25,376,text_only_input_capable,11,0.44,0.45905910221537405,0.39577169238008997,0.6345907637306704,0.5358163902297838
week,2026-08-11,current_catalog_text_output,exact_model_variant,requests,25,376,non_text_input_capable,14,0.56,0.26433482100630945,0.3428613535600763,0.36540923626932964,0.46418360977021617
week,2026-08-11,current_catalog_text_output,exact_model_variant,requests,25,376,text_output_capable,25,1.0,0.7233939232216835,0.7386330459401663,1.0,1.0
week,2026-08-11,current_catalog_text_output,exact_model_variant,requests,25,376,non_text_output_capable,0,0.0,0.0,0.0,0.0,0.0
week,2026-08-11,current_catalog_text_output,exact_model_variant,requests,25,376,free_service_variant,0,0.0,0.0,0.0,0.0,0.0
week,2026-08-11,current_catalog_text_output,exact_model_variant,requests,25,376,batch_service_variant,0,0.0,0.0,0.0,0.0,0.0
week,2026-08-11,current_catalog_text_output,exact_model_variant,requests,25,376,thinking_service_variant,0,0.0,0.0,0.0,0.0,0.0
week,2026-08-11,current_catalog_text_output,exact_model_variant,requests,25,376,observed_non_text_activity,0,0.0,0.0,0.0,0.0,0.0
week,2026-08-11,current_catalog_text_output,exact_model_variant,requests,30,376,catalog_match,30,1.0,0.7596342979526957,0.7714358059839985,1.0,1.0
week,2026-08-11,current_catalog_text_output,exact_model_variant,requests,30,376,hugging_face_id_available,16,0.5333333333333333,0.5931431574900281,0.46069732981295697,0.7808272468589414,0.5971946417826929
week,2026-08-11,current_catalog_text_output,exact_model_variant,requests,30,376,tokenizer_known_non_other,24,0.8,0.44535521440182896,0.6664871208967991,0.5862758114030844,0.8639566840518467
week,2026-08-11,current_catalog_text_output,exact_model_variant,requests,30,376,modality_metadata_available,30,1.0,0.7596342979526957,0.7714358059839985,1.0,1.0
week,2026-08-11,current_catalog_text_output,exact_model_variant,requests,30,376,structured_model_size_available,0,0.0,0.0,0.0,0.0,0.0
week,2026-08-11,current_catalog_text_output,exact_model_variant,requests,30,376,text_only_input_capable,13,0.43333333333333335,0.4908452600229856,0.4087363936992583,0.6461599500521129,0.5298385044208546
week,2026-08-11,current_catalog_text_output,exact_model_variant,requests,30,376,non_text_input_capable,17,0.5666666666666667,0.26878903792971,0.3626994122847402,0.35384004994788715,0.4701614955791454
week,2026-08-11,current_catalog_text_output,exact_model_variant,requests,30,376,text_output_capable,30,1.0,0.7596342979526957,0.7714358059839985,1.0,1.0
week,2026-08-11,current_catalog_text_output,exact_model_variant,requests,30,376,non_text_output_capable,0,0.0,0.0,0.0,0.0,0.0
week,2026-08-11,current_catalog_text_output,exact_model_variant,requests,30,376,free_service_variant,1,0.03333333333333333,0.03157234200022791,0.006797946084545265,0.041562554620452385,0.008812069691105668
week,2026-08-11,current_catalog_text_output,exact_model_variant,requests,30,376,batch_service_variant,0,0.0,0.0,0.0,0.0,0.0
week,2026-08-11,current_catalog_text_output,exact_model_variant,requests,30,376,thinking_service_variant,0,0.0,0.0,0.0,0.0,0.0
week,2026-08-11,current_catalog_text_output,exact_model_variant,requests,30,376,observed_non_text_activity,0,0.0,0.0,0.0,0.0,0.0
week,2026-08-11,current_catalog_text_output,exact_model_variant,requests,50,376,catalog_match,50,1.0,0.8936662126807148,0.8665366154209257,1.0,1.0
week,2026-08-11,current_catalog_text_output,exact_model_variant,requests,50,376,hugging_face_id_available,24,0.48,0.657864871272651,0.49617951504817265,0.7361415950808584,0.5726007490256488
week,2026-08-11,current_catalog_text_output,exact_model_variant,requests,50,376,tokenizer_known_non_other,41,0.82,0.5169662206254175,0.7473744095315462,0.5784779745389311,0.8624845115962055
week,2026-08-11,current_catalog_text_output,exact_model_variant,requests,50,376,modality_metadata_available,50,1.0,0.8936662126807148,0.8665366154209257,1.0,1.0
week,2026-08-11,current_catalog_text_output,exact_model_variant,requests,50,376,structured_model_size_available,0,0.0,0.0,0.0,0.0,0.0
week,2026-08-11,current_catalog_text_output,exact_model_variant,requests,50,376,text_only_input_capable,18,0.36,0.5182377062615892,0.43174274723408235,0.5799007491925208,0.49823947372882854
week,2026-08-11,current_catalog_text_output,exact_model_variant,requests,50,376,non_text_input_capable,32,0.64,0.3754285064191257,0.4347938681868434,0.42009925080747923,0.5017605262711714
week,2026-08-11,current_catalog_text_output,exact_model_variant,requests,50,376,text_output_capable,50,1.0,0.8936662126807148,0.8665366154209257,1.0,1.0
week,2026-08-11,current_catalog_text_output,exact_model_variant,requests,50,376,non_text_output_capable,0,0.0,0.0,0.0,0.0,0.0
week,2026-08-11,current_catalog_text_output,exact_model_variant,requests,50,376,free_service_variant,2,0.04,0.056396358874617414,0.011675618955149753,0.06310673725198387,0.01347388990536568
week,2026-08-11,current_catalog_text_output,exact_model_variant,requests,50,376,batch_service_variant,0,0.0,0.0,0.0,0.0,0.0
week,2026-08-11,current_catalog_text_output,exact_model_variant,requests,50,376,thinking_service_variant,0,0.0,0.0,0.0,0.0,0.0
week,2026-08-11,current_catalog_text_output,exact_model_variant,requests,50,376,observed_non_text_activity,0,0.0,0.0,0.0,0.0,0.0
week,2026-08-11,current_catalog_text_output,exact_model_variant,requests,75,376,catalog_match,75,1.0,0.9481461440878628,0.9284954601711164,1.0,1.0
week,2026-08-11,current_catalog_text_output,exact_model_variant,requests,75,376,hugging_face_id_available,37,0.49333333333333335,0.6778761347707922,0.5299672157557092,0.7149489970482596,0.570780621434637
week,2026-08-11,current_catalog_text_output,exact_model_variant,requests,75,376,tokenizer_known_non_other,62,0.8266666666666667,0.5561726535353152,0.8003454373999717,0.5865895853749059,0.8619809915413831
week,2026-08-11,current_catalog_text_output,exact_model_variant,requests,75,376,modality_metadata_available,75,1.0,0.9481461440878628,0.9284954601711164,1.0,1.0
week,2026-08-11,current_catalog_text_output,exact_model_variant,requests,75,376,structured_model_size_available,0,0.0,0.0,0.0,0.0,0.0
week,2026-08-11,current_catalog_text_output,exact_model_variant,requests,75,376,text_only_input_capable,24,0.32,0.5314332659163603,0.44766441435067356,0.5604972073451933,0.48213958339459356
week,2026-08-11,current_catalog_text_output,exact_model_variant,requests,75,376,non_text_input_capable,51,0.68,0.41671287817150243,0.4808310458204429,0.4395027926548067,0.5178604166054064
week,2026-08-11,current_catalog_text_output,exact_model_variant,requests,75,376,text_output_capable,75,1.0,0.9481461440878628,0.9284954601711164,1.0,1.0
week,2026-08-11,current_catalog_text_output,exact_model_variant,requests,75,376,non_text_output_capable,0,0.0,0.0,0.0,0.0,0.0
week,2026-08-11,current_catalog_text_output,exact_model_variant,requests,75,376,free_service_variant,3,0.04,0.06117372917560554,0.013991118023531425,0.06451930386159614,0.01506859066489452
week,2026-08-11,current_catalog_text_output,exact_model_variant,requests,75,376,batch_service_variant,0,0.0,0.0,0.0,0.0,0.0
week,2026-08-11,current_catalog_text_output,exact_model_variant,requests,75,376,thinking_service_variant,0,0.0,0.0,0.0,0.0,0.0
week,2026-08-11,current_catalog_text_output,exact_model_variant,requests,75,376,observed_non_text_activity,0,0.0,0.0,0.0,0.0,0.0
week,2026-08-11,current_catalog_text_output,exact_model_variant,requests,100,376,catalog_match,100,1.0,0.972493098921505,0.9599994928466925,1.0,1.0
week,2026-08-11,current_catalog_text_output,exact_model_variant,requests,100,376,hugging_face_id_available,55,0.55,0.6933780971724038,0.5526056582474048,0.7129902494335025,0.5756311981048654
week,2026-08-11,current_catalog_text_output,exact_model_variant,requests,100,376,tokenizer_known_non_other,79,0.79,0.5702273190011832,0.8217137609468544,0.5863561598879882,0.8559522865061329
week,2026-08-11,current_catalog_text_output,exact_model_variant,requests,100,376,modality_metadata_available,100,1.0,0.972493098921505,0.9599994928466925,1.0,1.0
week,2026-08-11,current_catalog_text_output,exact_model_variant,requests,100,376,structured_model_size_available,0,0.0,0.0,0.0,0.0,0.0
week,2026-08-11,current_catalog_text_output,exact_model_variant,requests,100,376,text_only_input_capable,34,0.34,0.5452044383745783,0.46040794330962775,0.5606255087868594,0.4795918609752357
week,2026-08-11,current_catalog_text_output,exact_model_variant,requests,100,376,non_text_input_capable,66,0.66,0.4272886605469267,0.49959154953706475,0.4393744912131406,0.5204081390247642
week,2026-08-11,current_catalog_text_output,exact_model_variant,requests,100,376,text_output_capable,100,1.0,0.972493098921505,0.9599994928466925,1.0,1.0
week,2026-08-11,current_catalog_text_output,exact_model_variant,requests,100,376,non_text_output_capable,0,0.0,0.0,0.0,0.0,0.0
week,2026-08-11,current_catalog_text_output,exact_model_variant,requests,100,376,free_service_variant,5,0.05,0.06826782147238478,0.016528545917841517,0.0701987721538526,0.01721724442669164
week,2026-08-11,current_catalog_text_output,exact_model_variant,requests,100,376,batch_service_variant,0,0.0,0.0,0.0,0.0,0.0
week,2026-08-11,current_catalog_text_output,exact_model_variant,requests,100,376,thinking_service_variant,0,0.0,0.0,0.0,0.0,0.0
week,2026-08-11,current_catalog_text_output,exact_model_variant,requests,100,376,observed_non_text_activity,0,0.0,0.0,0.0,0.0,0.0
week,2026-08-11,current_catalog_text_output,exact_model_variant,requests,200,376,catalog_match,200,1.0,0.9978690627951315,0.9963411009306589,1.0,1.0
week,2026-08-11,current_catalog_text_output,exact_model_variant,requests,200,376,hugging_face_id_available,115,0.575,0.7074764152093039,0.5771868602880411,0.708987222459419,0.5793064842441051
week,2026-08-11,current_catalog_text_output,exact_model_variant,requests,200,376,tokenizer_known_non_other,143,0.715,0.582479715361265,0.8451833388772128,0.5837235936844066,0.848287135889252
week,2026-08-11,current_catalog_text_output,exact_model_variant,requests,200,376,modality_metadata_available,200,1.0,0.9978690627951315,0.9963411009306589,1.0,1.0
week,2026-08-11,current_catalog_text_output,exact_model_variant,requests,200,376,structured_model_size_available,0,0.0,0.0,0.0,0.0,0.0
week,2026-08-11,current_catalog_text_output,exact_model_variant,requests,200,376,text_only_input_capable,82,0.41,0.5566284072205947,0.47854052206902176,0.5578170803907103,0.48029788354814257
week,2026-08-11,current_catalog_text_output,exact_model_variant,requests,200,376,non_text_input_capable,118,0.59,0.44124065557453684,0.5178005788616371,0.4421829196092896,0.5197021164518575
week,2026-08-11,current_catalog_text_output,exact_model_variant,requests,200,376,text_output_capable,200,1.0,0.9978690627951315,0.9963411009306589,1.0,1.0
week,2026-08-11,current_catalog_text_output,exact_model_variant,requests,200,376,non_text_output_capable,6,0.03,0.00019548300837775364,0.001398575797671675,0.0001959004599563254,0.0014037118376079216
week,2026-08-11,current_catalog_text_output,exact_model_variant,requests,200,376,free_service_variant,15,0.075,0.07337957985273799,0.020994027550777103,0.07353628104993497,0.02107112466921928
week,2026-08-11,current_catalog_text_output,exact_model_variant,requests,200,376,batch_service_variant,0,0.0,0.0,0.0,0.0,0.0
week,2026-08-11,current_catalog_text_output,exact_model_variant,requests,200,376,thinking_service_variant,0,0.0,0.0,0.0,0.0,0.0
week,2026-08-11,current_catalog_text_output,exact_model_variant,requests,200,376,observed_non_text_activity,0,0.0,0.0,0.0,0.0,0.0
week,2026-08-11,current_catalog_text_output,exact_model_variant,requests,376,376,catalog_match,376,1.0,1.0,1.0,1.0,1.0
week,2026-08-11,current_catalog_text_output,exact_model_variant,requests,376,376,hugging_face_id_available,170,0.4521276595744681,0.7083272366649179,0.5787288743583676,0.7083272366649179,0.5787288743583676
week,2026-08-11,current_catalog_text_output,exact_model_variant,requests,376,376,tokenizer_known_non_other,254,0.675531914893617,0.5832400909554037,0.8471752559526371,0.5832400909554037,0.8471752559526371
week,2026-08-11,current_catalog_text_output,exact_model_variant,requests,376,376,modality_metadata_available,376,1.0,1.0,1.0,1.0,1.0
week,2026-08-11,current_catalog_text_output,exact_model_variant,requests,376,376,structured_model_size_available,0,0.0,0.0,0.0,0.0,0.0
week,2026-08-11,current_catalog_text_output,exact_model_variant,requests,376,376,text_only_input_capable,154,0.4095744680851064,0.5579829709231751,0.48050277740422914,0.5579829709231751,0.48050277740422914
week,2026-08-11,current_catalog_text_output,exact_model_variant,requests,376,376,non_text_input_capable,222,0.5904255319148937,0.442017029076825,0.5194972225957709,0.442017029076825,0.5194972225957709
week,2026-08-11,current_catalog_text_output,exact_model_variant,requests,376,376,text_output_capable,376,1.0,1.0,1.0,1.0,1.0
week,2026-08-11,current_catalog_text_output,exact_model_variant,requests,376,376,non_text_output_capable,13,0.034574468085106384,0.00022434474467658468,0.0015127596373772495,0.00022434474467658468,0.0015127596373772495
week,2026-08-11,current_catalog_text_output,exact_model_variant,requests,376,376,free_service_variant,17,0.04521276595744681,0.07367218181224121,0.02108586418782204,0.07367218181224121,0.02108586418782204
week,2026-08-11,current_catalog_text_output,exact_model_variant,requests,376,376,batch_service_variant,43,0.11436170212765957,4.805279290672562e-05,0.00020125253893651105,4.805279290672562e-05,0.00020125253893651105
week,2026-08-11,current_catalog_text_output,exact_model_variant,requests,376,376,thinking_service_variant,1,0.0026595744680851063,3.893955956525901e-07,1.4194684832445482e-06,3.893955956525901e-07,1.4194684832445482e-06
week,2026-08-11,current_catalog_text_output,exact_model_variant,requests,376,376,observed_non_text_activity,0,0.0,0.0,0.0,0.0,0.0
week,2026-08-11,all_observed,exact_model_variant,total_tokens,1,508,catalog_match,1,1.0,0.1403818802072306,0.07289015787724129,1.0,1.0
week,2026-08-11,all_observed,exact_model_variant,total_tokens,1,508,hugging_face_id_available,1,1.0,0.1403818802072306,0.07289015787724129,1.0,1.0
week,2026-08-11,all_observed,exact_model_variant,total_tokens,1,508,tokenizer_known_non_other,1,1.0,0.1403818802072306,0.07289015787724129,1.0,1.0
week,2026-08-11,all_observed,exact_model_variant,total_tokens,1,508,modality_metadata_available,1,1.0,0.1403818802072306,0.07289015787724129,1.0,1.0
week,2026-08-11,all_observed,exact_model_variant,total_tokens,1,508,structured_model_size_available,0,0.0,0.0,0.0,0.0,0.0
week,2026-08-11,all_observed,exact_model_variant,total_tokens,1,508,text_only_input_capable,1,1.0,0.1403818802072306,0.07289015787724129,1.0,1.0
week,2026-08-11,all_observed,exact_model_variant,total_tokens,1,508,non_text_input_capable,0,0.0,0.0,0.0,0.0,0.0
week,2026-08-11,all_observed,exact_model_variant,total_tokens,1,508,text_output_capable,1,1.0,0.1403818802072306,0.07289015787724129,1.0,1.0
week,2026-08-11,all_observed,exact_model_variant,total_tokens,1,508,non_text_output_capable,0,0.0,0.0,0.0,0.0,0.0
week,2026-08-11,all_observed,exact_model_variant,total_tokens,1,508,free_service_variant,0,0.0,0.0,0.0,0.0,0.0
week,2026-08-11,all_observed,exact_model_variant,total_tokens,1,508,batch_service_variant,0,0.0,0.0,0.0,0.0,0.0
week,2026-08-11,all_observed,exact_model_variant,total_tokens,1,508,thinking_service_variant,0,0.0,0.0,0.0,0.0,0.0
week,2026-08-11,all_observed,exact_model_variant,total_tokens,1,508,observed_non_text_activity,0,0.0,0.0,0.0,0.0,0.0
week,2026-08-11,all_observed,exact_model_variant,total_tokens,2,508,catalog_match,2,1.0,0.27312640502886804,0.10084041984903588,1.0,1.0
week,2026-08-11,all_observed,exact_model_variant,total_tokens,2,508,hugging_face_id_available,2,1.0,0.27312640502886804,0.10084041984903588,1.0,1.0
week,2026-08-11,all_observed,exact_model_variant,total_tokens,2,508,tokenizer_known_non_other,1,0.5,0.1403818802072306,0.07289015787724129,0.5139813566996313,0.7228267988804707
week,2026-08-11,all_observed,exact_model_variant,total_tokens,2,508,modality_metadata_available,2,1.0,0.27312640502886804,0.10084041984903588,1.0,1.0
week,2026-08-11,all_observed,exact_model_variant,total_tokens,2,508,structured_model_size_available,0,0.0,0.0,0.0,0.0,0.0
week,2026-08-11,all_observed,exact_model_variant,total_tokens,2,508,text_only_input_capable,2,1.0,0.27312640502886804,0.10084041984903588,1.0,1.0
week,2026-08-11,all_observed,exact_model_variant,total_tokens,2,508,non_text_input_capable,0,0.0,0.0,0.0,0.0,0.0
week,2026-08-11,all_observed,exact_model_variant,total_tokens,2,508,text_output_capable,2,1.0,0.27312640502886804,0.10084041984903588,1.0,1.0
week,2026-08-11,all_observed,exact_model_variant,total_tokens,2,508,non_text_output_capable,0,0.0,0.0,0.0,0.0,0.0
week,2026-08-11,all_observed,exact_model_variant,total_tokens,2,508,free_service_variant,0,0.0,0.0,0.0,0.0,0.0
week,2026-08-11,all_observed,exact_model_variant,total_tokens,2,508,batch_service_variant,0,0.0,0.0,0.0,0.0,0.0
week,2026-08-11,all_observed,exact_model_variant,total_tokens,2,508,thinking_service_variant,0,0.0,0.0,0.0,0.0,0.0
week,2026-08-11,all_observed,exact_model_variant,total_tokens,2,508,observed_non_text_activity,0,0.0,0.0,0.0,0.0,0.0
week,2026-08-11,all_observed,exact_model_variant,total_tokens,5,508,catalog_match,5,1.0,0.4887490721046235,0.2912833069081474,1.0,1.0
week,2026-08-11,all_observed,exact_model_variant,total_tokens,5,508,hugging_face_id_available,4,0.8,0.42042618692237993,0.25251303058103214,0.860208665178564,0.8668983927069291
week,2026-08-11,all_observed,exact_model_variant,total_tokens,5,508,tokenizer_known_non_other,3,0.6,0.28565152325353416,0.2460055570588199,0.5844543540992883,0.8445576908270775
week,2026-08-11,all_observed,exact_model_variant,total_tokens,5,508,modality_metadata_available,5,1.0,0.4887490721046235,0.2912833069081474,1.0,1.0
week,2026-08-11,all_observed,exact_model_variant,total_tokens,5,508,structured_model_size_available,0,0.0,0.0,0.0,0.0,0.0
week,2026-08-11,all_observed,exact_model_variant,total_tokens,5,508,text_only_input_capable,3,0.6,0.35007316289292806,0.23518554270349923,0.7162635856994324,0.8074116749081748
week,2026-08-11,all_observed,exact_model_variant,total_tokens,5,508,non_text_input_capable,2,0.4,0.13867590921169545,0.056097764204648196,0.2837364143005676,0.19258832509182522
week,2026-08-11,all_observed,exact_model_variant,total_tokens,5,508,text_output_capable,5,1.0,0.4887490721046235,0.2912833069081474,1.0,1.0
week,2026-08-11,all_observed,exact_model_variant,total_tokens,5,508,non_text_output_capable,0,0.0,0.0,0.0,0.0,0.0
week,2026-08-11,all_observed,exact_model_variant,total_tokens,5,508,free_service_variant,0,0.0,0.0,0.0,0.0,0.0
week,2026-08-11,all_observed,exact_model_variant,total_tokens,5,508,batch_service_variant,0,0.0,0.0,0.0,0.0,0.0
week,2026-08-11,all_observed,exact_model_variant,total_tokens,5,508,thinking_service_variant,0,0.0,0.0,0.0,0.0,0.0
week,2026-08-11,all_observed,exact_model_variant,total_tokens,5,508,observed_non_text_activity,0,0.0,0.0,0.0,0.0,0.0
week,2026-08-11,all_observed,exact_model_variant,total_tokens,10,508,catalog_match,10,1.0,0.6666205494681893,0.3539173957561838,1.0,1.0
week,2026-08-11,all_observed,exact_model_variant,total_tokens,10,508,hugging_face_id_available,8,0.8,0.5639299781676029,0.3065224536797349,0.8459534867586815,0.8660847343341674
week,2026-08-11,all_observed,exact_model_variant,total_tokens,10,508,tokenizer_known_non_other,5,0.5,0.3557712865690999,0.27883781121933054,0.5336938485513596,0.7878612765658569
week,2026-08-11,all_observed,exact_model_variant,total_tokens,10,508,modality_metadata_available,10,1.0,0.6666205494681893,0.3539173957561838,1.0,1.0
week,2026-08-11,all_observed,exact_model_variant,total_tokens,10,508,structured_model_size_available,0,0.0,0.0,0.0,0.0,0.0
week,2026-08-11,all_observed,exact_model_variant,total_tokens,10,508,text_only_input_capable,7,0.7,0.493576954138151,0.28919496580220194,0.7404166501196409,0.8171256040814405
week,2026-08-11,all_observed,exact_model_variant,total_tokens,10,508,non_text_input_capable,3,0.3,0.17304359533003824,0.06472242995398186,0.25958334988035914,0.1828743959185595
week,2026-08-11,all_observed,exact_model_variant,total_tokens,10,508,text_output_capable,10,1.0,0.6666205494681893,0.3539173957561838,1.0,1.0
week,2026-08-11,all_observed,exact_model_variant,total_tokens,10,508,non_text_output_capable,0,0.0,0.0,0.0,0.0,0.0
week,2026-08-11,all_observed,exact_model_variant,total_tokens,10,508,free_service_variant,2,0.2,0.05606308231849362,0.010841130704488966,0.08410044119284822,0.030631810796769927
week,2026-08-11,all_observed,exact_model_variant,total_tokens,10,508,batch_service_variant,0,0.0,0.0,0.0,0.0,0.0
week,2026-08-11,all_observed,exact_model_variant,total_tokens,10,508,thinking_service_variant,0,0.0,0.0,0.0,0.0,0.0
week,2026-08-11,all_observed,exact_model_variant,total_tokens,10,508,observed_non_text_activity,0,0.0,0.0,0.0,0.0,0.0
week,2026-08-11,all_observed,exact_model_variant,total_tokens,20,508,catalog_match,20,1.0,0.8158907994210677,0.4832920805996033,1.0,1.0
week,2026-08-11,all_observed,exact_model_variant,total_tokens,20,508,hugging_face_id_available,11,0.55,0.6243109433508054,0.32279810551067756,0.7651893412620884,0.6679151562140091
week,2026-08-11,all_observed,exact_model_variant,total_tokens,20,508,tokenizer_known_non_other,12,0.6,0.44466057133877573,0.3919368442318074,0.5450001049825466,0.8109730325925169
week,2026-08-11,all_observed,exact_model_variant,total_tokens,20,508,modality_metadata_available,20,1.0,0.8158907994210677,0.4832920805996033,1.0,1.0
week,2026-08-11,all_observed,exact_model_variant,total_tokens,20,508,structured_model_size_available,0,0.0,0.0,0.0,0.0,0.0
week,2026-08-11,all_observed,exact_model_variant,total_tokens,20,508,text_only_input_capable,7,0.35,0.493576954138151,0.28919496580220194,0.6049546759056222,0.5983854844950243
week,2026-08-11,all_observed,exact_model_variant,total_tokens,20,508,non_text_input_capable,13,0.65,0.3223138452829166,0.19409711479740138,0.39504532409437776,0.40161451550497573
week,2026-08-11,all_observed,exact_model_variant,total_tokens,20,508,text_output_capable,20,1.0,0.8158907994210677,0.4832920805996033,1.0,1.0
week,2026-08-11,all_observed,exact_model_variant,total_tokens,20,508,non_text_output_capable,0,0.0,0.0,0.0,0.0,0.0
week,2026-08-11,all_observed,exact_model_variant,total_tokens,20,508,free_service_variant,2,0.1,0.05606308231849362,0.010841130704488966,0.06871395333575811,0.022431840163899975
week,2026-08-11,all_observed,exact_model_variant,total_tokens,20,508,batch_service_variant,0,0.0,0.0,0.0,0.0,0.0
week,2026-08-11,all_observed,exact_model_variant,total_tokens,20,508,thinking_service_variant,0,0.0,0.0,0.0,0.0,0.0
week,2026-08-11,all_observed,exact_model_variant,total_tokens,20,508,observed_non_text_activity,0,0.0,0.0,0.0,0.0,0.0
week,2026-08-11,all_observed,exact_model_variant,total_tokens,25,508,catalog_match,25,1.0,0.8523646918798579,0.5501854135029998,1.0,1.0
week,2026-08-11,all_observed,exact_model_variant,total_tokens,25,508,hugging_face_id_available,13,0.52,0.6371408833285042,0.34599120607728184,0.7474979775655819,0.6288629207277147
week,2026-08-11,all_observed,exact_model_variant,total_tokens,25,508,tokenizer_known_non_other,16,0.64,0.47455964462284134,0.456776090125239,0.5567565727954054,0.830222101340294
week,2026-08-11,all_observed,exact_model_variant,total_tokens,25,508,modality_metadata_available,25,1.0,0.8523646918798579,0.5501854135029998,1.0,1.0
week,2026-08-11,all_observed,exact_model_variant,total_tokens,25,508,structured_model_size_available,0,0.0,0.0,0.0,0.0,0.0
week,2026-08-11,all_observed,exact_model_variant,total_tokens,25,508,text_only_input_capable,8,0.32,0.5001517733128756,0.2912490528121668,0.5867814306219207,0.5293652751675119
week,2026-08-11,all_observed,exact_model_variant,total_tokens,25,508,non_text_input_capable,17,0.68,0.3522129185669822,0.258936360690833,0.41321856937807927,0.4706347248324881
week,2026-08-11,all_observed,exact_model_variant,total_tokens,25,508,text_output_capable,25,1.0,0.8523646918798579,0.5501854135029998,1.0,1.0
week,2026-08-11,all_observed,exact_model_variant,total_tokens,25,508,non_text_output_capable,0,0.0,0.0,0.0,0.0,0.0
week,2026-08-11,all_observed,exact_model_variant,total_tokens,25,508,free_service_variant,2,0.08,0.05606308231849362,0.010841130704488966,0.06577358594576299,0.019704504042490138
week,2026-08-11,all_observed,exact_model_variant,total_tokens,25,508,batch_service_variant,0,0.0,0.0,0.0,0.0,0.0
week,2026-08-11,all_observed,exact_model_variant,total_tokens,25,508,thinking_service_variant,0,0.0,0.0,0.0,0.0,0.0
week,2026-08-11,all_observed,exact_model_variant,total_tokens,25,508,observed_non_text_activity,0,0.0,0.0,0.0,0.0,0.0
week,2026-08-11,all_observed,exact_model_variant,total_tokens,30,508,catalog_match,30,1.0,0.8798348702677399,0.6362125312295457,1.0,1.0
week,2026-08-11,all_observed,exact_model_variant,total_tokens,30,508,hugging_face_id_available,17,0.5666666666666667,0.6585046052666652,0.4078150045193548,0.7484411308525174,0.6410043570364933
week,2026-08-11,all_observed,exact_model_variant,total_tokens,30,508,tokenizer_known_non_other,20,0.6666666666666666,0.49728068477210613,0.540653203801218,0.5651977451414039,0.849799677407093
week,2026-08-11,all_observed,exact_model_variant,total_tokens,30,508,modality_metadata_available,30,1.0,0.8798348702677399,0.6362125312295457,1.0,1.0
week,2026-08-11,all_observed,exact_model_variant,total_tokens,30,508,structured_model_size_available,0,0.0,0.0,0.0,0.0,0.0
week,2026-08-11,all_observed,exact_model_variant,total_tokens,30,508,text_only_input_capable,11,0.36666666666666664,0.5161928898798877,0.33160914590822094,0.5866929208236615,0.5212238515128779
week,2026-08-11,all_observed,exact_model_variant,total_tokens,30,508,non_text_input_capable,19,0.6333333333333333,0.3636419803878522,0.30460338532132475,0.41330707917633847,0.4787761484871221
week,2026-08-11,all_observed,exact_model_variant,total_tokens,30,508,text_output_capable,30,1.0,0.8798348702677399,0.6362125312295457,1.0,1.0
week,2026-08-11,all_observed,exact_model_variant,total_tokens,30,508,non_text_output_capable,0,0.0,0.0,0.0,0.0,0.0
week,2026-08-11,all_observed,exact_model_variant,total_tokens,30,508,free_service_variant,3,0.1,0.060812220557110816,0.01299113475505591,0.06911776585827432,0.020419488955914174
week,2026-08-11,all_observed,exact_model_variant,total_tokens,30,508,batch_service_variant,0,0.0,0.0,0.0,0.0,0.0
week,2026-08-11,all_observed,exact_model_variant,total_tokens,30,508,thinking_service_variant,0,0.0,0.0,0.0,0.0,0.0
week,2026-08-11,all_observed,exact_model_variant,total_tokens,30,508,observed_non_text_activity,0,0.0,0.0,0.0,0.0,0.0
week,2026-08-11,all_observed,exact_model_variant,total_tokens,50,508,catalog_match,50,1.0,0.9382553072128338,0.7386833995000719,1.0,1.0
week,2026-08-11,all_observed,exact_model_variant,total_tokens,50,508,hugging_face_id_available,23,0.46,0.6747837853578478,0.422691759730206,0.7191899477364532,0.5722231743887523
week,2026-08-11,all_observed,exact_model_variant,total_tokens,50,508,tokenizer_known_non_other,35,0.7,0.5414157564762332,0.6181336583148921,0.5770452373827271,0.8368045887226304
week,2026-08-11,all_observed,exact_model_variant,total_tokens,50,508,modality_metadata_available,50,1.0,0.9382553072128338,0.7386833995000719,1.0,1.0
week,2026-08-11,all_observed,exact_model_variant,total_tokens,50,508,structured_model_size_available,0,0.0,0.0,0.0,0.0,0.0
week,2026-08-11,all_observed,exact_model_variant,total_tokens,50,508,text_only_input_capable,17,0.34,0.5333495034574744,0.3631978034105465,0.5684481604925145,0.4916826392150582
week,2026-08-11,all_observed,exact_model_variant,total_tokens,50,508,non_text_input_capable,33,0.66,0.4049058037553594,0.3754855960895253,0.43155183950748555,0.5083173607849418
week,2026-08-11,all_observed,exact_model_variant,total_tokens,50,508,text_output_capable,50,1.0,0.9382553072128338,0.7386833995000719,1.0,1.0
week,2026-08-11,all_observed,exact_model_variant,total_tokens,50,508,non_text_output_capable,0,0.0,0.0,0.0,0.0,0.0
week,2026-08-11,all_observed,exact_model_variant,total_tokens,50,508,free_service_variant,6,0.12,0.07016997843065076,0.01605720547931318,0.07478772343861989,0.021737601643925422
week,2026-08-11,all_observed,exact_model_variant,total_tokens,50,508,batch_service_variant,0,0.0,0.0,0.0,0.0,0.0
week,2026-08-11,all_observed,exact_model_variant,total_tokens,50,508,thinking_service_variant,0,0.0,0.0,0.0,0.0,0.0
week,2026-08-11,all_observed,exact_model_variant,total_tokens,50,508,observed_non_text_activity,0,0.0,0.0,0.0,0.0,0.0
week,2026-08-11,all_observed,exact_model_variant,total_tokens,75,508,catalog_match,75,1.0,0.9688044063801269,0.8453699635778356,1.0,1.0
week,2026-08-11,all_observed,exact_model_variant,total_tokens,75,508,hugging_face_id_available,34,0.4533333333333333,0.6882417259659454,0.4626929707953593,0.7104031747104812,0.5473260119594465
week,2026-08-11,all_observed,exact_model_variant,total_tokens,75,508,tokenizer_known_non_other,50,0.6666666666666666,0.5604842430609313,0.6805381563590929,0.578531888758788,0.8050181407899453
week,2026-08-11,all_observed,exact_model_variant,total_tokens,75,508,modality_metadata_available,75,1.0,0.9688044063801269,0.8453699635778356,1.0,1.0
week,2026-08-11,all_observed,exact_model_variant,total_tokens,75,508,structured_model_size_available,0,0.0,0.0,0.0,0.0,0.0
week,2026-08-11,all_observed,exact_model_variant,total_tokens,75,508,text_only_input_capable,28,0.37333333333333335,0.5453513045882583,0.4272940545948773,0.5629116682343829,0.5054521369394918
week,2026-08-11,all_observed,exact_model_variant,total_tokens,75,508,non_text_input_capable,47,0.6266666666666667,0.42345310179186857,0.4180759089829583,0.43708833176561707,0.4945478630605083
week,2026-08-11,all_observed,exact_model_variant,total_tokens,75,508,text_output_capable,73,0.9733333333333334,0.9660374038575588,0.807818626225943,0.9971438997342024,0.9555799957772748
week,2026-08-11,all_observed,exact_model_variant,total_tokens,75,508,non_text_output_capable,2,0.02666666666666667,0.0027670025225681465,0.03755133735189251,0.002856100265797579,0.044420004222725205
week,2026-08-11,all_observed,exact_model_variant,total_tokens,75,508,free_service_variant,7,0.09333333333333334,0.07112432856063745,0.016432889861977155,0.07341453867493106,0.0194386961566847
week,2026-08-11,all_observed,exact_model_variant,total_tokens,75,508,batch_service_variant,0,0.0,0.0,0.0,0.0,0.0
week,2026-08-11,all_observed,exact_model_variant,total_tokens,75,508,thinking_service_variant,0,0.0,0.0,0.0,0.0,0.0
week,2026-08-11,all_observed,exact_model_variant,total_tokens,75,508,observed_non_text_activity,0,0.0,0.0,0.0,0.0,0.0
week,2026-08-11,all_observed,exact_model_variant,total_tokens,100,508,catalog_match,100,1.0,0.9831116941704524,0.901569305927693,1.0,1.0
week,2026-08-11,all_observed,exact_model_variant,total_tokens,100,508,hugging_face_id_available,48,0.48,0.6956241240122192,0.49826917754596056,0.7075738475465754,0.5526687457857204
week,2026-08-11,all_observed,exact_model_variant,total_tokens,100,508,tokenizer_known_non_other,65,0.65,0.5690267199745457,0.7233410266944503,0.5788017001005051,0.8023132796764304
week,2026-08-11,all_observed,exact_model_variant,total_tokens,100,508,modality_metadata_available,100,1.0,0.9831116941704524,0.901569305927693,1.0,1.0
week,2026-08-11,all_observed,exact_model_variant,total_tokens,100,508,structured_model_size_available,0,0.0,0.0,0.0,0.0,0.0
week,2026-08-11,all_observed,exact_model_variant,total_tokens,100,508,text_only_input_capable,40,0.4,0.5520092597647349,0.4607260298366445,0.5614919068077195,0.5110267472588461
week,2026-08-11,all_observed,exact_model_variant,total_tokens,100,508,non_text_input_capable,60,0.6,0.4311024344057175,0.44084327609104856,0.4385080931922805,0.4889732527411539
week,2026-08-11,all_observed,exact_model_variant,total_tokens,100,508,text_output_capable,96,0.96,0.9793376248088297,0.854871096127891,0.9961610980888522,0.9482034165396184
week,2026-08-11,all_observed,exact_model_variant,total_tokens,100,508,non_text_output_capable,4,0.04,0.003774069361622697,0.04669820979980204,0.0038389019111477957,0.05179658346038158
week,2026-08-11,all_observed,exact_model_variant,total_tokens,100,508,free_service_variant,9,0.09,0.0722487573231535,0.01731600812778018,0.07348987683857922,0.01920651913716431
week,2026-08-11,all_observed,exact_model_variant,total_tokens,100,508,batch_service_variant,0,0.0,0.0,0.0,0.0,0.0
week,2026-08-11,all_observed,exact_model_variant,total_tokens,100,508,thinking_service_variant,0,0.0,0.0,0.0,0.0,0.0
week,2026-08-11,all_observed,exact_model_variant,total_tokens,100,508,observed_non_text_activity,0,0.0,0.0,0.0,0.0,0.0
week,2026-08-11,all_observed,exact_model_variant,total_tokens,200,508,catalog_match,199,0.995,0.998231505117658,0.9834300737841728,0.9999284706766938,0.9998176900169472
week,2026-08-11,all_observed,exact_model_variant,total_tokens,200,508,hugging_face_id_available,110,0.55,0.7056074342158415,0.5542929524299293,0.7068069470622356,0.5635295422262941
week,2026-08-11,all_observed,exact_model_variant,total_tokens,200,508,tokenizer_known_non_other,130,0.65,0.5797710128202066,0.7906929495039651,0.5807566072798477,0.8038688457469706
week,2026-08-11,all_observed,exact_model_variant,total_tokens,200,508,modality_metadata_available,199,0.995,0.998231505117658,0.9834300737841728,0.9999284706766938,0.9998176900169472
week,2026-08-11,all_observed,exact_model_variant,total_tokens,200,508,structured_model_size_available,0,0.0,0.0,0.0,0.0,0.0
week,2026-08-11,all_observed,exact_model_variant,total_tokens,200,508,text_only_input_capable,92,0.46,0.5591048217068961,0.5008001126461693,0.5600552842213162,0.509145312039753
week,2026-08-11,all_observed,exact_model_variant,total_tokens,200,508,non_text_input_capable,107,0.535,0.43912668341076183,0.48262996113800355,0.43987318645537754,0.49067237797719426
week,2026-08-11,all_observed,exact_model_variant,total_tokens,200,508,text_output_capable,182,0.91,0.9926063093741139,0.9194198271601797,0.9942937122581683,0.9347407937301032
week,2026-08-11,all_observed,exact_model_variant,total_tokens,200,508,non_text_output_capable,19,0.095,0.005741444083408832,0.0647468174265683,0.005751204377307316,0.06582574110865307
week,2026-08-11,all_observed,exact_model_variant,total_tokens,200,508,free_service_variant,17,0.085,0.07355780432828671,0.02095102750786743,0.07368285053240214,0.021300149837592503
week,2026-08-11,all_observed,exact_model_variant,total_tokens,200,508,batch_service_variant,0,0.0,0.0,0.0,0.0,0.0
week,2026-08-11,all_observed,exact_model_variant,total_tokens,200,508,thinking_service_variant,0,0.0,0.0,0.0,0.0,0.0
week,2026-08-11,all_observed,exact_model_variant,total_tokens,200,508,observed_non_text_activity,0,0.0,0.0,0.0,0.0,0.0
week,2026-08-11,all_observed,exact_model_variant,total_tokens,508,508,catalog_match,498,0.9803149606299213,0.9999285764210807,0.9998184967813667,0.9999285764210807,0.9998184967813667
week,2026-08-11,all_observed,exact_model_variant,total_tokens,508,508,hugging_face_id_available,189,0.3720472440944882,0.7062115313072029,0.5628449821293434,0.7062115313072029,0.5628449821293434
week,2026-08-11,all_observed,exact_model_variant,total_tokens,508,508,tokenizer_known_non_other,289,0.5688976377952756,0.5806988772349005,0.7996604486122894,0.5806988772349005,0.7996604486122894
week,2026-08-11,all_observed,exact_model_variant,total_tokens,508,508,modality_metadata_available,498,0.9803149606299213,0.9999285764210807,0.9998184967813667,0.9999285764210807,0.9998184967813667
week,2026-08-11,all_observed,exact_model_variant,total_tokens,508,508,structured_model_size_available,0,0.0,0.0,0.0,0.0,0.0
week,2026-08-11,all_observed,exact_model_variant,total_tokens,508,508,text_only_input_capable,204,0.4015748031496063,0.5598650305261089,0.5089106314117042,0.5598650305261089,0.5089106314117042
week,2026-08-11,all_observed,exact_model_variant,total_tokens,508,508,non_text_input_capable,294,0.5787401574803149,0.4400635458949718,0.49090786536966247,0.4400635458949718,0.49090786536966247
week,2026-08-11,all_observed,exact_model_variant,total_tokens,508,508,text_output_capable,376,0.7401574803149606,0.9940904596896982,0.9285272794644673,0.9940904596896982,0.9285272794644673
week,2026-08-11,all_observed,exact_model_variant,total_tokens,508,508,non_text_output_capable,135,0.265748031496063,0.006061135701746993,0.07269585590747693,0.006061135701746993,0.07269585590747693
week,2026-08-11,all_observed,exact_model_variant,total_tokens,508,508,free_service_variant,22,0.04330708661417323,0.07359755403480633,0.021262791604485715,0.07359755403480633,0.021262791604485715
week,2026-08-11,all_observed,exact_model_variant,total_tokens,508,508,batch_service_variant,44,0.08661417322834646,4.784536292806685e-05,0.00018690890540348193,4.784536292806685e-05,0.00018690890540348193
week,2026-08-11,all_observed,exact_model_variant,total_tokens,508,508,thinking_service_variant,1,0.001968503937007874,3.8709444668342715e-07,1.318015209032614e-06,3.8709444668342715e-07,1.318015209032614e-06
week,2026-08-11,all_observed,exact_model_variant,total_tokens,508,508,observed_non_text_activity,0,0.0,0.0,0.0,0.0,0.0
week,2026-08-11,all_observed,exact_model_variant,requests,1,508,catalog_match,1,1.0,0.07694675786406,0.13434512285446334,1.0,1.0
week,2026-08-11,all_observed,exact_model_variant,requests,1,508,hugging_face_id_available,1,1.0,0.07694675786406,0.13434512285446334,1.0,1.0
week,2026-08-11,all_observed,exact_model_variant,requests,1,508,tokenizer_known_non_other,1,1.0,0.07694675786406,0.13434512285446334,1.0,1.0
week,2026-08-11,all_observed,exact_model_variant,requests,1,508,modality_metadata_available,1,1.0,0.07694675786406,0.13434512285446334,1.0,1.0
week,2026-08-11,all_observed,exact_model_variant,requests,1,508,structured_model_size_available,0,0.0,0.0,0.0,0.0,0.0
week,2026-08-11,all_observed,exact_model_variant,requests,1,508,text_only_input_capable,1,1.0,0.07694675786406,0.13434512285446334,1.0,1.0
week,2026-08-11,all_observed,exact_model_variant,requests,1,508,non_text_input_capable,0,0.0,0.0,0.0,0.0,0.0
week,2026-08-11,all_observed,exact_model_variant,requests,1,508,text_output_capable,1,1.0,0.07694675786406,0.13434512285446334,1.0,1.0
week,2026-08-11,all_observed,exact_model_variant,requests,1,508,non_text_output_capable,0,0.0,0.0,0.0,0.0,0.0
week,2026-08-11,all_observed,exact_model_variant,requests,1,508,free_service_variant,0,0.0,0.0,0.0,0.0,0.0
week,2026-08-11,all_observed,exact_model_variant,requests,1,508,batch_service_variant,0,0.0,0.0,0.0,0.0,0.0
week,2026-08-11,all_observed,exact_model_variant,requests,1,508,thinking_service_variant,0,0.0,0.0,0.0,0.0,0.0
week,2026-08-11,all_observed,exact_model_variant,requests,1,508,observed_non_text_activity,0,0.0,0.0,0.0,0.0,0.0
week,2026-08-11,all_observed,exact_model_variant,requests,2,508,catalog_match,2,1.0,0.2173286380712906,0.20723528073170464,1.0,1.0
week,2026-08-11,all_observed,exact_model_variant,requests,2,508,hugging_face_id_available,2,1.0,0.2173286380712906,0.20723528073170464,1.0,1.0
week,2026-08-11,all_observed,exact_model_variant,requests,2,508,tokenizer_known_non_other,2,1.0,0.2173286380712906,0.20723528073170464,1.0,1.0
week,2026-08-11,all_observed,exact_model_variant,requests,2,508,modality_metadata_available,2,1.0,0.2173286380712906,0.20723528073170464,1.0,1.0
week,2026-08-11,all_observed,exact_model_variant,requests,2,508,structured_model_size_available,0,0.0,0.0,0.0,0.0,0.0
week,2026-08-11,all_observed,exact_model_variant,requests,2,508,text_only_input_capable,2,1.0,0.2173286380712906,0.20723528073170464,1.0,1.0
week,2026-08-11,all_observed,exact_model_variant,requests,2,508,non_text_input_capable,0,0.0,0.0,0.0,0.0,0.0
week,2026-08-11,all_observed,exact_model_variant,requests,2,508,text_output_capable,2,1.0,0.2173286380712906,0.20723528073170464,1.0,1.0
week,2026-08-11,all_observed,exact_model_variant,requests,2,508,non_text_output_capable,0,0.0,0.0,0.0,0.0,0.0
week,2026-08-11,all_observed,exact_model_variant,requests,2,508,free_service_variant,0,0.0,0.0,0.0,0.0,0.0
week,2026-08-11,all_observed,exact_model_variant,requests,2,508,batch_service_variant,0,0.0,0.0,0.0,0.0,0.0
week,2026-08-11,all_observed,exact_model_variant,requests,2,508,thinking_service_variant,0,0.0,0.0,0.0,0.0,0.0
week,2026-08-11,all_observed,exact_model_variant,requests,2,508,observed_non_text_activity,0,0.0,0.0,0.0,0.0,0.0
week,2026-08-11,all_observed,exact_model_variant,requests,5,508,catalog_match,5,1.0,0.3019505442626531,0.3472687597479595,1.0,1.0
week,2026-08-11,all_observed,exact_model_variant,requests,5,508,hugging_face_id_available,2,0.4,0.2173286380712906,0.20723528073170464,0.719749118525338,0.5967576262319471
week,2026-08-11,all_observed,exact_model_variant,requests,5,508,tokenizer_known_non_other,5,1.0,0.3019505442626531,0.3472687597479595,1.0,1.0
week,2026-08-11,all_observed,exact_model_variant,requests,5,508,modality_metadata_available,5,1.0,0.3019505442626531,0.3472687597479595,1.0,1.0
week,2026-08-11,all_observed,exact_model_variant,requests,5,508,structured_model_size_available,0,0.0,0.0,0.0,0.0,0.0
week,2026-08-11,all_observed,exact_model_variant,requests,5,508,text_only_input_capable,2,0.4,0.2173286380712906,0.20723528073170464,0.719749118525338,0.5967576262319471
week,2026-08-11,all_observed,exact_model_variant,requests,5,508,non_text_input_capable,3,0.6,0.08462190619136249,0.14003347901625485,0.28025088147466204,0.4032423737680529
week,2026-08-11,all_observed,exact_model_variant,requests,5,508,text_output_capable,5,1.0,0.3019505442626531,0.3472687597479595,1.0,1.0
week,2026-08-11,all_observed,exact_model_variant,requests,5,508,non_text_output_capable,0,0.0,0.0,0.0,0.0,0.0
week,2026-08-11,all_observed,exact_model_variant,requests,5,508,free_service_variant,0,0.0,0.0,0.0,0.0,0.0
week,2026-08-11,all_observed,exact_model_variant,requests,5,508,batch_service_variant,0,0.0,0.0,0.0,0.0,0.0
week,2026-08-11,all_observed,exact_model_variant,requests,5,508,thinking_service_variant,0,0.0,0.0,0.0,0.0,0.0
week,2026-08-11,all_observed,exact_model_variant,requests,5,508,observed_non_text_activity,0,0.0,0.0,0.0,0.0,0.0
week,2026-08-11,all_observed,exact_model_variant,requests,10,508,catalog_match,10,1.0,0.4916336977520962,0.4782763192357784,1.0,1.0
week,2026-08-11,all_observed,exact_model_variant,requests,10,508,hugging_face_id_available,5,0.5,0.39155713882322885,0.28445731427646387,0.7964408066687682,0.5947551715104537
week,2026-08-11,all_observed,exact_model_variant,requests,10,508,tokenizer_known_non_other,9,0.9,0.35888917293045874,0.4503260572639838,0.729993030525395,0.9415604309733433
week,2026-08-11,all_observed,exact_model_variant,requests,10,508,modality_metadata_available,10,1.0,0.4916336977520962,0.4782763192357784,1.0,1.0
week,2026-08-11,all_observed,exact_model_variant,requests,10,508,structured_model_size_available,0,0.0,0.0,0.0,0.0,0.0
week,2026-08-11,all_observed,exact_model_variant,requests,10,508,text_only_input_capable,5,0.5,0.39155713882322885,0.28445731427646387,0.7964408066687682,0.5947551715104537
week,2026-08-11,all_observed,exact_model_variant,requests,10,508,non_text_input_capable,5,0.5,0.10007655892886737,0.1938190049593145,0.20355919333123187,0.4052448284895463
week,2026-08-11,all_observed,exact_model_variant,requests,10,508,text_output_capable,10,1.0,0.4916336977520962,0.4782763192357784,1.0,1.0
week,2026-08-11,all_observed,exact_model_variant,requests,10,508,non_text_output_capable,0,0.0,0.0,0.0,0.0,0.0
week,2026-08-11,all_observed,exact_model_variant,requests,10,508,free_service_variant,0,0.0,0.0,0.0,0.0,0.0
week,2026-08-11,all_observed,exact_model_variant,requests,10,508,batch_service_variant,0,0.0,0.0,0.0,0.0,0.0
week,2026-08-11,all_observed,exact_model_variant,requests,10,508,thinking_service_variant,0,0.0,0.0,0.0,0.0,0.0
week,2026-08-11,all_observed,exact_model_variant,requests,10,508,observed_non_text_activity,0,0.0,0.0,0.0,0.0,0.0
week,2026-08-11,all_observed,exact_model_variant,requests,20,508,catalog_match,20,1.0,0.6445955757421397,0.6635582485197162,1.0,1.0
week,2026-08-11,all_observed,exact_model_variant,requests,20,508,hugging_face_id_available,12,0.6,0.53367089899707,0.4027165807227968,0.8279158577572314,0.6069046411843843
week,2026-08-11,all_observed,exact_model_variant,requests,20,508,tokenizer_known_non_other,14,0.7,0.3837987524539115,0.542478334853805,0.5954101562239766,0.8175293368200612
week,2026-08-11,all_observed,exact_model_variant,requests,20,508,modality_metadata_available,20,1.0,0.6445955757421397,0.6635582485197162,1.0,1.0
week,2026-08-11,all_observed,exact_model_variant,requests,20,508,structured_model_size_available,0,0.0,0.0,0.0,0.0,0.0
week,2026-08-11,all_observed,exact_model_variant,requests,20,508,text_only_input_capable,11,0.55,0.4564818101599763,0.38560571749573747,0.7081677680372176,0.5811181133773218
week,2026-08-11,all_observed,exact_model_variant,requests,20,508,non_text_input_capable,9,0.45,0.18811376558216333,0.2779525310239787,0.29183223196278235,0.4188818866226782
week,2026-08-11,all_observed,exact_model_variant,requests,20,508,text_output_capable,18,0.9,0.6418285732195714,0.6260069111678237,0.9957073820753696,0.943409131849897
week,2026-08-11,all_observed,exact_model_variant,requests,20,508,non_text_output_capable,2,0.1,0.0027670025225681465,0.03755133735189251,0.004292617924630377,0.05659086815010296
week,2026-08-11,all_observed,exact_model_variant,requests,20,508,free_service_variant,0,0.0,0.0,0.0,0.0,0.0
week,2026-08-11,all_observed,exact_model_variant,requests,20,508,batch_service_variant,0,0.0,0.0,0.0,0.0,0.0
week,2026-08-11,all_observed,exact_model_variant,requests,20,508,thinking_service_variant,0,0.0,0.0,0.0,0.0,0.0
week,2026-08-11,all_observed,exact_model_variant,requests,20,508,observed_non_text_activity,0,0.0,0.0,0.0,0.0,0.0
week,2026-08-11,all_observed,exact_model_variant,requests,25,508,catalog_match,25,1.0,0.6873606541588931,0.7084811090909132,1.0,1.0
week,2026-08-11,all_observed,exact_model_variant,requests,25,508,hugging_face_id_available,14,0.56,0.5363023653056832,0.4221470133936849,0.7802343093989627,0.595847945664158
week,2026-08-11,all_observed,exact_model_variant,requests,25,508,tokenizer_known_non_other,19,0.76,0.426563830870665,0.587401195425002,0.6205822638955688,0.8290993053840564
week,2026-08-11,all_observed,exact_model_variant,requests,25,508,modality_metadata_available,25,1.0,0.6873606541588931,0.7084811090909132,1.0,1.0
week,2026-08-11,all_observed,exact_model_variant,requests,25,508,structured_model_size_available,0,0.0,0.0,0.0,0.0,0.0
week,2026-08-11,all_observed,exact_model_variant,requests,25,508,text_only_input_capable,13,0.52,0.4591132764685895,0.4050361501666255,0.667936510026742,0.571696471464634
week,2026-08-11,all_observed,exact_model_variant,requests,25,508,non_text_input_capable,12,0.48,0.22824737769030362,0.30344495892428774,0.3320634899732579,0.4283035285353661
week,2026-08-11,all_observed,exact_model_variant,requests,25,508,text_output_capable,23,0.92,0.684593651636325,0.6709297717390208,0.9959744531406819,0.9469974049130591
week,2026-08-11,all_observed,exact_model_variant,requests,25,508,non_text_output_capable,2,0.08,0.0027670025225681465,0.03755133735189251,0.0040255468593180695,0.05300259508694094
week,2026-08-11,all_observed,exact_model_variant,requests,25,508,free_service_variant,0,0.0,0.0,0.0,0.0,0.0
week,2026-08-11,all_observed,exact_model_variant,requests,25,508,batch_service_variant,0,0.0,0.0,0.0,0.0,0.0
week,2026-08-11,all_observed,exact_model_variant,requests,25,508,thinking_service_variant,0,0.0,0.0,0.0,0.0,0.0
week,2026-08-11,all_observed,exact_model_variant,requests,25,508,observed_non_text_activity,0,0.0,0.0,0.0,0.0,0.0
week,2026-08-11,all_observed,exact_model_variant,requests,30,508,catalog_match,30,1.0,0.7553663728666724,0.7424210495145055,1.0,1.0
week,2026-08-11,all_observed,exact_model_variant,requests,30,508,hugging_face_id_available,16,0.5333333333333333,0.5906943831779613,0.43606615412705657,0.7819971928803655,0.5873569377002648
week,2026-08-11,all_observed,exact_model_variant,requests,30,508,tokenizer_known_non_other,22,0.7333333333333333,0.4401775317061662,0.6074219951152227,0.5827338196637735,0.818163756957641
week,2026-08-11,all_observed,exact_model_variant,requests,30,508,modality_metadata_available,30,1.0,0.7553663728666724,0.7424210495145055,1.0,1.0
week,2026-08-11,all_observed,exact_model_variant,requests,30,508,structured_model_size_available,0,0.0,0.0,0.0,0.0,0.0
week,2026-08-11,all_observed,exact_model_variant,requests,30,508,text_only_input_capable,14,0.4666666666666667,0.49049904044107645,0.41134822855045444,0.6493524970930272,0.554063262106387
week,2026-08-11,all_observed,exact_model_variant,requests,30,508,non_text_input_capable,16,0.5333333333333333,0.26486733242559596,0.3310728209640511,0.3506475029069727,0.44593673789361293
week,2026-08-11,all_observed,exact_model_variant,requests,30,508,text_output_capable,28,0.9333333333333333,0.7525993703441043,0.7048697121626131,0.9963368735729297,0.9494204301232453
week,2026-08-11,all_observed,exact_model_variant,requests,30,508,non_text_output_capable,2,0.06666666666666667,0.0027670025225681465,0.03755133735189251,0.0036631264270703006,0.05057956987675472
week,2026-08-11,all_observed,exact_model_variant,requests,30,508,free_service_variant,1,0.03333333333333333,0.031385763972486935,0.006312078383828942,0.04155038548165123,0.008502019693483402
week,2026-08-11,all_observed,exact_model_variant,requests,30,508,batch_service_variant,0,0.0,0.0,0.0,0.0,0.0
week,2026-08-11,all_observed,exact_model_variant,requests,30,508,thinking_service_variant,0,0.0,0.0,0.0,0.0,0.0
week,2026-08-11,all_observed,exact_model_variant,requests,30,508,observed_non_text_activity,0,0.0,0.0,0.0,0.0,0.0
week,2026-08-11,all_observed,exact_model_variant,requests,50,508,catalog_match,50,1.0,0.8777793294786232,0.8382918666378564,1.0,1.0
week,2026-08-11,all_observed,exact_model_variant,requests,50,508,hugging_face_id_available,24,0.48,0.6550940696905343,0.4729920301474308,0.7463083803530006,0.5642331137536424
week,2026-08-11,all_observed,exact_model_variant,requests,50,508,tokenizer_known_non_other,37,0.74,0.4995313918496444,0.680948297988604,0.5690853897714273,0.8123045505853332
week,2026-08-11,all_observed,exact_model_variant,requests,50,508,modality_metadata_available,50,1.0,0.8777793294786232,0.8382918666378564,1.0,1.0
week,2026-08-11,all_observed,exact_model_variant,requests,50,508,structured_model_size_available,0,0.0,0.0,0.0,0.0,0.0
week,2026-08-11,all_observed,exact_model_variant,requests,50,508,text_only_input_capable,22,0.44,0.5189015406025755,0.44912437797651616,0.5911526088348295,0.5357613450048403
week,2026-08-11,all_observed,exact_model_variant,requests,50,508,non_text_input_capable,28,0.56,0.35887778887604777,0.38916748866134027,0.4088473911651705,0.4642386549951597
week,2026-08-11,all_observed,exact_model_variant,requests,50,508,text_output_capable,45,0.9,0.8736667655267338,0.7868716506410013,0.9953148088434343,0.938660724214006
week,2026-08-11,all_observed,exact_model_variant,requests,50,508,non_text_output_capable,5,0.1,0.004112563951889486,0.051420215996855125,0.00468519115656578,0.06133927578599394
week,2026-08-11,all_observed,exact_model_variant,requests,50,508,free_service_variant,2,0.04,0.05606308231849362,0.010841130704488966,0.06386922138140749,0.012932405926792028
week,2026-08-11,all_observed,exact_model_variant,requests,50,508,batch_service_variant,0,0.0,0.0,0.0,0.0,0.0
week,2026-08-11,all_observed,exact_model_variant,requests,50,508,thinking_service_variant,0,0.0,0.0,0.0,0.0,0.0
week,2026-08-11,all_observed,exact_model_variant,requests,50,508,observed_non_text_activity,0,0.0,0.0,0.0,0.0,0.0
week,2026-08-11,all_observed,exact_model_variant,requests,75,508,catalog_match,75,1.0,0.9282324086666875,0.9085804683552993,1.0,1.0
week,2026-08-11,all_observed,exact_model_variant,requests,75,508,hugging_face_id_available,37,0.49333333333333335,0.6738105600555244,0.5075645086531138,0.7259071691144522,0.558634624373888
week,2026-08-11,all_observed,exact_model_variant,requests,75,508,tokenizer_known_non_other,58,0.7733333333333333,0.5360377209808214,0.7408444922842821,0.5774822296398653,0.8153867687969886
week,2026-08-11,all_observed,exact_model_variant,requests,75,508,modality_metadata_available,75,1.0,0.9282324086666875,0.9085804683552993,1.0,1.0
week,2026-08-11,all_observed,exact_model_variant,requests,75,508,structured_model_size_available,0,0.0,0.0,0.0,0.0,0.0
week,2026-08-11,all_observed,exact_model_variant,requests,75,508,text_only_input_capable,30,0.4,0.5326618895059672,0.4706989329379932,0.5738453910169786,0.5180597088885769
week,2026-08-11,all_observed,exact_model_variant,requests,75,508,non_text_input_capable,45,0.6,0.39557051916072034,0.437881535417306,0.4261546089830214,0.48194029111142306
week,2026-08-11,all_observed,exact_model_variant,requests,75,508,text_output_capable,68,0.9066666666666666,0.9236623379835204,0.849786299464638,0.9950765878884453,0.9352900805835177
week,2026-08-11,all_observed,exact_model_variant,requests,75,508,non_text_output_capable,7,0.09333333333333334,0.004570070683167122,0.05879416889066119,0.004923412111554657,0.06470991941648233
week,2026-08-11,all_observed,exact_model_variant,requests,75,508,free_service_variant,3,0.04,0.060812220557110816,0.01299113475505591,0.06551400273177431,0.01429827649561111
week,2026-08-11,all_observed,exact_model_variant,requests,75,508,batch_service_variant,0,0.0,0.0,0.0,0.0,0.0
week,2026-08-11,all_observed,exact_model_variant,requests,75,508,thinking_service_variant,0,0.0,0.0,0.0,0.0,0.0
week,2026-08-11,all_observed,exact_model_variant,requests,75,508,observed_non_text_activity,0,0.0,0.0,0.0,0.0,0.0
week,2026-08-11,all_observed,exact_model_variant,requests,100,508,catalog_match,100,1.0,0.9637114019460871,0.9442403362815464,1.0,1.0
week,2026-08-11,all_observed,exact_model_variant,requests,100,508,hugging_face_id_available,52,0.52,0.6842728351401357,0.5280909503569374,0.7100391608507876,0.5592759915728439
week,2026-08-11,all_observed,exact_model_variant,requests,100,508,tokenizer_known_non_other,75,0.75,0.5653968736571671,0.7660012661377754,0.5866869194609747,0.8112354839174918
week,2026-08-11,all_observed,exact_model_variant,requests,100,508,modality_metadata_available,100,1.0,0.9637114019460871,0.9442403362815464,1.0,1.0
week,2026-08-11,all_observed,exact_model_variant,requests,100,508,structured_model_size_available,0,0.0,0.0,0.0,0.0,0.0
week,2026-08-11,all_observed,exact_model_variant,requests,100,508,text_only_input_capable,38,0.38,0.5405343138478494,0.4809571330789577,0.5608881587955816,0.5093588089796978
week,2026-08-11,all_observed,exact_model_variant,requests,100,508,non_text_input_capable,62,0.62,0.4231770880982377,0.4632832032025886,0.43911184120441843,0.49064119102030224
week,2026-08-11,all_observed,exact_model_variant,requests,100,508,text_output_capable,90,0.9,0.9588906784245891,0.8815368743711122,0.9949977519081301,0.9335937477979783
week,2026-08-11,all_observed,exact_model_variant,requests,100,508,non_text_output_capable,10,0.1,0.004820723521498065,0.06270346191043415,0.005002248091869884,0.0664062522020217
week,2026-08-11,all_observed,exact_model_variant,requests,100,508,free_service_variant,4,0.04,0.06405526529532715,0.014357731620087456,0.06646726931524942,0.015205590217241449
week,2026-08-11,all_observed,exact_model_variant,requests,100,508,batch_service_variant,0,0.0,0.0,0.0,0.0,0.0
week,2026-08-11,all_observed,exact_model_variant,requests,100,508,thinking_service_variant,0,0.0,0.0,0.0,0.0,0.0
week,2026-08-11,all_observed,exact_model_variant,requests,100,508,observed_non_text_activity,0,0.0,0.0,0.0,0.0,0.0
week,2026-08-11,all_observed,exact_model_variant,requests,200,508,catalog_match,199,0.995,0.9953865104392758,0.991812930092604,0.999928266247616,0.9998192306321976
week,2026-08-11,all_observed,exact_model_variant,requests,200,508,hugging_face_id_available,112,0.56,0.7048392270245436,0.5597854413248068,0.7080552718671365,0.5643042475885213
week,2026-08-11,all_observed,exact_model_variant,requests,200,508,tokenizer_known_non_other,135,0.675,0.5789466013792083,0.7949505284125384,0.5815882225604844,0.8013676789169035
week,2026-08-11,all_observed,exact_model_variant,requests,200,508,modality_metadata_available,199,0.995,0.9953865104392758,0.991812930092604,0.999928266247616,0.9998192306321976
week,2026-08-11,all_observed,exact_model_variant,requests,200,508,structured_model_size_available,0,0.0,0.0,0.0,0.0,0.0
week,2026-08-11,all_observed,exact_model_variant,requests,200,508,text_only_input_capable,89,0.445,0.557895074041496,0.5051012151486337,0.5604406411818966,0.5091785890249919
week,2026-08-11,all_observed,exact_model_variant,requests,200,508,non_text_input_capable,110,0.55,0.4374914363977799,0.4867117149439703,0.43948762506571937,0.49064064160720566
week,2026-08-11,all_observed,exact_model_variant,requests,200,508,text_output_capable,173,0.865,0.989725149961387,0.9220520014099163,0.9942410740786567,0.9294951645432427
week,2026-08-11,all_observed,exact_model_variant,requests,200,508,non_text_output_capable,29,0.145,0.005797991186028846,0.07065784986646541,0.005824446296550919,0.07122822757011119
week,2026-08-11,all_observed,exact_model_variant,requests,200,508,free_service_variant,15,0.075,0.0731720516069022,0.020740595753771653,0.07350592150257433,0.020908021926527246
week,2026-08-11,all_observed,exact_model_variant,requests,200,508,batch_service_variant,0,0.0,0.0,0.0,0.0,0.0
week,2026-08-11,all_observed,exact_model_variant,requests,200,508,thinking_service_variant,0,0.0,0.0,0.0,0.0,0.0
week,2026-08-11,all_observed,exact_model_variant,requests,200,508,observed_non_text_activity,0,0.0,0.0,0.0,0.0,0.0
week,2026-08-11,all_observed,exact_model_variant,requests,508,508,catalog_match,498,0.9803149606299213,0.9999285764210807,0.9998184967813667,0.9999285764210807,0.9998184967813667
week,2026-08-11,all_observed,exact_model_variant,requests,508,508,hugging_face_id_available,189,0.3720472440944882,0.7062115313072029,0.5628449821293434,0.7062115313072029,0.5628449821293434
week,2026-08-11,all_observed,exact_model_variant,requests,508,508,tokenizer_known_non_other,289,0.5688976377952756,0.5806988772349005,0.7996604486122894,0.5806988772349005,0.7996604486122894
week,2026-08-11,all_observed,exact_model_variant,requests,508,508,modality_metadata_available,498,0.9803149606299213,0.9999285764210807,0.9998184967813667,0.9999285764210807,0.9998184967813667
week,2026-08-11,all_observed,exact_model_variant,requests,508,508,structured_model_size_available,0,0.0,0.0,0.0,0.0,0.0
week,2026-08-11,all_observed,exact_model_variant,requests,508,508,text_only_input_capable,204,0.4015748031496063,0.5598650305261089,0.5089106314117042,0.5598650305261089,0.5089106314117042
week,2026-08-11,all_observed,exact_model_variant,requests,508,508,non_text_input_capable,294,0.5787401574803149,0.4400635458949718,0.49090786536966247,0.4400635458949718,0.49090786536966247
week,2026-08-11,all_observed,exact_model_variant,requests,508,508,text_output_capable,376,0.7401574803149606,0.9940904596896982,0.9285272794644673,0.9940904596896982,0.9285272794644673
week,2026-08-11,all_observed,exact_model_variant,requests,508,508,non_text_output_capable,135,0.265748031496063,0.006061135701746993,0.07269585590747693,0.006061135701746993,0.07269585590747693
week,2026-08-11,all_observed,exact_model_variant,requests,508,508,free_service_variant,22,0.04330708661417323,0.07359755403480633,0.021262791604485715,0.07359755403480633,0.021262791604485715
week,2026-08-11,all_observed,exact_model_variant,requests,508,508,batch_service_variant,44,0.08661417322834646,4.784536292806685e-05,0.00018690890540348193,4.784536292806685e-05,0.00018690890540348193
week,2026-08-11,all_observed,exact_model_variant,requests,508,508,thinking_service_variant,1,0.001968503937007874,3.8709444668342715e-07,1.318015209032614e-06,3.8709444668342715e-07,1.318015209032614e-06
week,2026-08-11,all_observed,exact_model_variant,requests,508,508,observed_non_text_activity,0,0.0,0.0,0.0,0.0,0.0
week,2026-08-11,current_catalog_text_output,model_permaslug,total_tokens,1,315,catalog_match,1,1.0,0.1412164042405661,0.07850082543539383,1.0,1.0
week,2026-08-11,current_catalog_text_output,model_permaslug,total_tokens,1,315,hugging_face_id_available,1,1.0,0.1412164042405661,0.07850082543539383,1.0,1.0
week,2026-08-11,current_catalog_text_output,model_permaslug,total_tokens,1,315,tokenizer_known_non_other,1,1.0,0.1412164042405661,0.07850082543539383,1.0,1.0
week,2026-08-11,current_catalog_text_output,model_permaslug,total_tokens,1,315,modality_metadata_available,1,1.0,0.1412164042405661,0.07850082543539383,1.0,1.0
week,2026-08-11,current_catalog_text_output,model_permaslug,total_tokens,1,315,structured_model_size_available,0,0.0,0.0,0.0,0.0,0.0
week,2026-08-11,current_catalog_text_output,model_permaslug,total_tokens,1,315,text_only_input_capable,1,1.0,0.1412164042405661,0.07850082543539383,1.0,1.0
week,2026-08-11,current_catalog_text_output,model_permaslug,total_tokens,1,315,non_text_input_capable,0,0.0,0.0,0.0,0.0,0.0
week,2026-08-11,current_catalog_text_output,model_permaslug,total_tokens,1,315,text_output_capable,1,1.0,0.1412164042405661,0.07850082543539383,1.0,1.0
week,2026-08-11,current_catalog_text_output,model_permaslug,total_tokens,1,315,non_text_output_capable,0,0.0,0.0,0.0,0.0,0.0
week,2026-08-11,current_catalog_text_output,model_permaslug,total_tokens,1,315,free_service_variant,0,0.0,0.0,0.0,0.0,0.0
week,2026-08-11,current_catalog_text_output,model_permaslug,total_tokens,1,315,batch_service_variant,0,0.0,0.0,0.0,0.0,0.0
week,2026-08-11,current_catalog_text_output,model_permaslug,total_tokens,1,315,thinking_service_variant,0,0.0,0.0,0.0,0.0,0.0
week,2026-08-11,current_catalog_text_output,model_permaslug,total_tokens,1,315,observed_non_text_activity,0,0.0,0.0,0.0,0.0,0.0
week,2026-08-11,current_catalog_text_output,model_permaslug,total_tokens,2,315,catalog_match,2,1.0,0.2747500515336637,0.10860253875060741,1.0,1.0
week,2026-08-11,current_catalog_text_output,model_permaslug,total_tokens,2,315,hugging_face_id_available,2,1.0,0.2747500515336637,0.10860253875060741,1.0,1.0
week,2026-08-11,current_catalog_text_output,model_permaslug,total_tokens,2,315,tokenizer_known_non_other,1,0.5,0.1412164042405661,0.07850082543539383,0.5139813566996313,0.7228267988804707
week,2026-08-11,current_catalog_text_output,model_permaslug,total_tokens,2,315,modality_metadata_available,2,1.0,0.2747500515336637,0.10860253875060741,1.0,1.0
week,2026-08-11,current_catalog_text_output,model_permaslug,total_tokens,2,315,structured_model_size_available,0,0.0,0.0,0.0,0.0,0.0
week,2026-08-11,current_catalog_text_output,model_permaslug,total_tokens,2,315,text_only_input_capable,2,1.0,0.2747500515336637,0.10860253875060741,1.0,1.0
week,2026-08-11,current_catalog_text_output,model_permaslug,total_tokens,2,315,non_text_input_capable,0,0.0,0.0,0.0,0.0,0.0
week,2026-08-11,current_catalog_text_output,model_permaslug,total_tokens,2,315,text_output_capable,2,1.0,0.2747500515336637,0.10860253875060741,1.0,1.0
week,2026-08-11,current_catalog_text_output,model_permaslug,total_tokens,2,315,non_text_output_capable,0,0.0,0.0,0.0,0.0,0.0
week,2026-08-11,current_catalog_text_output,model_permaslug,total_tokens,2,315,free_service_variant,0,0.0,0.0,0.0,0.0,0.0
week,2026-08-11,current_catalog_text_output,model_permaslug,total_tokens,2,315,batch_service_variant,0,0.0,0.0,0.0,0.0,0.0
week,2026-08-11,current_catalog_text_output,model_permaslug,total_tokens,2,315,thinking_service_variant,0,0.0,0.0,0.0,0.0,0.0
week,2026-08-11,current_catalog_text_output,model_permaslug,total_tokens,2,315,observed_non_text_activity,0,0.0,0.0,0.0,0.0,0.0
week,2026-08-11,current_catalog_text_output,model_permaslug,total_tokens,5,315,catalog_match,5,1.0,0.49165776193671945,0.31371983818689103,1.0,1.0
week,2026-08-11,current_catalog_text_output,model_permaslug,total_tokens,5,315,hugging_face_id_available,4,0.8,0.42292548210714587,0.2719500397733821,0.860203000642508,0.8668563688706686
week,2026-08-11,current_catalog_text_output,model_permaslug,total_tokens,5,315,tokenizer_known_non_other,3,0.6,0.2873528650619567,0.264956866058122,0.5844570904973152,0.8445652260609684
week,2026-08-11,current_catalog_text_output,model_permaslug,total_tokens,5,315,modality_metadata_available,5,1.0,0.49165776193671945,0.31371983818689103,1.0,1.0
week,2026-08-11,current_catalog_text_output,model_permaslug,total_tokens,5,315,structured_model_size_available,0,0.0,0.0,0.0,0.0,0.0
week,2026-08-11,current_catalog_text_output,model_permaslug,total_tokens,5,315,text_only_input_capable,3,0.6,0.3521542325254807,0.2532887809598267,0.7162588690520989,0.8073725347548343
week,2026-08-11,current_catalog_text_output,model_permaslug,total_tokens,5,315,non_text_input_capable,2,0.4,0.1395035294112387,0.06043105722706435,0.2837411309479011,0.19262746524516566
week,2026-08-11,current_catalog_text_output,model_permaslug,total_tokens,5,315,text_output_capable,5,1.0,0.49165776193671945,0.31371983818689103,1.0,1.0
week,2026-08-11,current_catalog_text_output,model_permaslug,total_tokens,5,315,non_text_output_capable,0,0.0,0.0,0.0,0.0,0.0
week,2026-08-11,current_catalog_text_output,model_permaslug,total_tokens,5,315,free_service_variant,0,0.0,0.0,0.0,0.0,0.0
week,2026-08-11,current_catalog_text_output,model_permaslug,total_tokens,5,315,batch_service_variant,1,0.2,0.06873227982957356,0.04176979841350893,0.13979699935749207,0.13314363112933134
week,2026-08-11,current_catalog_text_output,model_permaslug,total_tokens,5,315,thinking_service_variant,0,0.0,0.0,0.0,0.0,0.0
week,2026-08-11,current_catalog_text_output,model_permaslug,total_tokens,5,315,observed_non_text_activity,0,0.0,0.0,0.0,0.0,0.0
week,2026-08-11,current_catalog_text_output,model_permaslug,total_tokens,10,315,catalog_match,10,1.0,0.672292645465387,0.3822361419596028,1.0,1.0
week,2026-08-11,current_catalog_text_output,model_permaslug,total_tokens,10,315,hugging_face_id_available,8,0.8,0.5689844179195052,0.3311612146543051,0.8463344374764536,0.86637860291428
week,2026-08-11,current_catalog_text_output,model_permaslug,total_tokens,10,315,tokenizer_known_non_other,5,0.5,0.3578934242970022,0.30033294509489616,0.5323476713764353,0.7857261837020039
week,2026-08-11,current_catalog_text_output,model_permaslug,total_tokens,10,315,modality_metadata_available,10,1.0,0.672292645465387,0.3822361419596028,1.0,1.0
week,2026-08-11,current_catalog_text_output,model_permaslug,total_tokens,10,315,structured_model_size_available,0,0.0,0.0,0.0,0.0,0.0
week,2026-08-11,current_catalog_text_output,model_permaslug,total_tokens,10,315,text_only_input_capable,7,0.7,0.49821316833784,0.3124999558407497,0.7410659207687116,0.8175573200343171
week,2026-08-11,current_catalog_text_output,model_permaslug,total_tokens,10,315,non_text_input_capable,3,0.3,0.17407947712754698,0.06973618611885313,0.25893407923128836,0.18244267996568284
week,2026-08-11,current_catalog_text_output,model_permaslug,total_tokens,10,315,text_output_capable,10,1.0,0.672292645465387,0.3822361419596028,1.0,1.0
week,2026-08-11,current_catalog_text_output,model_permaslug,total_tokens,10,315,non_text_output_capable,0,0.0,0.0,0.0,0.0,0.0
week,2026-08-11,current_catalog_text_output,model_permaslug,total_tokens,10,315,free_service_variant,2,0.2,0.058094772644391314,0.012705520871505198,0.08641292305700572,0.03323997779584118
week,2026-08-11,current_catalog_text_output,model_permaslug,total_tokens,10,315,batch_service_variant,4,0.4,0.1877903927495642,0.07912639523260555,0.2793283460948296,0.20700919286949096
week,2026-08-11,current_catalog_text_output,model_permaslug,total_tokens,10,315,thinking_service_variant,0,0.0,0.0,0.0,0.0,0.0
week,2026-08-11,current_catalog_text_output,model_permaslug,total_tokens,10,315,observed_non_text_activity,0,0.0,0.0,0.0,0.0,0.0
week,2026-08-11,current_catalog_text_output,model_permaslug,total_tokens,20,315,catalog_match,20,1.0,0.8224584127942104,0.5216026575874149,1.0,1.0
week,2026-08-11,current_catalog_text_output,model_permaslug,total_tokens,20,315,hugging_face_id_available,11,0.55,0.6297265079781273,0.34869826611199906,0.7656636471608358,0.6685132083583394
week,2026-08-11,current_catalog_text_output,model_permaslug,total_tokens,20,315,tokenizer_known_non_other,12,0.6,0.4473171015672034,0.4221624092650143,0.5438780789505132,0.8093563234851128
week,2026-08-11,current_catalog_text_output,model_permaslug,total_tokens,20,315,modality_metadata_available,20,1.0,0.8224584127942104,0.5216026575874149,1.0,1.0
week,2026-08-11,current_catalog_text_output,model_permaslug,total_tokens,20,315,structured_model_size_available,0,0.0,0.0,0.0,0.0,0.0
week,2026-08-11,current_catalog_text_output,model_permaslug,total_tokens,20,315,text_only_input_capable,7,0.35,0.49821316833784,0.3124999558407497,0.605760924306454,0.5991149609669658
week,2026-08-11,current_catalog_text_output,model_permaslug,total_tokens,20,315,non_text_input_capable,13,0.65,0.32424524445637043,0.20910270174666518,0.394239075693546,0.4008850390330342
week,2026-08-11,current_catalog_text_output,model_permaslug,total_tokens,20,315,text_output_capable,20,1.0,0.8224584127942104,0.5216026575874149,1.0,1.0
week,2026-08-11,current_catalog_text_output,model_permaslug,total_tokens,20,315,non_text_output_capable,0,0.0,0.0,0.0,0.0,0.0
week,2026-08-11,current_catalog_text_output,model_permaslug,total_tokens,20,315,free_service_variant,2,0.1,0.058094772644391314,0.012705520871505198,0.07063551389427804,0.024358619893296633
week,2026-08-11,current_catalog_text_output,model_permaslug,total_tokens,20,315,batch_service_variant,12,0.6,0.3003592684483465,0.20915706292884195,0.36519690695108764,0.4009892585598829
week,2026-08-11,current_catalog_text_output,model_permaslug,total_tokens,20,315,thinking_service_variant,0,0.0,0.0,0.0,0.0,0.0
week,2026-08-11,current_catalog_text_output,model_permaslug,total_tokens,20,315,observed_non_text_activity,0,0.0,0.0,0.0,0.0,0.0
week,2026-08-11,current_catalog_text_output,model_permaslug,total_tokens,25,315,catalog_match,25,1.0,0.8591778359991191,0.5938103183579746,1.0,1.0
week,2026-08-11,current_catalog_text_output,model_permaslug,total_tokens,25,315,hugging_face_id_available,13,0.52,0.6426547971194353,0.3738266926358665,0.7479881000097099,0.6295388966456248
week,2026-08-11,current_catalog_text_output,model_permaslug,total_tokens,25,315,tokenizer_known_non_other,16,0.64,0.4774226204632659,0.49215787115311405,0.5556738086802269,0.8288132690486864
week,2026-08-11,current_catalog_text_output,model_permaslug,total_tokens,25,315,modality_metadata_available,25,1.0,0.8591778359991191,0.5938103183579746,1.0,1.0
week,2026-08-11,current_catalog_text_output,model_permaslug,total_tokens,25,315,structured_model_size_available,0,0.0,0.0,0.0,0.0,0.0
week,2026-08-11,current_catalog_text_output,model_permaslug,total_tokens,25,315,text_only_input_capable,8,0.32,0.5048270726466862,0.31471215472320957,0.5875699436073486,0.5299876829245117
week,2026-08-11,current_catalog_text_output,model_permaslug,total_tokens,25,315,non_text_input_capable,17,0.68,0.35435076335243293,0.279098163634765,0.4124300563926514,0.47001231707548824
week,2026-08-11,current_catalog_text_output,model_permaslug,total_tokens,25,315,text_output_capable,25,1.0,0.8591778359991191,0.5938103183579746,1.0,1.0
week,2026-08-11,current_catalog_text_output,model_permaslug,total_tokens,25,315,non_text_output_capable,0,0.0,0.0,0.0,0.0,0.0
week,2026-08-11,current_catalog_text_output,model_permaslug,total_tokens,25,315,free_service_variant,3,0.12,0.06440915747685301,0.035621748512912735,0.07496603703929701,0.05998842965783293
week,2026-08-11,current_catalog_text_output,model_permaslug,total_tokens,25,315,batch_service_variant,15,0.6,0.32415040251194727,0.2562362971755342,0.37727975388820384,0.4315120321318901
week,2026-08-11,current_catalog_text_output,model_permaslug,total_tokens,25,315,thinking_service_variant,0,0.0,0.0,0.0,0.0,0.0
week,2026-08-11,current_catalog_text_output,model_permaslug,total_tokens,25,315,observed_non_text_activity,0,0.0,0.0,0.0,0.0,0.0
week,2026-08-11,current_catalog_text_output,model_permaslug,total_tokens,30,315,catalog_match,30,1.0,0.8872913707542329,0.6877450174426536,1.0,1.0
week,2026-08-11,current_catalog_text_output,model_permaslug,total_tokens,30,315,hugging_face_id_available,17,0.5666666666666667,0.6646181052354478,0.441666813505716,0.7490415517852901,0.642195584561314
week,2026-08-11,current_catalog_text_output,model_permaslug,total_tokens,30,315,tokenizer_known_non_other,20,0.6666666666666666,0.5005103328762894,0.5834779724853527,0.564087907730733,0.8483928748113467
week,2026-08-11,current_catalog_text_output,model_permaslug,total_tokens,30,315,modality_metadata_available,30,1.0,0.8872913707542329,0.6877450174426536,1.0,1.0
week,2026-08-11,current_catalog_text_output,model_permaslug,total_tokens,30,315,structured_model_size_available,0,0.0,0.0,0.0,0.0,0.0
week,2026-08-11,current_catalog_text_output,model_permaslug,total_tokens,30,315,text_only_input_capable,11,0.36666666666666664,0.5212120004085384,0.3584780356856867,0.5874192149141352,0.5212368342829583
week,2026-08-11,current_catalog_text_output,model_permaslug,total_tokens,30,315,non_text_input_capable,19,0.6333333333333333,0.36607937034569454,0.3292669817569669,0.41258078508586477,0.4787631657170417
week,2026-08-11,current_catalog_text_output,model_permaslug,total_tokens,30,315,text_output_capable,30,1.0,0.8872913707542329,0.6877450174426536,1.0,1.0
week,2026-08-11,current_catalog_text_output,model_permaslug,total_tokens,30,315,non_text_output_capable,0,0.0,0.0,0.0,0.0,0.0
week,2026-08-11,current_catalog_text_output,model_permaslug,total_tokens,30,315,free_service_variant,5,0.16666666666666666,0.07501336017310364,0.0623105861727256,0.08454196969067704,0.09060129058357193
week,2026-08-11,current_catalog_text_output,model_permaslug,total_tokens,30,315,batch_service_variant,16,0.5333333333333333,0.3303006291510486,0.28233087539036367,0.3722572314326464,0.41051678780632583
week,2026-08-11,current_catalog_text_output,model_permaslug,total_tokens,30,315,thinking_service_variant,0,0.0,0.0,0.0,0.0,0.0
week,2026-08-11,current_catalog_text_output,model_permaslug,total_tokens,30,315,observed_non_text_activity,0,0.0,0.0,0.0,0.0,0.0
week,2026-08-11,current_catalog_text_output,model_permaslug,total_tokens,50,315,catalog_match,50,1.0,0.9469512954529373,0.8004662666675109,1.0,1.0
week,2026-08-11,current_catalog_text_output,model_permaslug,total_tokens,50,315,hugging_face_id_available,23,0.46,0.68187988571207,0.4600241146241309,0.7200791518912484,0.5746951917652899
week,2026-08-11,current_catalog_text_output,model_permaslug,total_tokens,50,315,tokenizer_known_non_other,35,0.7,0.545041776200388,0.6676380047545392,0.5755753002478214,0.8340613871638084
week,2026-08-11,current_catalog_text_output,model_permaslug,total_tokens,50,315,modality_metadata_available,50,1.0,0.9469512954529373,0.8004662666675109,1.0,1.0
week,2026-08-11,current_catalog_text_output,model_permaslug,total_tokens,50,315,structured_model_size_available,0,0.0,0.0,0.0,0.0,0.0
week,2026-08-11,current_catalog_text_output,model_permaslug,total_tokens,50,315,text_only_input_capable,17,0.34,0.539356430424598,0.3948336257731808,0.5695714584419231,0.4932545470241316
week,2026-08-11,current_catalog_text_output,model_permaslug,total_tokens,50,315,non_text_input_capable,33,0.66,0.40759486502833936,0.4056326408943301,0.43042854155807686,0.5067454529758684
week,2026-08-11,current_catalog_text_output,model_permaslug,total_tokens,50,315,text_output_capable,50,1.0,0.9469512954529373,0.8004662666675109,1.0,1.0
week,2026-08-11,current_catalog_text_output,model_permaslug,total_tokens,50,315,non_text_output_capable,0,0.0,0.0,0.0,0.0,0.0
week,2026-08-11,current_catalog_text_output,model_permaslug,total_tokens,50,315,free_service_variant,9,0.18,0.0873188392663317,0.07635910982767229,0.09221048609956875,0.09539328889594482
week,2026-08-11,current_catalog_text_output,model_permaslug,total_tokens,50,315,batch_service_variant,27,0.54,0.3606326347049455,0.35229789347725365,0.38083546264377927,0.44011585265664593
week,2026-08-11,current_catalog_text_output,model_permaslug,total_tokens,50,315,thinking_service_variant,0,0.0,0.0,0.0,0.0,0.0
week,2026-08-11,current_catalog_text_output,model_permaslug,total_tokens,50,315,observed_non_text_activity,0,0.0,0.0,0.0,0.0,0.0
week,2026-08-11,current_catalog_text_output,model_permaslug,total_tokens,75,315,catalog_match,75,1.0,0.9768138001500363,0.8830866742784323,1.0,1.0
week,2026-08-11,current_catalog_text_output,model_permaslug,total_tokens,75,315,hugging_face_id_available,33,0.44,0.6943377106605506,0.48822335330954836,0.7108188997267463,0.5528600617923198
week,2026-08-11,current_catalog_text_output,model_permaslug,total_tokens,75,315,tokenizer_known_non_other,52,0.6933333333333334,0.5659424649621141,0.742789168941108,0.5793759925127866,0.8411282726557265
week,2026-08-11,current_catalog_text_output,model_permaslug,total_tokens,75,315,modality_metadata_available,75,1.0,0.9768138001500363,0.8830866742784323,1.0,1.0
week,2026-08-11,current_catalog_text_output,model_permaslug,total_tokens,75,315,structured_model_size_available,0,0.0,0.0,0.0,0.0,0.0
week,2026-08-11,current_catalog_text_output,model_permaslug,total_tokens,75,315,text_only_input_capable,26,0.3466666666666667,0.5488409114166202,0.42363819182805895,0.5618685069071706,0.4797243624746263
week,2026-08-11,current_catalog_text_output,model_permaslug,total_tokens,75,315,non_text_input_capable,49,0.6533333333333333,0.42797288873341605,0.4594484824503734,0.43813149309282945,0.5202756375253736
week,2026-08-11,current_catalog_text_output,model_permaslug,total_tokens,75,315,text_output_capable,75,1.0,0.9768138001500363,0.8830866742784323,1.0,1.0
week,2026-08-11,current_catalog_text_output,model_permaslug,total_tokens,75,315,non_text_output_capable,0,0.0,0.0,0.0,0.0,0.0
week,2026-08-11,current_catalog_text_output,model_permaslug,total_tokens,75,315,free_service_variant,11,0.14666666666666667,0.08938079414922342,0.07778930318390134,0.09150238677575476,0.0880879594830969
week,2026-08-11,current_catalog_text_output,model_permaslug,total_tokens,75,315,batch_service_variant,34,0.4533333333333333,0.36897862152947414,0.36858905440009115,0.37773690489712564,0.41738717742656944
week,2026-08-11,current_catalog_text_output,model_permaslug,total_tokens,75,315,thinking_service_variant,0,0.0,0.0,0.0,0.0,0.0
week,2026-08-11,current_catalog_text_output,model_permaslug,total_tokens,75,315,observed_non_text_activity,0,0.0,0.0,0.0,0.0,0.0
week,2026-08-11,current_catalog_text_output,model_permaslug,total_tokens,100,315,catalog_match,100,1.0,0.9887563268645712,0.9342333386426394,1.0,1.0
week,2026-08-11,current_catalog_text_output,model_permaslug,total_tokens,100,315,hugging_face_id_available,47,0.47,0.7005668691151755,0.5261840704454074,0.7085333869232792,0.5632255333661156
week,2026-08-11,current_catalog_text_output,model_permaslug,total_tokens,100,315,tokenizer_known_non_other,71,0.71,0.5749603929145408,0.7918311237135768,0.5814985727957749,0.8475731821602933
week,2026-08-11,current_catalog_text_output,model_permaslug,total_tokens,100,315,modality_metadata_available,100,1.0,0.9887563268645712,0.9342333386426394,1.0,1.0
week,2026-08-11,current_catalog_text_output,model_permaslug,total_tokens,100,315,structured_model_size_available,0,0.0,0.0,0.0,0.0,0.0
week,2026-08-11,current_catalog_text_output,model_permaslug,total_tokens,100,315,text_only_input_capable,36,0.36,0.5533597708490472,0.4537911974483955,0.5596523185887439,0.48573646291376743
week,2026-08-11,current_catalog_text_output,model_permaslug,total_tokens,100,315,non_text_input_capable,64,0.64,0.435396556015524,0.4804421411942438,0.44034768141125613,0.5142635370862325
week,2026-08-11,current_catalog_text_output,model_permaslug,total_tokens,100,315,text_output_capable,100,1.0,0.9887563268645712,0.9342333386426394,1.0,1.0
week,2026-08-11,current_catalog_text_output,model_permaslug,total_tokens,100,315,non_text_output_capable,0,0.0,0.0,0.0,0.0,0.0
week,2026-08-11,current_catalog_text_output,model_permaslug,total_tokens,100,315,free_service_variant,13,0.13,0.09020337969557983,0.07832193071990722,0.0912291302161598,0.08383551247882273
week,2026-08-11,current_catalog_text_output,model_permaslug,total_tokens,100,315,batch_service_variant,37,0.37,0.37070163067932466,0.37722719055795567,0.3749170757317432,0.40378262576888374
week,2026-08-11,current_catalog_text_output,model_permaslug,total_tokens,100,315,thinking_service_variant,0,0.0,0.0,0.0,0.0,0.0
week,2026-08-11,current_catalog_text_output,model_permaslug,total_tokens,100,315,observed_non_text_activity,0,0.0,0.0,0.0,0.0,0.0
week,2026-08-11,current_catalog_text_output,model_permaslug,total_tokens,200,315,catalog_match,200,1.0,0.9993479505351773,0.9953288722731349,1.0,1.0
week,2026-08-11,current_catalog_text_output,model_permaslug,total_tokens,200,315,hugging_face_id_available,105,0.525,0.7080667368059013,0.5762215125908252,0.708528732586796,0.5789257487074085
week,2026-08-11,current_catalog_text_output,model_permaslug,total_tokens,200,315,tokenizer_known_non_other,136,0.68,0.5827907542327513,0.8437603626127986,0.5831710105780988,0.8477201718119723
week,2026-08-11,current_catalog_text_output,model_permaslug,total_tokens,200,315,modality_metadata_available,200,1.0,0.9993479505351773,0.9953288722731349,1.0,1.0
week,2026-08-11,current_catalog_text_output,model_permaslug,total_tokens,200,315,structured_model_size_available,0,0.0,0.0,0.0,0.0,0.0
week,2026-08-11,current_catalog_text_output,model_permaslug,total_tokens,200,315,text_only_input_capable,84,0.42,0.5577037910328456,0.47804233748703345,0.5580676787641187,0.480285813869017
week,2026-08-11,current_catalog_text_output,model_permaslug,total_tokens,200,315,non_text_input_capable,116,0.58,0.4416441595023317,0.5172865347861015,0.4419323212358814,0.5197141861309831
week,2026-08-11,current_catalog_text_output,model_permaslug,total_tokens,200,315,text_output_capable,200,1.0,0.9993479505351773,0.9953288722731349,1.0,1.0
week,2026-08-11,current_catalog_text_output,model_permaslug,total_tokens,200,315,non_text_output_capable,3,0.015,0.00013931823781739662,0.0009626664789697066,0.00013940913947218085,0.0009671843204660245
week,2026-08-11,current_catalog_text_output,model_permaslug,total_tokens,200,315,free_service_variant,15,0.075,0.09051625229252391,0.0787415631480443,0.0905753118761589,0.07911110120639231
week,2026-08-11,current_catalog_text_output,model_permaslug,total_tokens,200,315,batch_service_variant,41,0.205,0.3715357757537331,0.38011194136095294,0.3717781935258544,0.3818958255404088
week,2026-08-11,current_catalog_text_output,model_permaslug,total_tokens,200,315,thinking_service_variant,0,0.0,0.0,0.0,0.0,0.0
week,2026-08-11,current_catalog_text_output,model_permaslug,total_tokens,200,315,observed_non_text_activity,0,0.0,0.0,0.0,0.0,0.0
week,2026-08-11,current_catalog_text_output,model_permaslug,total_tokens,315,315,catalog_match,315,1.0,1.0,1.0,1.0,1.0
week,2026-08-11,current_catalog_text_output,model_permaslug,total_tokens,315,315,hugging_face_id_available,148,0.46984126984126984,0.7083272366649179,0.5787288743583676,0.7083272366649179,0.5787288743583676
week,2026-08-11,current_catalog_text_output,model_permaslug,total_tokens,315,315,tokenizer_known_non_other,211,0.6698412698412698,0.5832400909554037,0.8471752559526371,0.5832400909554037,0.8471752559526371
week,2026-08-11,current_catalog_text_output,model_permaslug,total_tokens,315,315,modality_metadata_available,315,1.0,1.0,1.0,1.0,1.0
week,2026-08-11,current_catalog_text_output,model_permaslug,total_tokens,315,315,structured_model_size_available,0,0.0,0.0,0.0,0.0,0.0
week,2026-08-11,current_catalog_text_output,model_permaslug,total_tokens,315,315,text_only_input_capable,138,0.4380952380952381,0.5579829709231751,0.48050277740422914,0.5579829709231751,0.48050277740422914
week,2026-08-11,current_catalog_text_output,model_permaslug,total_tokens,315,315,non_text_input_capable,177,0.5619047619047619,0.442017029076825,0.5194972225957709,0.442017029076825,0.5194972225957709
week,2026-08-11,current_catalog_text_output,model_permaslug,total_tokens,315,315,text_output_capable,315,1.0,1.0,1.0,1.0,1.0
week,2026-08-11,current_catalog_text_output,model_permaslug,total_tokens,315,315,non_text_output_capable,13,0.04126984126984127,0.00022434474467658468,0.0015127596373772495,0.00022434474467658468,0.0015127596373772495
week,2026-08-11,current_catalog_text_output,model_permaslug,total_tokens,315,315,free_service_variant,17,0.05396825396825397,0.0905332043041834,0.07887328084872247,0.0905332043041834,0.07887328084872247
week,2026-08-11,current_catalog_text_output,model_permaslug,total_tokens,315,315,batch_service_variant,43,0.1365079365079365,0.3715565737477327,0.3803365561844827,0.3715565737477327,0.3803365561844827
week,2026-08-11,current_catalog_text_output,model_permaslug,total_tokens,315,315,thinking_service_variant,1,0.0031746031746031746,5.136148106282573e-06,4.2421821941544746e-05,5.136148106282573e-06,4.2421821941544746e-05
week,2026-08-11,current_catalog_text_output,model_permaslug,total_tokens,315,315,observed_non_text_activity,0,0.0,0.0,0.0,0.0,0.0
week,2026-08-11,current_catalog_text_output,model_permaslug,requests,1,315,catalog_match,1,1.0,0.07740418099181703,0.14468624220921927,1.0,1.0
week,2026-08-11,current_catalog_text_output,model_permaslug,requests,1,315,hugging_face_id_available,1,1.0,0.07740418099181703,0.14468624220921927,1.0,1.0
week,2026-08-11,current_catalog_text_output,model_permaslug,requests,1,315,tokenizer_known_non_other,1,1.0,0.07740418099181703,0.14468624220921927,1.0,1.0
week,2026-08-11,current_catalog_text_output,model_permaslug,requests,1,315,modality_metadata_available,1,1.0,0.07740418099181703,0.14468624220921927,1.0,1.0
week,2026-08-11,current_catalog_text_output,model_permaslug,requests,1,315,structured_model_size_available,0,0.0,0.0,0.0,0.0,0.0
week,2026-08-11,current_catalog_text_output,model_permaslug,requests,1,315,text_only_input_capable,1,1.0,0.07740418099181703,0.14468624220921927,1.0,1.0
week,2026-08-11,current_catalog_text_output,model_permaslug,requests,1,315,non_text_input_capable,0,0.0,0.0,0.0,0.0,0.0
week,2026-08-11,current_catalog_text_output,model_permaslug,requests,1,315,text_output_capable,1,1.0,0.07740418099181703,0.14468624220921927,1.0,1.0
week,2026-08-11,current_catalog_text_output,model_permaslug,requests,1,315,non_text_output_capable,0,0.0,0.0,0.0,0.0,0.0
week,2026-08-11,current_catalog_text_output,model_permaslug,requests,1,315,free_service_variant,0,0.0,0.0,0.0,0.0,0.0
week,2026-08-11,current_catalog_text_output,model_permaslug,requests,1,315,batch_service_variant,0,0.0,0.0,0.0,0.0,0.0
week,2026-08-11,current_catalog_text_output,model_permaslug,requests,1,315,thinking_service_variant,0,0.0,0.0,0.0,0.0,0.0
week,2026-08-11,current_catalog_text_output,model_permaslug,requests,1,315,observed_non_text_activity,0,0.0,0.0,0.0,0.0,0.0
week,2026-08-11,current_catalog_text_output,model_permaslug,requests,2,315,catalog_match,2,1.0,0.21862058523238315,0.22318706764461313,1.0,1.0
week,2026-08-11,current_catalog_text_output,model_permaslug,requests,2,315,hugging_face_id_available,2,1.0,0.21862058523238315,0.22318706764461313,1.0,1.0
week,2026-08-11,current_catalog_text_output,model_permaslug,requests,2,315,tokenizer_known_non_other,2,1.0,0.21862058523238315,0.22318706764461313,1.0,1.0
week,2026-08-11,current_catalog_text_output,model_permaslug,requests,2,315,modality_metadata_available,2,1.0,0.21862058523238315,0.22318706764461313,1.0,1.0
week,2026-08-11,current_catalog_text_output,model_permaslug,requests,2,315,structured_model_size_available,0,0.0,0.0,0.0,0.0,0.0
week,2026-08-11,current_catalog_text_output,model_permaslug,requests,2,315,text_only_input_capable,2,1.0,0.21862058523238315,0.22318706764461313,1.0,1.0
week,2026-08-11,current_catalog_text_output,model_permaslug,requests,2,315,non_text_input_capable,0,0.0,0.0,0.0,0.0,0.0
week,2026-08-11,current_catalog_text_output,model_permaslug,requests,2,315,text_output_capable,2,1.0,0.21862058523238315,0.22318706764461313,1.0,1.0
week,2026-08-11,current_catalog_text_output,model_permaslug,requests,2,315,non_text_output_capable,0,0.0,0.0,0.0,0.0,0.0
week,2026-08-11,current_catalog_text_output,model_permaslug,requests,2,315,free_service_variant,0,0.0,0.0,0.0,0.0,0.0
week,2026-08-11,current_catalog_text_output,model_permaslug,requests,2,315,batch_service_variant,0,0.0,0.0,0.0,0.0,0.0
week,2026-08-11,current_catalog_text_output,model_permaslug,requests,2,315,thinking_service_variant,0,0.0,0.0,0.0,0.0,0.0
week,2026-08-11,current_catalog_text_output,model_permaslug,requests,2,315,observed_non_text_activity,0,0.0,0.0,0.0,0.0,0.0
week,2026-08-11,current_catalog_text_output,model_permaslug,requests,5,315,catalog_match,5,1.0,0.3037524739148822,0.3740272086230685,1.0,1.0
week,2026-08-11,current_catalog_text_output,model_permaslug,requests,5,315,hugging_face_id_available,2,0.4,0.21862058523238315,0.22318706764461313,0.7197326902879652,0.5967134542597761
week,2026-08-11,current_catalog_text_output,model_permaslug,requests,5,315,tokenizer_known_non_other,5,1.0,0.3037524739148822,0.3740272086230685,1.0,1.0
week,2026-08-11,current_catalog_text_output,model_permaslug,requests,5,315,modality_metadata_available,5,1.0,0.3037524739148822,0.3740272086230685,1.0,1.0
week,2026-08-11,current_catalog_text_output,model_permaslug,requests,5,315,structured_model_size_available,0,0.0,0.0,0.0,0.0,0.0
week,2026-08-11,current_catalog_text_output,model_permaslug,requests,5,315,text_only_input_capable,2,0.4,0.21862058523238315,0.22318706764461313,0.7197326902879652,0.5967134542597761
week,2026-08-11,current_catalog_text_output,model_permaslug,requests,5,315,non_text_input_capable,3,0.6,0.08513188868249909,0.15084014097845538,0.28026730971203484,0.4032865457402239
week,2026-08-11,current_catalog_text_output,model_permaslug,requests,5,315,text_output_capable,5,1.0,0.3037524739148822,0.3740272086230685,1.0,1.0
week,2026-08-11,current_catalog_text_output,model_permaslug,requests,5,315,non_text_output_capable,0,0.0,0.0,0.0,0.0,0.0
week,2026-08-11,current_catalog_text_output,model_permaslug,requests,5,315,free_service_variant,0,0.0,0.0,0.0,0.0,0.0
week,2026-08-11,current_catalog_text_output,model_permaslug,requests,5,315,batch_service_variant,3,0.6,0.08513188868249909,0.15084014097845538,0.28026730971203484,0.4032865457402239
week,2026-08-11,current_catalog_text_output,model_permaslug,requests,5,315,thinking_service_variant,0,0.0,0.0,0.0,0.0,0.0
week,2026-08-11,current_catalog_text_output,model_permaslug,requests,5,315,observed_non_text_activity,0,0.0,0.0,0.0,0.0,0.0
week,2026-08-11,current_catalog_text_output,model_permaslug,requests,10,315,catalog_match,10,1.0,0.4647489217801299,0.5151426878514972,1.0,1.0
week,2026-08-11,current_catalog_text_output,model_permaslug,requests,10,315,hugging_face_id_available,4,0.4,0.35792020550832887,0.28028226162120645,0.7701367098117957,0.5440866544960158
week,2026-08-11,current_catalog_text_output,model_permaslug,requests,10,315,tokenizer_known_non_other,9,0.9,0.3312152744870323,0.48504097453628364,0.712675724385496,0.941566261105717
week,2026-08-11,current_catalog_text_output,model_permaslug,requests,10,315,modality_metadata_available,10,1.0,0.4647489217801299,0.5151426878514972,1.0,1.0
week,2026-08-11,current_catalog_text_output,model_permaslug,requests,10,315,structured_model_size_available,0,0.0,0.0,0.0,0.0,0.0
week,2026-08-11,current_catalog_text_output,model_permaslug,requests,10,315,text_only_input_capable,4,0.4,0.35792020550832887,0.28028226162120645,0.7701367098117957,0.5440866544960158
week,2026-08-11,current_catalog_text_output,model_permaslug,requests,10,315,non_text_input_capable,6,0.6,0.10682871627180103,0.23486042623029077,0.22986329018820426,0.45591334550398427
week,2026-08-11,current_catalog_text_output,model_permaslug,requests,10,315,text_output_capable,10,1.0,0.4647489217801299,0.5151426878514972,1.0,1.0
week,2026-08-11,current_catalog_text_output,model_permaslug,requests,10,315,non_text_output_capable,0,0.0,0.0,0.0,0.0,0.0
week,2026-08-11,current_catalog_text_output,model_permaslug,requests,10,315,free_service_variant,0,0.0,0.0,0.0,0.0,0.0
week,2026-08-11,current_catalog_text_output,model_permaslug,requests,10,315,batch_service_variant,6,0.6,0.10682871627180103,0.23486042623029077,0.22986329018820426,0.45591334550398427
week,2026-08-11,current_catalog_text_output,model_permaslug,requests,10,315,thinking_service_variant,0,0.0,0.0,0.0,0.0,0.0
week,2026-08-11,current_catalog_text_output,model_permaslug,requests,10,315,observed_non_text_activity,0,0.0,0.0,0.0,0.0,0.0
week,2026-08-11,current_catalog_text_output,model_permaslug,requests,20,315,catalog_match,20,1.0,0.6811251625938117,0.6971924611931144,1.0,1.0
week,2026-08-11,current_catalog_text_output,model_permaslug,requests,20,315,hugging_face_id_available,12,0.6,0.5364575760482556,0.4322519402641281,0.7876049887884871,0.6199894065469524
week,2026-08-11,current_catalog_text_output,model_permaslug,requests,20,315,tokenizer_known_non_other,16,0.8,0.42155779151237144,0.6072198193930062,0.6189138423649266,0.8709500649990723
week,2026-08-11,current_catalog_text_output,model_permaslug,requests,20,315,modality_metadata_available,20,1.0,0.6811251625938117,0.6971924611931144,1.0,1.0
week,2026-08-11,current_catalog_text_output,model_permaslug,requests,20,315,structured_model_size_available,0,0.0,0.0,0.0,0.0,0.0
week,2026-08-11,current_catalog_text_output,model_permaslug,requests,20,315,text_only_input_capable,10,0.5,0.45705648383741526,0.3873751797086994,0.67103156503114,0.5556215840971362
week,2026-08-11,current_catalog_text_output,model_permaslug,requests,20,315,non_text_input_capable,10,0.5,0.2240686787563965,0.30981728148441495,0.3289684349688599,0.4443784159028637
week,2026-08-11,current_catalog_text_output,model_permaslug,requests,20,315,text_output_capable,20,1.0,0.6811251625938117,0.6971924611931144,1.0,1.0
week,2026-08-11,current_catalog_text_output,model_permaslug,requests,20,315,non_text_output_capable,0,0.0,0.0,0.0,0.0,0.0
week,2026-08-11,current_catalog_text_output,model_permaslug,requests,20,315,free_service_variant,2,0.1,0.011892765186622042,0.04699046754877998,0.017460469587311782,0.06739956348404083
week,2026-08-11,current_catalog_text_output,model_permaslug,requests,20,315,batch_service_variant,8,0.4,0.19340421563734,0.26460025898651207,0.2839481291526979,0.3795225475239624
week,2026-08-11,current_catalog_text_output,model_permaslug,requests,20,315,thinking_service_variant,0,0.0,0.0,0.0,0.0,0.0
week,2026-08-11,current_catalog_text_output,model_permaslug,requests,20,315,observed_non_text_activity,0,0.0,0.0,0.0,0.0,0.0
week,2026-08-11,current_catalog_text_output,model_permaslug,requests,25,315,catalog_match,25,1.0,0.7237942253063933,0.7405332633867271,1.0,1.0
week,2026-08-11,current_catalog_text_output,model_permaslug,requests,25,315,hugging_face_id_available,14,0.56,0.5617365079512768,0.4495522999988363,0.776099737067514,0.6070656407017703
week,2026-08-11,current_catalog_text_output,model_permaslug,requests,25,315,tokenizer_known_non_other,20,0.8,0.4410816557963718,0.6423594180605006,0.6094020100943126,0.8674281761804434
week,2026-08-11,current_catalog_text_output,model_permaslug,requests,25,315,modality_metadata_available,25,1.0,0.7237942253063933,0.7405332633867271,1.0,1.0
week,2026-08-11,current_catalog_text_output,model_permaslug,requests,25,315,structured_model_size_available,0,0.0,0.0,0.0,0.0,0.0
week,2026-08-11,current_catalog_text_output,model_permaslug,requests,25,315,text_only_input_capable,11,0.44,0.4591902173118554,0.3964743359172893,0.6344209462537134,0.5353903133318664
week,2026-08-11,current_catalog_text_output,model_permaslug,requests,25,315,non_text_input_capable,14,0.56,0.26460400799453787,0.3440589274694378,0.36557905374628663,0.4646096866681337
week,2026-08-11,current_catalog_text_output,model_permaslug,requests,25,315,text_output_capable,25,1.0,0.7237942253063933,0.7405332633867271,1.0,1.0
week,2026-08-11,current_catalog_text_output,model_permaslug,requests,25,315,non_text_output_capable,0,0.0,0.0,0.0,0.0,0.0
week,2026-08-11,current_catalog_text_output,model_permaslug,requests,25,315,free_service_variant,3,0.12,0.014026498661062177,0.05608962375736988,0.019379124854339014,0.07574220704260022
week,2026-08-11,current_catalog_text_output,model_permaslug,requests,25,315,batch_service_variant,12,0.48,0.23393954487548135,0.29884190497153484,0.3232127816113083,0.4035496037069591
week,2026-08-11,current_catalog_text_output,model_permaslug,requests,25,315,thinking_service_variant,0,0.0,0.0,0.0,0.0,0.0
week,2026-08-11,current_catalog_text_output,model_permaslug,requests,25,315,observed_non_text_activity,0,0.0,0.0,0.0,0.0,0.0
week,2026-08-11,current_catalog_text_output,model_permaslug,requests,30,315,catalog_match,30,1.0,0.7609452495643337,0.7741560590823768,1.0,1.0
week,2026-08-11,current_catalog_text_output,model_permaslug,requests,30,315,hugging_face_id_available,16,0.5333333333333333,0.5944329373131121,0.4633358192963347,0.7811770132653362,0.5985044150471885
week,2026-08-11,current_catalog_text_output,model_permaslug,requests,30,315,tokenizer_known_non_other,24,0.8,0.44575006649986065,0.668365449693275,0.5857846760395274,0.8633471789725478
week,2026-08-11,current_catalog_text_output,model_permaslug,requests,30,315,modality_metadata_available,30,1.0,0.7609452495643337,0.7741560590823768,1.0,1.0
week,2026-08-11,current_catalog_text_output,model_permaslug,requests,30,315,structured_model_size_available,0,0.0,0.0,0.0,0.0,0.0
week,2026-08-11,current_catalog_text_output,model_permaslug,requests,30,315,text_only_input_capable,13,0.43333333333333335,0.4918866466736907,0.4102578552147877,0.6464152932885934,0.5299420580665284
week,2026-08-11,current_catalog_text_output,model_permaslug,requests,30,315,non_text_input_capable,17,0.5666666666666667,0.26905860289064304,0.36389820386758914,0.35358470671140657,0.47005794193347167
week,2026-08-11,current_catalog_text_output,model_permaslug,requests,30,315,text_output_capable,30,1.0,0.7609452495643337,0.7741560590823768,1.0,1.0
week,2026-08-11,current_catalog_text_output,model_permaslug,requests,30,315,non_text_output_capable,0,0.0,0.0,0.0,0.0,0.0
week,2026-08-11,current_catalog_text_output,model_permaslug,requests,30,315,free_service_variant,4,0.13333333333333333,0.04650911221551384,0.06370638782024521,0.0611201820921306,0.08229140245412238
week,2026-08-11,current_catalog_text_output,model_permaslug,requests,30,315,batch_service_variant,14,0.4666666666666667,0.2687696928678848,0.3126023853874727,0.35320503416213495,0.4037976344950484
week,2026-08-11,current_catalog_text_output,model_permaslug,requests,30,315,thinking_service_variant,0,0.0,0.0,0.0,0.0,0.0
week,2026-08-11,current_catalog_text_output,model_permaslug,requests,30,315,observed_non_text_activity,0,0.0,0.0,0.0,0.0,0.0
week,2026-08-11,current_catalog_text_output,model_permaslug,requests,50,315,catalog_match,50,1.0,0.8957727962353623,0.8695079869913673,1.0,1.0
week,2026-08-11,current_catalog_text_output,model_permaslug,requests,50,315,hugging_face_id_available,24,0.48,0.6599427933112851,0.4990290884695758,0.7367301129089955,0.5739212243423938
week,2026-08-11,current_catalog_text_output,model_permaslug,requests,50,315,tokenizer_known_non_other,41,0.82,0.5173685624509085,0.7492927728620601,0.5775667274394108,0.8617434043989974
week,2026-08-11,current_catalog_text_output,model_permaslug,requests,50,315,modality_metadata_available,50,1.0,0.8957727962353623,0.8695079869913673,1.0,1.0
week,2026-08-11,current_catalog_text_output,model_permaslug,requests,50,315,structured_model_size_available,0,0.0,0.0,0.0,0.0,0.0
week,2026-08-11,current_catalog_text_output,model_permaslug,requests,50,315,text_only_input_capable,18,0.36,0.5200672351278444,0.4334752926876371,0.5805794028502712,0.4985293972830876
week,2026-08-11,current_catalog_text_output,model_permaslug,requests,50,315,non_text_input_capable,32,0.64,0.375705561107518,0.43603269430373026,0.4194205971497288,0.5014706027169125
week,2026-08-11,current_catalog_text_output,model_permaslug,requests,50,315,text_output_capable,50,1.0,0.8957727962353623,0.8695079869913673,1.0,1.0
week,2026-08-11,current_catalog_text_output,model_permaslug,requests,50,315,non_text_output_capable,0,0.0,0.0,0.0,0.0,0.0
week,2026-08-11,current_catalog_text_output,model_permaslug,requests,50,315,free_service_variant,5,0.1,0.07212127130545348,0.06879514462887508,0.08051290640724457,0.07911962357806161
week,2026-08-11,current_catalog_text_output,model_permaslug,requests,50,315,batch_service_variant,22,0.44,0.3324788174933369,0.35098126344111824,0.37116422701229124,0.4036550194962187
week,2026-08-11,current_catalog_text_output,model_permaslug,requests,50,315,thinking_service_variant,0,0.0,0.0,0.0,0.0,0.0
week,2026-08-11,current_catalog_text_output,model_permaslug,requests,50,315,observed_non_text_activity,0,0.0,0.0,0.0,0.0,0.0
week,2026-08-11,current_catalog_text_output,model_permaslug,requests,75,315,catalog_match,75,1.0,0.9534857213433624,0.9327098363424555,1.0,1.0
week,2026-08-11,current_catalog_text_output,model_permaslug,requests,75,315,hugging_face_id_available,37,0.49333333333333335,0.6831800996855846,0.5340217248865422,0.7165079501379997,0.572548614883986
week,2026-08-11,current_catalog_text_output,model_permaslug,requests,75,315,tokenizer_known_non_other,62,0.8266666666666667,0.5565819461854999,0.8023018696219532,0.5837339078359074,0.860183776733945
week,2026-08-11,current_catalog_text_output,model_permaslug,requests,75,315,modality_metadata_available,75,1.0,0.9534857213433624,0.9327098363424555,1.0,1.0
week,2026-08-11,current_catalog_text_output,model_permaslug,requests,75,315,structured_model_size_available,0,0.0,0.0,0.0,0.0,0.0
week,2026-08-11,current_catalog_text_output,model_permaslug,requests,75,315,text_only_input_capable,25,0.3333333333333333,0.5379907885281803,0.45228533760675443,0.5642358102334317,0.4849153723738499
week,2026-08-11,current_catalog_text_output,model_permaslug,requests,75,315,non_text_input_capable,50,0.6666666666666666,0.4154949328151822,0.4804244987357011,0.4357641897665683,0.51508462762615
week,2026-08-11,current_catalog_text_output,model_permaslug,requests,75,315,text_output_capable,75,1.0,0.9534857213433624,0.9327098363424555,1.0,1.0
week,2026-08-11,current_catalog_text_output,model_permaslug,requests,75,315,non_text_output_capable,0,0.0,0.0,0.0,0.0,0.0
week,2026-08-11,current_catalog_text_output,model_permaslug,requests,75,315,free_service_variant,7,0.09333333333333334,0.08162663535200625,0.0739990214997829,0.08560866043909161,0.07933766603123212
week,2026-08-11,current_catalog_text_output,model_permaslug,requests,75,315,batch_service_variant,31,0.41333333333333333,0.36115913183423026,0.3722584810612565,0.3787777034829578,0.3991149943491936
week,2026-08-11,current_catalog_text_output,model_permaslug,requests,75,315,thinking_service_variant,0,0.0,0.0,0.0,0.0,0.0
week,2026-08-11,current_catalog_text_output,model_permaslug,requests,75,315,observed_non_text_activity,0,0.0,0.0,0.0,0.0,0.0
week,2026-08-11,current_catalog_text_output,model_permaslug,requests,100,315,catalog_match,100,1.0,0.9759571794113379,0.9643342559296986,1.0,1.0
week,2026-08-11,current_catalog_text_output,model_permaslug,requests,100,315,hugging_face_id_available,55,0.55,0.6968064655520431,0.5567799805017657,0.7139723752760665,0.5773723966333472
week,2026-08-11,current_catalog_text_output,model_permaslug,requests,100,315,tokenizer_known_non_other,79,0.79,0.5706368760350137,0.8236708710407097,0.5846945829930789,0.8541342029238839
week,2026-08-11,current_catalog_text_output,model_permaslug,requests,100,315,modality_metadata_available,100,1.0,0.9759571794113379,0.9643342559296986,1.0,1.0
week,2026-08-11,current_catalog_text_output,model_permaslug,requests,100,315,structured_model_size_available,0,0.0,0.0,0.0,0.0,0.0
week,2026-08-11,current_catalog_text_output,model_permaslug,requests,100,315,text_only_input_capable,34,0.34,0.5483844135818388,0.4634652375961403,0.5618939284944904,0.4806064232876609
week,2026-08-11,current_catalog_text_output,model_permaslug,requests,100,315,non_text_input_capable,66,0.66,0.4275727658294991,0.5008690183335583,0.4381060715055096,0.5193935767123391
week,2026-08-11,current_catalog_text_output,model_permaslug,requests,100,315,text_output_capable,100,1.0,0.9759571794113379,0.9643342559296986,1.0,1.0
week,2026-08-11,current_catalog_text_output,model_permaslug,requests,100,315,non_text_output_capable,0,0.0,0.0,0.0,0.0,0.0
week,2026-08-11,current_catalog_text_output,model_permaslug,requests,100,315,free_service_variant,9,0.09,0.08599095322277286,0.07649646132600806,0.08810935052974302,0.07932567038413364
week,2026-08-11,current_catalog_text_output,model_permaslug,requests,100,315,batch_service_variant,34,0.34,0.36436349945875585,0.3765537934881137,0.3733396373788927,0.39048057369390493
week,2026-08-11,current_catalog_text_output,model_permaslug,requests,100,315,thinking_service_variant,0,0.0,0.0,0.0,0.0,0.0
week,2026-08-11,current_catalog_text_output,model_permaslug,requests,100,315,observed_non_text_activity,0,0.0,0.0,0.0,0.0,0.0
week,2026-08-11,current_catalog_text_output,model_permaslug,requests,200,315,catalog_match,200,1.0,0.9986922302868727,0.9972989973476568,1.0,1.0
week,2026-08-11,current_catalog_text_output,model_permaslug,requests,200,315,hugging_face_id_available,111,0.555,0.7079910263505782,0.5776696383531436,0.7089181280074732,0.5792341513322197
week,2026-08-11,current_catalog_text_output,model_permaslug,requests,200,315,tokenizer_known_non_other,144,0.72,0.5827765316418241,0.8456592442295916,0.5835396671449246,0.8479495582354388
week,2026-08-11,current_catalog_text_output,model_permaslug,requests,200,315,modality_metadata_available,200,1.0,0.9986922302868727,0.9972989973476568,1.0,1.0
week,2026-08-11,current_catalog_text_output,model_permaslug,requests,200,315,structured_model_size_available,0,0.0,0.0,0.0,0.0,0.0
week,2026-08-11,current_catalog_text_output,model_permaslug,requests,200,315,text_only_input_capable,80,0.4,0.5570573268800944,0.478994854739796,0.5577867835419932,0.4802921250434379
week,2026-08-11,current_catalog_text_output,model_permaslug,requests,200,315,non_text_input_capable,120,0.6,0.4416349034067784,0.5183041426078607,0.4422132164580068,0.5197078749565621
week,2026-08-11,current_catalog_text_output,model_permaslug,requests,200,315,text_output_capable,200,1.0,0.9986922302868727,0.9972989973476568,1.0,1.0
week,2026-08-11,current_catalog_text_output,model_permaslug,requests,200,315,non_text_output_capable,6,0.03,0.00019548300837775364,0.001398575797671675,0.00019573898990042353,0.0014023635854354857
week,2026-08-11,current_catalog_text_output,model_permaslug,requests,200,315,free_service_variant,16,0.08,0.0905312104576297,0.07887074035593392,0.09064975946756365,0.0790843473879877
week,2026-08-11,current_catalog_text_output,model_permaslug,requests,200,315,batch_service_variant,42,0.21,0.371543597644311,0.38029652218148424,0.3720301273772659,0.38132648603166447
week,2026-08-11,current_catalog_text_output,model_permaslug,requests,200,315,thinking_service_variant,0,0.0,0.0,0.0,0.0,0.0
week,2026-08-11,current_catalog_text_output,model_permaslug,requests,200,315,observed_non_text_activity,0,0.0,0.0,0.0,0.0,0.0
week,2026-08-11,current_catalog_text_output,model_permaslug,requests,315,315,catalog_match,315,1.0,1.0,1.0,1.0,1.0
week,2026-08-11,current_catalog_text_output,model_permaslug,requests,315,315,hugging_face_id_available,148,0.46984126984126984,0.7083272366649179,0.5787288743583676,0.7083272366649179,0.5787288743583676
week,2026-08-11,current_catalog_text_output,model_permaslug,requests,315,315,tokenizer_known_non_other,211,0.6698412698412698,0.5832400909554037,0.8471752559526371,0.5832400909554037,0.8471752559526371
week,2026-08-11,current_catalog_text_output,model_permaslug,requests,315,315,modality_metadata_available,315,1.0,1.0,1.0,1.0,1.0
week,2026-08-11,current_catalog_text_output,model_permaslug,requests,315,315,structured_model_size_available,0,0.0,0.0,0.0,0.0,0.0
week,2026-08-11,current_catalog_text_output,model_permaslug,requests,315,315,text_only_input_capable,138,0.4380952380952381,0.5579829709231751,0.48050277740422914,0.5579829709231751,0.48050277740422914
week,2026-08-11,current_catalog_text_output,model_permaslug,requests,315,315,non_text_input_capable,177,0.5619047619047619,0.442017029076825,0.5194972225957709,0.442017029076825,0.5194972225957709
week,2026-08-11,current_catalog_text_output,model_permaslug,requests,315,315,text_output_capable,315,1.0,1.0,1.0,1.0,1.0
week,2026-08-11,current_catalog_text_output,model_permaslug,requests,315,315,non_text_output_capable,13,0.04126984126984127,0.00022434474467658468,0.0015127596373772495,0.00022434474467658468,0.0015127596373772495
week,2026-08-11,current_catalog_text_output,model_permaslug,requests,315,315,free_service_variant,17,0.05396825396825397,0.0905332043041834,0.07887328084872247,0.0905332043041834,0.07887328084872247
week,2026-08-11,current_catalog_text_output,model_permaslug,requests,315,315,batch_service_variant,43,0.1365079365079365,0.3715565737477327,0.3803365561844827,0.3715565737477327,0.3803365561844827
week,2026-08-11,current_catalog_text_output,model_permaslug,requests,315,315,thinking_service_variant,1,0.0031746031746031746,5.136148106282573e-06,4.2421821941544746e-05,5.136148106282573e-06,4.2421821941544746e-05
week,2026-08-11,current_catalog_text_output,model_permaslug,requests,315,315,observed_non_text_activity,0,0.0,0.0,0.0,0.0,0.0
week,2026-08-11,all_observed,model_permaslug,total_tokens,1,446,catalog_match,1,1.0,0.1403818802072306,0.07289015787724129,1.0,1.0
week,2026-08-11,all_observed,model_permaslug,total_tokens,1,446,hugging_face_id_available,1,1.0,0.1403818802072306,0.07289015787724129,1.0,1.0
week,2026-08-11,all_observed,model_permaslug,total_tokens,1,446,tokenizer_known_non_other,1,1.0,0.1403818802072306,0.07289015787724129,1.0,1.0
week,2026-08-11,all_observed,model_permaslug,total_tokens,1,446,modality_metadata_available,1,1.0,0.1403818802072306,0.07289015787724129,1.0,1.0
week,2026-08-11,all_observed,model_permaslug,total_tokens,1,446,structured_model_size_available,0,0.0,0.0,0.0,0.0,0.0
week,2026-08-11,all_observed,model_permaslug,total_tokens,1,446,text_only_input_capable,1,1.0,0.1403818802072306,0.07289015787724129,1.0,1.0
week,2026-08-11,all_observed,model_permaslug,total_tokens,1,446,non_text_input_capable,0,0.0,0.0,0.0,0.0,0.0
week,2026-08-11,all_observed,model_permaslug,total_tokens,1,446,text_output_capable,1,1.0,0.1403818802072306,0.07289015787724129,1.0,1.0
week,2026-08-11,all_observed,model_permaslug,total_tokens,1,446,non_text_output_capable,0,0.0,0.0,0.0,0.0,0.0
week,2026-08-11,all_observed,model_permaslug,total_tokens,1,446,free_service_variant,0,0.0,0.0,0.0,0.0,0.0
week,2026-08-11,all_observed,model_permaslug,total_tokens,1,446,batch_service_variant,0,0.0,0.0,0.0,0.0,0.0
week,2026-08-11,all_observed,model_permaslug,total_tokens,1,446,thinking_service_variant,0,0.0,0.0,0.0,0.0,0.0
week,2026-08-11,all_observed,model_permaslug,total_tokens,1,446,observed_non_text_activity,0,0.0,0.0,0.0,0.0,0.0
week,2026-08-11,all_observed,model_permaslug,total_tokens,2,446,catalog_match,2,1.0,0.27312640502886804,0.10084041984903588,1.0,1.0
week,2026-08-11,all_observed,model_permaslug,total_tokens,2,446,hugging_face_id_available,2,1.0,0.27312640502886804,0.10084041984903588,1.0,1.0
week,2026-08-11,all_observed,model_permaslug,total_tokens,2,446,tokenizer_known_non_other,1,0.5,0.1403818802072306,0.07289015787724129,0.5139813566996313,0.7228267988804707
week,2026-08-11,all_observed,model_permaslug,total_tokens,2,446,modality_metadata_available,2,1.0,0.27312640502886804,0.10084041984903588,1.0,1.0
week,2026-08-11,all_observed,model_permaslug,total_tokens,2,446,structured_model_size_available,0,0.0,0.0,0.0,0.0,0.0
week,2026-08-11,all_observed,model_permaslug,total_tokens,2,446,text_only_input_capable,2,1.0,0.27312640502886804,0.10084041984903588,1.0,1.0
week,2026-08-11,all_observed,model_permaslug,total_tokens,2,446,non_text_input_capable,0,0.0,0.0,0.0,0.0,0.0
week,2026-08-11,all_observed,model_permaslug,total_tokens,2,446,text_output_capable,2,1.0,0.27312640502886804,0.10084041984903588,1.0,1.0
week,2026-08-11,all_observed,model_permaslug,total_tokens,2,446,non_text_output_capable,0,0.0,0.0,0.0,0.0,0.0
week,2026-08-11,all_observed,model_permaslug,total_tokens,2,446,free_service_variant,0,0.0,0.0,0.0,0.0,0.0
week,2026-08-11,all_observed,model_permaslug,total_tokens,2,446,batch_service_variant,0,0.0,0.0,0.0,0.0,0.0
week,2026-08-11,all_observed,model_permaslug,total_tokens,2,446,thinking_service_variant,0,0.0,0.0,0.0,0.0,0.0
week,2026-08-11,all_observed,model_permaslug,total_tokens,2,446,observed_non_text_activity,0,0.0,0.0,0.0,0.0,0.0
week,2026-08-11,all_observed,model_permaslug,total_tokens,5,446,catalog_match,5,1.0,0.48875229057368164,0.29129742786570684,1.0,1.0
week,2026-08-11,all_observed,model_permaslug,total_tokens,5,446,hugging_face_id_available,4,0.8,0.42042618692237993,0.25251303058103214,0.860203000642508,0.8668563688706686
week,2026-08-11,all_observed,model_permaslug,total_tokens,5,446,tokenizer_known_non_other,3,0.6,0.28565474172259236,0.2460196780163793,0.5844570904973152,0.8445652260609684
week,2026-08-11,all_observed,model_permaslug,total_tokens,5,446,modality_metadata_available,5,1.0,0.48875229057368164,0.29129742786570684,1.0,1.0
week,2026-08-11,all_observed,model_permaslug,total_tokens,5,446,structured_model_size_available,0,0.0,0.0,0.0,0.0,0.0
week,2026-08-11,all_observed,model_permaslug,total_tokens,5,446,text_only_input_capable,3,0.6,0.35007316289292806,0.23518554270349923,0.7162588690520989,0.8073725347548343
week,2026-08-11,all_observed,model_permaslug,total_tokens,5,446,non_text_input_capable,2,0.4,0.1386791276807536,0.056111885162207595,0.2837411309479011,0.19262746524516566
week,2026-08-11,all_observed,model_permaslug,total_tokens,5,446,text_output_capable,5,1.0,0.48875229057368164,0.29129742786570684,1.0,1.0
week,2026-08-11,all_observed,model_permaslug,total_tokens,5,446,non_text_output_capable,0,0.0,0.0,0.0,0.0,0.0
week,2026-08-11,all_observed,model_permaslug,total_tokens,5,446,free_service_variant,0,0.0,0.0,0.0,0.0,0.0
week,2026-08-11,all_observed,model_permaslug,total_tokens,5,446,batch_service_variant,1,0.2,0.06832610365130175,0.03878439728467467,0.13979699935749207,0.13314363112933134
week,2026-08-11,all_observed,model_permaslug,total_tokens,5,446,thinking_service_variant,0,0.0,0.0,0.0,0.0,0.0
week,2026-08-11,all_observed,model_permaslug,total_tokens,5,446,observed_non_text_activity,0,0.0,0.0,0.0,0.0,0.0
week,2026-08-11,all_observed,model_permaslug,total_tokens,10,446,catalog_match,10,1.0,0.6683197049766899,0.35491668500674395,1.0,1.0
week,2026-08-11,all_observed,model_permaslug,total_tokens,10,446,hugging_face_id_available,8,0.8,0.5656219815658763,0.30749222170711044,0.8463344374764536,0.86637860291428
week,2026-08-11,all_observed,model_permaslug,total_tokens,10,446,tokenizer_known_non_other,5,0.5,0.3557784386793272,0.27886733244251516,0.5323476713764353,0.7857261837020039
week,2026-08-11,all_observed,model_permaslug,total_tokens,10,446,modality_metadata_available,10,1.0,0.6683197049766899,0.35491668500674395,1.0,1.0
week,2026-08-11,all_observed,model_permaslug,total_tokens,10,446,structured_model_size_available,0,0.0,0.0,0.0,0.0,0.0
week,2026-08-11,all_observed,model_permaslug,total_tokens,10,446,text_only_input_capable,7,0.7,0.49526895753642436,0.29016473382957747,0.7410659207687116,0.8175573200343171
week,2026-08-11,all_observed,model_permaslug,total_tokens,10,446,non_text_input_capable,3,0.3,0.1730507474402655,0.06475195117716645,0.25893407923128836,0.18244267996568284
week,2026-08-11,all_observed,model_permaslug,total_tokens,10,446,text_output_capable,10,1.0,0.6683197049766899,0.35491668500674395,1.0,1.0
week,2026-08-11,all_observed,model_permaslug,total_tokens,10,446,non_text_output_capable,0,0.0,0.0,0.0,0.0,0.0
week,2026-08-11,all_observed,model_permaslug,total_tokens,10,446,free_service_variant,2,0.2,0.05775145924363147,0.011797422728997729,0.08641292305700572,0.03323997779584118
week,2026-08-11,all_observed,model_permaslug,total_tokens,10,446,batch_service_variant,4,0.4,0.18668063785372324,0.07347101649916142,0.2793283460948296,0.20700919286949096
week,2026-08-11,all_observed,model_permaslug,total_tokens,10,446,thinking_service_variant,0,0.0,0.0,0.0,0.0,0.0
week,2026-08-11,all_observed,model_permaslug,total_tokens,10,446,observed_non_text_activity,0,0.0,0.0,0.0,0.0,0.0
week,2026-08-11,all_observed,model_permaslug,total_tokens,20,446,catalog_match,20,1.0,0.8175980616502563,0.4843222966110784,1.0,1.0
week,2026-08-11,all_observed,model_permaslug,total_tokens,20,446,hugging_face_id_available,11,0.55,0.6260051137947651,0.32377585238695133,0.7656636471608358,0.6685132083583394
week,2026-08-11,all_observed,model_permaslug,total_tokens,20,446,tokenizer_known_non_other,12,0.6,0.4446736631240047,0.3919893133670087,0.5438780789505132,0.8093563234851128
week,2026-08-11,all_observed,model_permaslug,total_tokens,20,446,modality_metadata_available,20,1.0,0.8175980616502563,0.4843222966110784,1.0,1.0
week,2026-08-11,all_observed,model_permaslug,total_tokens,20,446,structured_model_size_available,0,0.0,0.0,0.0,0.0,0.0
week,2026-08-11,all_observed,model_permaslug,total_tokens,20,446,text_only_input_capable,7,0.35,0.49526895753642436,0.29016473382957747,0.605760924306454,0.5991149609669658
week,2026-08-11,all_observed,model_permaslug,total_tokens,20,446,non_text_input_capable,13,0.65,0.32232910411383187,0.19415756278150093,0.394239075693546,0.4008850390330342
week,2026-08-11,all_observed,model_permaslug,total_tokens,20,446,text_output_capable,20,1.0,0.8175980616502563,0.4843222966110784,1.0,1.0
week,2026-08-11,all_observed,model_permaslug,total_tokens,20,446,non_text_output_capable,0,0.0,0.0,0.0,0.0,0.0
week,2026-08-11,all_observed,model_permaslug,total_tokens,20,446,free_service_variant,2,0.1,0.05775145924363147,0.011797422728997729,0.07063551389427804,0.024358619893296633
week,2026-08-11,all_observed,model_permaslug,total_tokens,20,446,batch_service_variant,12,0.6,0.2985842832438782,0.194208038622096,0.36519690695108764,0.4009892585598829
week,2026-08-11,all_observed,model_permaslug,total_tokens,20,446,thinking_service_variant,0,0.0,0.0,0.0,0.0,0.0
week,2026-08-11,all_observed,model_permaslug,total_tokens,20,446,observed_non_text_activity,0,0.0,0.0,0.0,0.0,0.0
week,2026-08-11,all_observed,model_permaslug,total_tokens,25,446,catalog_match,25,1.0,0.8541004899435646,0.5513690794228593,1.0,1.0
week,2026-08-11,all_observed,model_permaslug,total_tokens,25,446,hugging_face_id_available,13,0.52,0.6388570026902493,0.3471082819043807,0.7479881000097099,0.6295388966456248
week,2026-08-11,all_observed,model_permaslug,total_tokens,25,446,tokenizer_known_non_other,16,0.64,0.4746012722425883,0.4569820091688248,0.5556738086802269,0.8288132690486864
week,2026-08-11,all_observed,model_permaslug,total_tokens,25,446,modality_metadata_available,25,1.0,0.8541004899435646,0.5513690794228593,1.0,1.0
week,2026-08-11,all_observed,model_permaslug,total_tokens,25,446,structured_model_size_available,0,0.0,0.0,0.0,0.0,0.0
week,2026-08-11,all_observed,model_permaslug,total_tokens,25,446,text_only_input_capable,8,0.32,0.501843776711149,0.2922188208395423,0.5875699436073486,0.5299876829245117
week,2026-08-11,all_observed,model_permaslug,total_tokens,25,446,non_text_input_capable,17,0.68,0.35225671323241553,0.25915025858331703,0.4124300563926514,0.47001231707548824
week,2026-08-11,all_observed,model_permaslug,total_tokens,25,446,text_output_capable,25,1.0,0.8541004899435646,0.5513690794228593,1.0,1.0
week,2026-08-11,all_observed,model_permaslug,total_tokens,25,446,non_text_output_capable,0,0.0,0.0,0.0,0.0,0.0
week,2026-08-11,all_observed,model_permaslug,total_tokens,25,446,free_service_variant,3,0.12,0.06402852896439097,0.033075765236462294,0.07496603703929701,0.05998842965783293
week,2026-08-11,all_observed,model_permaslug,total_tokens,25,446,batch_service_variant,15,0.6,0.3222348226417024,0.23792239191644754,0.37727975388820384,0.4315120321318901
week,2026-08-11,all_observed,model_permaslug,total_tokens,25,446,thinking_service_variant,0,0.0,0.0,0.0,0.0,0.0
week,2026-08-11,all_observed,model_permaslug,total_tokens,25,446,observed_non_text_activity,0,0.0,0.0,0.0,0.0,0.0
week,2026-08-11,all_observed,model_permaslug,total_tokens,30,446,catalog_match,30,1.0,0.8820478866317779,0.6385900100112698,1.0,1.0
week,2026-08-11,all_observed,model_permaslug,total_tokens,30,446,hugging_face_id_available,17,0.5666666666666667,0.6606905177516026,0.4100996847742028,0.7490415517852901,0.642195584561314
week,2026-08-11,all_observed,model_permaslug,total_tokens,30,446,tokenizer_known_non_other,20,0.6666666666666666,0.4975525468884344,0.5417752144192678,0.564087907730733,0.8483928748113467
week,2026-08-11,all_observed,model_permaslug,total_tokens,30,446,modality_metadata_available,30,1.0,0.8820478866317779,0.6385900100112698,1.0,1.0
week,2026-08-11,all_observed,model_permaslug,total_tokens,30,446,structured_model_size_available,0,0.0,0.0,0.0,0.0,0.0
week,2026-08-11,all_observed,model_permaslug,total_tokens,30,446,text_only_input_capable,11,0.36666666666666664,0.5181318770819111,0.3328566352229969,0.5874192149141352,0.5212368342829583
week,2026-08-11,all_observed,model_permaslug,total_tokens,30,446,non_text_input_capable,19,0.6333333333333333,0.3639160095498668,0.30573337478827284,0.41258078508586477,0.4787631657170417
week,2026-08-11,all_observed,model_permaslug,total_tokens,30,446,text_output_capable,30,1.0,0.8820478866317779,0.6385900100112698,1.0,1.0
week,2026-08-11,all_observed,model_permaslug,total_tokens,30,446,non_text_output_capable,0,0.0,0.0,0.0,0.0,0.0
week,2026-08-11,all_observed,model_permaslug,total_tokens,30,446,free_service_variant,5,0.16666666666666666,0.0745700656973495,0.05785707906079716,0.08454196969067704,0.09060129058357193
week,2026-08-11,all_observed,model_permaslug,total_tokens,30,446,batch_service_variant,16,0.5333333333333333,0.32834870426856244,0.2621519196350359,0.3722572314326464,0.41051678780632583
week,2026-08-11,all_observed,model_permaslug,total_tokens,30,446,thinking_service_variant,0,0.0,0.0,0.0,0.0,0.0
week,2026-08-11,all_observed,model_permaslug,total_tokens,30,446,observed_non_text_activity,0,0.0,0.0,0.0,0.0,0.0
week,2026-08-11,all_observed,model_permaslug,total_tokens,50,446,catalog_match,50,1.0,0.9413552486005657,0.7432547648918627,1.0,1.0
week,2026-08-11,all_observed,model_permaslug,total_tokens,50,446,hugging_face_id_available,23,0.46,0.6778502890406707,0.4271449396399945,0.7200791518912484,0.5746951917652899
week,2026-08-11,all_observed,model_permaslug,total_tokens,50,446,tokenizer_known_non_other,35,0.7,0.5418208298531333,0.6199201002218173,0.5755753002478214,0.8340613871638084
week,2026-08-11,all_observed,model_permaslug,total_tokens,50,446,modality_metadata_available,50,1.0,0.9413552486005657,0.7432547648918627,1.0,1.0
week,2026-08-11,all_observed,model_permaslug,total_tokens,50,446,structured_model_size_available,0,0.0,0.0,0.0,0.0,0.0
week,2026-08-11,all_observed,model_permaslug,total_tokens,50,446,text_only_input_capable,17,0.34,0.5361690818573833,0.36661379238026315,0.5695714584419231,0.4932545470241316
week,2026-08-11,all_observed,model_permaslug,total_tokens,50,446,non_text_input_capable,33,0.66,0.40518616674318236,0.37664097251159956,0.43042854155807686,0.5067454529758684
week,2026-08-11,all_observed,model_permaslug,total_tokens,50,446,text_output_capable,50,1.0,0.9413552486005657,0.7432547648918627,1.0,1.0
week,2026-08-11,all_observed,model_permaslug,total_tokens,50,446,non_text_output_capable,0,0.0,0.0,0.0,0.0,0.0
week,2026-08-11,all_observed,model_permaslug,total_tokens,50,446,free_service_variant,9,0.18,0.08680282506583856,0.070901516510617,0.09221048609956875,0.09539328889594482
week,2026-08-11,all_observed,model_permaslug,total_tokens,50,446,batch_service_variant,27,0.54,0.3585014616129463,0.32711820459149704,0.38083546264377927,0.44011585265664593
week,2026-08-11,all_observed,model_permaslug,total_tokens,50,446,thinking_service_variant,0,0.0,0.0,0.0,0.0,0.0
week,2026-08-11,all_observed,model_permaslug,total_tokens,50,446,observed_non_text_activity,0,0.0,0.0,0.0,0.0,0.0
week,2026-08-11,all_observed,model_permaslug,total_tokens,75,446,catalog_match,75,1.0,0.972100752195536,0.8501499119029118,1.0,1.0
week,2026-08-11,all_observed,model_permaslug,total_tokens,75,446,hugging_face_id_available,34,0.4533333333333333,0.6915034753115905,0.4673508182999494,0.7113495939076241,0.5497275383512849
week,2026-08-11,all_observed,model_permaslug,total_tokens,75,446,tokenizer_known_non_other,50,0.6666666666666666,0.5608904752026862,0.682328513604502,0.5769880065784213,0.8025978760348619
week,2026-08-11,all_observed,model_permaslug,total_tokens,75,446,modality_metadata_available,75,1.0,0.972100752195536,0.8501499119029118,1.0,1.0
week,2026-08-11,all_observed,model_permaslug,total_tokens,75,446,structured_model_size_available,0,0.0,0.0,0.0,0.0,0.0
week,2026-08-11,all_observed,model_permaslug,total_tokens,75,446,text_only_input_capable,28,0.37333333333333335,0.548364516449229,0.4309109550872462,0.5641025533729107,0.5068646706352382
week,2026-08-11,all_observed,model_permaslug,total_tokens,75,446,non_text_input_capable,47,0.6266666666666667,0.423736235746307,0.4192389568156656,0.43589744662708924,0.49313532936476173
week,2026-08-11,all_observed,model_permaslug,total_tokens,75,446,text_output_capable,73,0.9733333333333334,0.9693337496729679,0.8125985745510192,0.9971535846296603,0.9558297462292968
week,2026-08-11,all_observed,model_permaslug,total_tokens,75,446,non_text_output_capable,2,0.02666666666666667,0.0027670025225681465,0.03755133735189251,0.0028464153703396883,0.04417025377070311
week,2026-08-11,all_observed,model_permaslug,total_tokens,75,446,free_service_variant,11,0.14666666666666667,0.08885259474323182,0.07222949005678454,0.09140266021042981,0.08496088636310209
week,2026-08-11,all_observed,model_permaslug,total_tokens,75,446,batch_service_variant,33,0.44,0.3659411836639527,0.340887104904324,0.37644367915306826,0.4009729344572981
week,2026-08-11,all_observed,model_permaslug,total_tokens,75,446,thinking_service_variant,0,0.0,0.0,0.0,0.0,0.0
week,2026-08-11,all_observed,model_permaslug,total_tokens,75,446,observed_non_text_activity,0,0.0,0.0,0.0,0.0,0.0
week,2026-08-11,all_observed,model_permaslug,total_tokens,100,446,catalog_match,100,1.0,0.9853971590803648,0.9104657397071783,1.0,1.0
week,2026-08-11,all_observed,model_permaslug,total_tokens,100,446,hugging_face_id_available,46,0.46,0.69712841439319,0.5044629427388687,0.7074593304529053,0.5540713073960507
week,2026-08-11,all_observed,model_permaslug,total_tokens,100,446,tokenizer_known_non_other,68,0.68,0.570588537370787,0.7316434806235381,0.5790442281194482,0.8035925446891032
week,2026-08-11,all_observed,model_permaslug,total_tokens,100,446,modality_metadata_available,100,1.0,0.9853971590803648,0.9104657397071783,1.0,1.0
week,2026-08-11,all_observed,model_permaslug,total_tokens,100,446,structured_model_size_available,0,0.0,0.0,0.0,0.0,0.0
week,2026-08-11,all_observed,model_permaslug,total_tokens,100,446,text_only_input_capable,37,0.37,0.5528859066469618,0.46496070003342893,0.5610792577918025,0.5106844549504613
week,2026-08-11,all_observed,model_permaslug,total_tokens,100,446,non_text_input_capable,63,0.63,0.432511252433403,0.4455050396737494,0.4389207422081975,0.4893155450495387
week,2026-08-11,all_observed,model_permaslug,total_tokens,100,446,text_output_capable,96,0.96,0.9816230897187421,0.8637675299073763,0.9961700017837022,0.94870953648973
week,2026-08-11,all_observed,model_permaslug,total_tokens,100,446,non_text_output_capable,4,0.04,0.003774069361622697,0.04669820979980204,0.00382999821629778,0.051290463510270036
week,2026-08-11,all_observed,model_permaslug,total_tokens,100,446,free_service_variant,12,0.12,0.08935428133698481,0.07262375731980122,0.0906784442329587,0.07976550259118845
week,2026-08-11,all_observed,model_permaslug,total_tokens,100,446,batch_service_variant,37,0.37,0.3685109544497306,0.35026573698880276,0.3739720081937809,0.3847105077248204
week,2026-08-11,all_observed,model_permaslug,total_tokens,100,446,thinking_service_variant,0,0.0,0.0,0.0,0.0,0.0
week,2026-08-11,all_observed,model_permaslug,total_tokens,100,446,observed_non_text_activity,0,0.0,0.0,0.0,0.0,0.0
week,2026-08-11,all_observed,model_permaslug,total_tokens,200,446,catalog_match,199,0.995,0.998602004688207,0.985053768672064,0.9999284972134806,0.9998179904694903
week,2026-08-11,all_observed,model_permaslug,total_tokens,200,446,hugging_face_id_available,106,0.53,0.7058062958323666,0.5553289976878695,0.7067438533090362,0.5636524017021083
week,2026-08-11,all_observed,model_permaslug,total_tokens,200,446,tokenizer_known_non_other,133,0.665,0.5799925998956844,0.7920447267105203,0.5807630328057564,0.8039160827628913
week,2026-08-11,all_observed,model_permaslug,total_tokens,200,446,modality_metadata_available,199,0.995,0.998602004688207,0.985053768672064,0.9999284972134806,0.9998179904694903
week,2026-08-11,all_observed,model_permaslug,total_tokens,200,446,structured_model_size_available,0,0.0,0.0,0.0,0.0,0.0
week,2026-08-11,all_observed,model_permaslug,total_tokens,200,446,text_only_input_capable,88,0.44,0.5592480207869662,0.5010561959008657,0.5599908976446786,0.5085661461640151
week,2026-08-11,all_observed,model_permaslug,total_tokens,200,446,non_text_input_capable,111,0.555,0.43935398390124075,0.48399757277119826,0.4399375995688021,0.49125184430547514
week,2026-08-11,all_observed,model_permaslug,total_tokens,200,446,text_output_capable,182,0.91,0.992976732404725,0.9210434816151314,0.9942957526020825,0.934848301900192
week,2026-08-11,all_observed,model_permaslug,total_tokens,200,446,non_text_output_capable,19,0.095,0.0057415206233468775,0.06474685785950775,0.005749147369693088,0.06571729927146529
week,2026-08-11,all_observed,model_permaslug,total_tokens,200,446,free_service_variant,18,0.09,0.09034113453666565,0.07474754332110252,0.09046113914222925,0.07586787740184334
week,2026-08-11,all_observed,model_permaslug,total_tokens,200,446,batch_service_variant,42,0.21,0.36959683259502063,0.3565544434078354,0.37008778638191514,0.3618985667975949
week,2026-08-11,all_observed,model_permaslug,total_tokens,200,446,thinking_service_variant,0,0.0,0.0,0.0,0.0,0.0
week,2026-08-11,all_observed,model_permaslug,total_tokens,200,446,observed_non_text_activity,0,0.0,0.0,0.0,0.0,0.0
week,2026-08-11,all_observed,model_permaslug,total_tokens,446,446,catalog_match,436,0.9775784753363229,0.9999285764210807,0.9998184967813667,0.9999285764210807,0.9998184967813667
week,2026-08-11,all_observed,model_permaslug,total_tokens,446,446,hugging_face_id_available,167,0.3744394618834081,0.7062115313072029,0.5628449821293434,0.7062115313072029,0.5628449821293434
week,2026-08-11,all_observed,model_permaslug,total_tokens,446,446,tokenizer_known_non_other,246,0.5515695067264574,0.5806988772349005,0.7996604486122894,0.5806988772349005,0.7996604486122894
week,2026-08-11,all_observed,model_permaslug,total_tokens,446,446,modality_metadata_available,436,0.9775784753363229,0.9999285764210807,0.9998184967813667,0.9999285764210807,0.9998184967813667
week,2026-08-11,all_observed,model_permaslug,total_tokens,446,446,structured_model_size_available,0,0.0,0.0,0.0,0.0,0.0
week,2026-08-11,all_observed,model_permaslug,total_tokens,446,446,text_only_input_capable,187,0.4192825112107623,0.5598650305261089,0.5089106314117042,0.5598650305261089,0.5089106314117042
week,2026-08-11,all_observed,model_permaslug,total_tokens,446,446,non_text_input_capable,249,0.5582959641255605,0.4400635458949718,0.49090786536966247,0.4400635458949718,0.49090786536966247
week,2026-08-11,all_observed,model_permaslug,total_tokens,446,446,text_output_capable,315,0.7062780269058296,0.9940904596896982,0.9285272794644673,0.9940904596896982,0.9285272794644673
week,2026-08-11,all_observed,model_permaslug,total_tokens,446,446,non_text_output_capable,134,0.3004484304932735,0.006061135701746993,0.07269585590747693,0.006061135701746993,0.07269585590747693
week,2026-08-11,all_observed,model_permaslug,total_tokens,446,446,free_service_variant,22,0.04932735426008968,0.0903589356346595,0.07491998438391123,0.0903589356346595,0.07491998438391123
week,2026-08-11,all_observed,model_permaslug,total_tokens,446,446,batch_service_variant,44,0.09865470852017937,0.36961750768243634,0.3567630043988548,0.36961750768243634,0.3567630043988548
week,2026-08-11,all_observed,model_permaslug,total_tokens,446,446,thinking_service_variant,1,0.002242152466367713,5.105795832008816e-06,3.938981891730859e-05,5.105795832008816e-06,3.938981891730859e-05
week,2026-08-11,all_observed,model_permaslug,total_tokens,446,446,observed_non_text_activity,0,0.0,0.0,0.0,0.0,0.0
week,2026-08-11,all_observed,model_permaslug,requests,1,446,catalog_match,1,1.0,0.07694675786406,0.13434512285446334,1.0,1.0
week,2026-08-11,all_observed,model_permaslug,requests,1,446,hugging_face_id_available,1,1.0,0.07694675786406,0.13434512285446334,1.0,1.0
week,2026-08-11,all_observed,model_permaslug,requests,1,446,tokenizer_known_non_other,1,1.0,0.07694675786406,0.13434512285446334,1.0,1.0
week,2026-08-11,all_observed,model_permaslug,requests,1,446,modality_metadata_available,1,1.0,0.07694675786406,0.13434512285446334,1.0,1.0
week,2026-08-11,all_observed,model_permaslug,requests,1,446,structured_model_size_available,0,0.0,0.0,0.0,0.0,0.0
week,2026-08-11,all_observed,model_permaslug,requests,1,446,text_only_input_capable,1,1.0,0.07694675786406,0.13434512285446334,1.0,1.0
week,2026-08-11,all_observed,model_permaslug,requests,1,446,non_text_input_capable,0,0.0,0.0,0.0,0.0,0.0
week,2026-08-11,all_observed,model_permaslug,requests,1,446,text_output_capable,1,1.0,0.07694675786406,0.13434512285446334,1.0,1.0
week,2026-08-11,all_observed,model_permaslug,requests,1,446,non_text_output_capable,0,0.0,0.0,0.0,0.0,0.0
week,2026-08-11,all_observed,model_permaslug,requests,1,446,free_service_variant,0,0.0,0.0,0.0,0.0,0.0
week,2026-08-11,all_observed,model_permaslug,requests,1,446,batch_service_variant,0,0.0,0.0,0.0,0.0,0.0
week,2026-08-11,all_observed,model_permaslug,requests,1,446,thinking_service_variant,0,0.0,0.0,0.0,0.0,0.0
week,2026-08-11,all_observed,model_permaslug,requests,1,446,observed_non_text_activity,0,0.0,0.0,0.0,0.0,0.0
week,2026-08-11,all_observed,model_permaslug,requests,2,446,catalog_match,2,1.0,0.2173286380712906,0.20723528073170464,1.0,1.0
week,2026-08-11,all_observed,model_permaslug,requests,2,446,hugging_face_id_available,2,1.0,0.2173286380712906,0.20723528073170464,1.0,1.0
week,2026-08-11,all_observed,model_permaslug,requests,2,446,tokenizer_known_non_other,2,1.0,0.2173286380712906,0.20723528073170464,1.0,1.0
week,2026-08-11,all_observed,model_permaslug,requests,2,446,modality_metadata_available,2,1.0,0.2173286380712906,0.20723528073170464,1.0,1.0
week,2026-08-11,all_observed,model_permaslug,requests,2,446,structured_model_size_available,0,0.0,0.0,0.0,0.0,0.0
week,2026-08-11,all_observed,model_permaslug,requests,2,446,text_only_input_capable,2,1.0,0.2173286380712906,0.20723528073170464,1.0,1.0
week,2026-08-11,all_observed,model_permaslug,requests,2,446,non_text_input_capable,0,0.0,0.0,0.0,0.0,0.0
week,2026-08-11,all_observed,model_permaslug,requests,2,446,text_output_capable,2,1.0,0.2173286380712906,0.20723528073170464,1.0,1.0
week,2026-08-11,all_observed,model_permaslug,requests,2,446,non_text_output_capable,0,0.0,0.0,0.0,0.0,0.0
week,2026-08-11,all_observed,model_permaslug,requests,2,446,free_service_variant,0,0.0,0.0,0.0,0.0,0.0
week,2026-08-11,all_observed,model_permaslug,requests,2,446,batch_service_variant,0,0.0,0.0,0.0,0.0,0.0
week,2026-08-11,all_observed,model_permaslug,requests,2,446,thinking_service_variant,0,0.0,0.0,0.0,0.0,0.0
week,2026-08-11,all_observed,model_permaslug,requests,2,446,observed_non_text_activity,0,0.0,0.0,0.0,0.0,0.0
week,2026-08-11,all_observed,model_permaslug,requests,5,446,catalog_match,5,1.0,0.30195743642592837,0.3472944664684665,1.0,1.0
week,2026-08-11,all_observed,model_permaslug,requests,5,446,hugging_face_id_available,2,0.4,0.2173286380712906,0.20723528073170464,0.7197326902879652,0.5967134542597761
week,2026-08-11,all_observed,model_permaslug,requests,5,446,tokenizer_known_non_other,5,1.0,0.30195743642592837,0.3472944664684665,1.0,1.0
week,2026-08-11,all_observed,model_permaslug,requests,5,446,modality_metadata_available,5,1.0,0.30195743642592837,0.3472944664684665,1.0,1.0
week,2026-08-11,all_observed,model_permaslug,requests,5,446,structured_model_size_available,0,0.0,0.0,0.0,0.0,0.0
week,2026-08-11,all_observed,model_permaslug,requests,5,446,text_only_input_capable,2,0.4,0.2173286380712906,0.20723528073170464,0.7197326902879652,0.5967134542597761
week,2026-08-11,all_observed,model_permaslug,requests,5,446,non_text_input_capable,3,0.6,0.08462879835463774,0.14005918573676188,0.28026730971203484,0.4032865457402239
week,2026-08-11,all_observed,model_permaslug,requests,5,446,text_output_capable,5,1.0,0.30195743642592837,0.3472944664684665,1.0,1.0
week,2026-08-11,all_observed,model_permaslug,requests,5,446,non_text_output_capable,0,0.0,0.0,0.0,0.0,0.0
week,2026-08-11,all_observed,model_permaslug,requests,5,446,free_service_variant,0,0.0,0.0,0.0,0.0,0.0
week,2026-08-11,all_observed,model_permaslug,requests,5,446,batch_service_variant,3,0.6,0.08462879835463774,0.14005918573676188,0.28026730971203484,0.4032865457402239
week,2026-08-11,all_observed,model_permaslug,requests,5,446,thinking_service_variant,0,0.0,0.0,0.0,0.0,0.0
week,2026-08-11,all_observed,model_permaslug,requests,5,446,observed_non_text_activity,0,0.0,0.0,0.0,0.0,0.0
week,2026-08-11,all_observed,model_permaslug,requests,10,446,catalog_match,10,1.0,0.46200246929270095,0.478324038486764,1.0,1.0
week,2026-08-11,all_observed,model_permaslug,requests,10,446,hugging_face_id_available,4,0.4,0.3558050616260059,0.2602497258652869,0.7701367098117957,0.5440866544960158
week,2026-08-11,all_observed,model_permaslug,requests,10,446,tokenizer_known_non_other,9,0.9,0.3292579444710635,0.4503737765149694,0.712675724385496,0.941566261105717
week,2026-08-11,all_observed,model_permaslug,requests,10,446,modality_metadata_available,10,1.0,0.46200246929270095,0.478324038486764,1.0,1.0
week,2026-08-11,all_observed,model_permaslug,requests,10,446,structured_model_size_available,0,0.0,0.0,0.0,0.0,0.0
week,2026-08-11,all_observed,model_permaslug,requests,10,446,text_only_input_capable,4,0.4,0.3558050616260059,0.2602497258652869,0.7701367098117957,0.5440866544960158
week,2026-08-11,all_observed,model_permaslug,requests,10,446,non_text_input_capable,6,0.6,0.10619740766669504,0.2180743126214771,0.22986329018820426,0.45591334550398427
week,2026-08-11,all_observed,model_permaslug,requests,10,446,text_output_capable,10,1.0,0.46200246929270095,0.478324038486764,1.0,1.0
week,2026-08-11,all_observed,model_permaslug,requests,10,446,non_text_output_capable,0,0.0,0.0,0.0,0.0,0.0
week,2026-08-11,all_observed,model_permaslug,requests,10,446,free_service_variant,0,0.0,0.0,0.0,0.0,0.0
week,2026-08-11,all_observed,model_permaslug,requests,10,446,batch_service_variant,6,0.6,0.10619740766669504,0.2180743126214771,0.22986329018820426,0.45591334550398427
week,2026-08-11,all_observed,model_permaslug,requests,10,446,thinking_service_variant,0,0.0,0.0,0.0,0.0,0.0
week,2026-08-11,all_observed,model_permaslug,requests,10,446,observed_non_text_activity,0,0.0,0.0,0.0,0.0,0.0
week,2026-08-11,all_observed,model_permaslug,requests,20,446,catalog_match,20,1.0,0.6448583527406094,0.6646529249914462,1.0,1.0
week,2026-08-11,all_observed,model_permaslug,requests,20,446,hugging_face_id_available,12,0.6,0.5339192837074331,0.4037592688168373,0.8279636627769619,0.6074738463266877
week,2026-08-11,all_observed,model_permaslug,requests,20,446,tokenizer_known_non_other,14,0.7,0.3840579029792458,0.5435595353226683,0.5955694011669735,0.8178095888612296
week,2026-08-11,all_observed,model_permaslug,requests,20,446,modality_metadata_available,20,1.0,0.6448583527406094,0.6646529249914462,1.0,1.0
week,2026-08-11,all_observed,model_permaslug,requests,20,446,structured_model_size_available,0,0.0,0.0,0.0,0.0,0.0
week,2026-08-11,all_observed,model_permaslug,requests,20,446,text_only_input_capable,11,0.55,0.4564854366331118,0.38561919349860424,0.7078848163989441,0.5801812931216197
week,2026-08-11,all_observed,model_permaslug,requests,20,446,non_text_input_capable,9,0.45,0.18837291610749765,0.27903373149284205,0.292115183601056,0.41981870687838024
week,2026-08-11,all_observed,model_permaslug,requests,20,446,text_output_capable,18,0.9,0.6420913502180413,0.6271015876395538,0.9957091312986666,0.9435023364226137
week,2026-08-11,all_observed,model_permaslug,requests,20,446,non_text_output_capable,2,0.1,0.0027670025225681465,0.03755133735189251,0.004290868701333481,0.05649766357738631
week,2026-08-11,all_observed,model_permaslug,requests,20,446,free_service_variant,2,0.1,0.011822484411350746,0.04363193099383201,0.0183334593730637,0.06564618818820896
week,2026-08-11,all_observed,model_permaslug,requests,20,446,batch_service_variant,7,0.35,0.15788966586933698,0.23704849260738065,0.24484394937014514,0.3566500404860647
week,2026-08-11,all_observed,model_permaslug,requests,20,446,thinking_service_variant,0,0.0,0.0,0.0,0.0,0.0
week,2026-08-11,all_observed,model_permaslug,requests,20,446,observed_non_text_activity,0,0.0,0.0,0.0,0.0,0.0
week,2026-08-11,all_observed,model_permaslug,requests,25,446,catalog_match,25,1.0,0.6877564184647227,0.7102373522763759,1.0,1.0
week,2026-08-11,all_observed,model_permaslug,requests,25,446,hugging_face_id_available,14,0.56,0.5366774638094443,0.42382864917688756,0.7803307237865817,0.5967422690717095
week,2026-08-11,all_observed,model_permaslug,requests,25,446,tokenizer_known_non_other,19,0.76,0.426955968703359,0.5891439626075978,0.6207953241010123,0.8295029270416959
week,2026-08-11,all_observed,model_permaslug,requests,25,446,modality_metadata_available,25,1.0,0.6877564184647227,0.7102373522763759,1.0,1.0
week,2026-08-11,all_observed,model_permaslug,requests,25,446,structured_model_size_available,0,0.0,0.0,0.0,0.0,0.0
week,2026-08-11,all_observed,model_permaslug,requests,25,446,text_only_input_capable,13,0.52,0.45924361673512293,0.4056885738586545,0.6677416660978484,0.5712014054997043
week,2026-08-11,all_observed,model_permaslug,requests,25,446,non_text_input_capable,12,0.48,0.22851280172959973,0.3045487784177214,0.3322583339021516,0.4287985945002957
week,2026-08-11,all_observed,model_permaslug,requests,25,446,text_output_capable,23,0.92,0.6849894159421545,0.6726860149244833,0.9959767696116236,0.9471284673615982
week,2026-08-11,all_observed,model_permaslug,requests,25,446,non_text_output_capable,2,0.08,0.0027670025225681465,0.03755133735189251,0.00402323038837634,0.05287153263840184
week,2026-08-11,all_observed,model_permaslug,requests,25,446,free_service_variant,3,0.12,0.013943608501812237,0.05208074575361621,0.020274050706700096,0.07332864934052348
week,2026-08-11,all_observed,model_permaslug,requests,25,446,batch_service_variant,10,0.4,0.19802955149143905,0.26256353953225997,0.2879355919840051,0.3696842171011138
week,2026-08-11,all_observed,model_permaslug,requests,25,446,thinking_service_variant,0,0.0,0.0,0.0,0.0,0.0
week,2026-08-11,all_observed,model_permaslug,requests,25,446,observed_non_text_activity,0,0.0,0.0,0.0,0.0,0.0
week,2026-08-11,all_observed,model_permaslug,requests,30,446,catalog_match,30,1.0,0.756669201617857,0.744945748080347,1.0,1.0
week,2026-08-11,all_observed,model_permaslug,requests,30,446,hugging_face_id_available,16,0.5333333333333333,0.5919765409951894,0.4385160635889529,0.7823452305571136,0.5886550325563523
week,2026-08-11,all_observed,model_permaslug,requests,30,446,tokenizer_known_non_other,22,0.7333333333333333,0.4405696746707482,0.6091649439995036,0.5822487207471284,0.8177306140336564
week,2026-08-11,all_observed,model_permaslug,requests,30,446,modality_metadata_available,30,1.0,0.756669201617857,0.744945748080347,1.0,1.0
week,2026-08-11,all_observed,model_permaslug,requests,30,446,structured_model_size_available,0,0.0,0.0,0.0,0.0,0.0
week,2026-08-11,all_observed,model_permaslug,requests,30,446,text_only_input_capable,14,0.4666666666666667,0.4915342729753906,0.41276094707227884,0.6496025897769151,0.5540818886958195
week,2026-08-11,all_observed,model_permaslug,requests,30,446,non_text_input_capable,16,0.5333333333333333,0.2651349286424664,0.33218480100806813,0.35039741022308496,0.44591811130418046
week,2026-08-11,all_observed,model_permaslug,requests,30,446,text_output_capable,28,0.9333333333333333,0.7539021990952889,0.7073944107284544,0.9963431807232911,0.9495918495425222
week,2026-08-11,all_observed,model_permaslug,requests,30,446,non_text_output_capable,2,0.06666666666666667,0.0027670025225681465,0.03755133735189251,0.0036568192767089443,0.05040815045747783
week,2026-08-11,all_observed,model_permaslug,requests,30,446,free_service_variant,4,0.13333333333333333,0.046234264742079915,0.059153118967240556,0.06110234782019019,0.07940594213695751
week,2026-08-11,all_observed,model_permaslug,requests,30,446,batch_service_variant,13,0.43333333333333335,0.2648477259451337,0.2845552342268225,0.3500178484585535,0.38198115092286083
week,2026-08-11,all_observed,model_permaslug,requests,30,446,thinking_service_variant,0,0.0,0.0,0.0,0.0,0.0
week,2026-08-11,all_observed,model_permaslug,requests,30,446,observed_non_text_activity,0,0.0,0.0,0.0,0.0,0.0
week,2026-08-11,all_observed,model_permaslug,requests,50,446,catalog_match,50,1.0,0.8798702372055545,0.841034847851231,1.0,1.0
week,2026-08-11,all_observed,model_permaslug,requests,50,446,hugging_face_id_available,24,0.48,0.6571597121651194,0.4756379368040405,0.7468825337838929,0.5655389167514913
week,2026-08-11,all_observed,model_permaslug,requests,50,446,tokenizer_known_non_other,37,0.74,0.499928129132616,0.6827135323257049,0.5681839298489911,0.8117541550983018
week,2026-08-11,all_observed,model_permaslug,requests,50,446,modality_metadata_available,50,1.0,0.8798702372055545,0.841034847851231,1.0,1.0
week,2026-08-11,all_observed,model_permaslug,requests,50,446,structured_model_size_available,0,0.0,0.0,0.0,0.0,0.0
week,2026-08-11,all_observed,model_permaslug,requests,50,446,text_only_input_capable,22,0.44,0.5207202577942467,0.45073309369305387,0.5918148333418358,0.535926775025597
week,2026-08-11,all_observed,model_permaslug,requests,50,446,non_text_input_capable,28,0.56,0.3591499794113078,0.39030175415817714,0.40818516665816423,0.464073224974403
week,2026-08-11,all_observed,model_permaslug,requests,50,446,text_output_capable,45,0.9,0.875757673253665,0.7896146318543759,0.9953259426470079,0.9388607783277599
week,2026-08-11,all_observed,model_permaslug,requests,50,446,non_text_output_capable,5,0.1,0.004112563951889486,0.051420215996855125,0.004674057352992056,0.061139221672240084
week,2026-08-11,all_observed,model_permaslug,requests,50,446,free_service_variant,5,0.1,0.07169506774544371,0.06387816848261393,0.08148368329078322,0.07595186887418157
week,2026-08-11,all_observed,model_permaslug,requests,50,446,batch_service_variant,19,0.38,0.31635503071505405,0.31485430408159654,0.3595473711212117,0.37436534869633664
week,2026-08-11,all_observed,model_permaslug,requests,50,446,thinking_service_variant,0,0.0,0.0,0.0,0.0,0.0
week,2026-08-11,all_observed,model_permaslug,requests,50,446,observed_non_text_activity,0,0.0,0.0,0.0,0.0,0.0
week,2026-08-11,all_observed,model_permaslug,requests,75,446,catalog_match,75,1.0,0.9328651927317534,0.9120811078749665,1.0,1.0
week,2026-08-11,all_observed,model_permaslug,requests,75,446,hugging_face_id_available,38,0.5066666666666667,0.680576256006048,0.5128923528927686,0.7295547752329403,0.5623319554197793
week,2026-08-11,all_observed,model_permaslug,requests,75,446,tokenizer_known_non_other,57,0.76,0.5342762045860512,0.7406854069116909,0.5727260581151118,0.8120828296042598
week,2026-08-11,all_observed,model_permaslug,requests,75,446,modality_metadata_available,75,1.0,0.9328651927317534,0.9120811078749665,1.0,1.0
week,2026-08-11,all_observed,model_permaslug,requests,75,446,structured_model_size_available,0,0.0,0.0,0.0,0.0,0.0
week,2026-08-11,all_observed,model_permaslug,requests,75,446,text_only_input_capable,31,0.41333333333333333,0.5391807367135149,0.47498962667051553,0.5779835510151325,0.5207756443691518
week,2026-08-11,all_observed,model_permaslug,requests,75,446,non_text_input_capable,44,0.5866666666666667,0.39368445601823854,0.437091481204451,0.42201644898486745,0.4792243556308482
week,2026-08-11,all_observed,model_permaslug,requests,75,446,text_output_capable,68,0.9066666666666666,0.9282950455086483,0.853286898551366,0.9951009564310979,0.9355383980481915
week,2026-08-11,all_observed,model_permaslug,requests,75,446,non_text_output_capable,7,0.09333333333333334,0.004570147223105167,0.05879420932360063,0.004899043568902157,0.06446160195180853
week,2026-08-11,all_observed,model_permaslug,requests,75,446,free_service_variant,7,0.09333333333333334,0.08114425945999926,0.06871011011622603,0.08698390731288909,0.07533333332198042
week,2026-08-11,all_observed,model_permaslug,requests,75,446,batch_service_variant,27,0.36,0.34011625252684385,0.34003177294344406,0.3645931429072461,0.3728087009012554
week,2026-08-11,all_observed,model_permaslug,requests,75,446,thinking_service_variant,0,0.0,0.0,0.0,0.0,0.0
week,2026-08-11,all_observed,model_permaslug,requests,75,446,observed_non_text_activity,0,0.0,0.0,0.0,0.0,0.0
week,2026-08-11,all_observed,model_permaslug,requests,100,446,catalog_match,100,1.0,0.9698688942079348,0.9483025491437294,1.0,1.0
week,2026-08-11,all_observed,model_permaslug,requests,100,446,hugging_face_id_available,52,0.52,0.6903947497940066,0.532004149100044,0.7118433779215416,0.5610067689688462
week,2026-08-11,all_observed,model_permaslug,requests,100,446,tokenizer_known_non_other,75,0.75,0.5658040103971967,0.7678184962488352,0.583381953763218,0.8096767186191134
week,2026-08-11,all_observed,model_permaslug,requests,100,446,modality_metadata_available,100,1.0,0.9698688942079348,0.9483025491437294,1.0,1.0
week,2026-08-11,all_observed,model_permaslug,requests,100,446,structured_model_size_available,0,0.0,0.0,0.0,0.0,0.0
week,2026-08-11,all_observed,model_permaslug,requests,100,446,text_only_input_capable,38,0.38,0.5464093797587444,0.4838331813149318,0.5633847863581417,0.5102097234177103
week,2026-08-11,all_observed,model_permaslug,requests,100,446,non_text_input_capable,62,0.62,0.42345951444919033,0.46446936782879755,0.43661521364185835,0.4897902765822897
week,2026-08-11,all_observed,model_permaslug,requests,100,446,text_output_capable,90,0.9,0.9650480941464986,0.8855990468003557,0.995029431204335,0.9338781674688191
week,2026-08-11,all_observed,model_permaslug,requests,100,446,non_text_output_capable,10,0.1,0.0048208000614361115,0.0627035023433736,0.004970568795665033,0.06612183253118088
week,2026-08-11,all_observed,model_permaslug,requests,100,446,free_service_variant,8,0.08,0.0843874678395811,0.07007680362584455,0.0870091497351279,0.07389709506646425
week,2026-08-11,all_observed,model_permaslug,requests,100,446,batch_service_variant,35,0.35,0.36246694115592515,0.35325060604353564,0.373727772197439,0.3725083375158103
week,2026-08-11,all_observed,model_permaslug,requests,100,446,thinking_service_variant,0,0.0,0.0,0.0,0.0,0.0
week,2026-08-11,all_observed,model_permaslug,requests,100,446,observed_non_text_activity,0,0.0,0.0,0.0,0.0,0.0
week,2026-08-11,all_observed,model_permaslug,requests,200,446,catalog_match,199,0.995,0.9966006011867895,0.9932181650690384,0.9999283536297079,0.9998194863439763
week,2026-08-11,all_observed,model_permaslug,requests,200,446,hugging_face_id_available,108,0.54,0.7051630983126529,0.5604615495972858,0.7075177108026227,0.5641865990187128
week,2026-08-11,all_observed,model_permaslug,requests,200,446,tokenizer_known_non_other,137,0.685,0.5790959108502278,0.7957900313707097,0.581029571967551,0.8010791670804919
week,2026-08-11,all_observed,model_permaslug,requests,200,446,modality_metadata_available,199,0.995,0.9966006011867895,0.9932181650690384,0.9999283536297079,0.9998194863439763
week,2026-08-11,all_observed,model_permaslug,requests,200,446,structured_model_size_available,0,0.0,0.0,0.0,0.0,0.0
week,2026-08-11,all_observed,model_permaslug,requests,200,446,text_only_input_capable,85,0.425,0.5580943340074506,0.5054945872165093,0.5599578686884056,0.5088543044370722
week,2026-08-11,all_observed,model_permaslug,requests,200,446,non_text_input_capable,114,0.57,0.438506267179339,0.487723577852529,0.43997048494130236,0.4909651819069041
week,2026-08-11,all_observed,model_permaslug,requests,200,446,text_output_capable,173,0.865,0.9909391641689628,0.9234571959534112,0.9942480124883596,0.9295948581997698
week,2026-08-11,all_observed,model_permaslug,requests,200,446,non_text_output_capable,31,0.155,0.00583891021631764,0.07094632804155486,0.00585840694119739,0.07141786543500042
week,2026-08-11,all_observed,model_permaslug,requests,200,446,free_service_variant,17,0.085,0.0900250966865071,0.07464725138714383,0.09032569979176885,0.07514338658284209
week,2026-08-11,all_observed,model_permaslug,requests,200,446,batch_service_variant,43,0.215,0.36960460826182084,0.3567258317349646,0.37083875626112217,0.3590967728888532
week,2026-08-11,all_observed,model_permaslug,requests,200,446,thinking_service_variant,0,0.0,0.0,0.0,0.0,0.0
week,2026-08-11,all_observed,model_permaslug,requests,200,446,observed_non_text_activity,0,0.0,0.0,0.0,0.0,0.0
week,2026-08-11,all_observed,model_permaslug,requests,446,446,catalog_match,436,0.9775784753363229,0.9999285764210807,0.9998184967813667,0.9999285764210807,0.9998184967813667
week,2026-08-11,all_observed,model_permaslug,requests,446,446,hugging_face_id_available,167,0.3744394618834081,0.7062115313072029,0.5628449821293434,0.7062115313072029,0.5628449821293434
week,2026-08-11,all_observed,model_permaslug,requests,446,446,tokenizer_known_non_other,246,0.5515695067264574,0.5806988772349005,0.7996604486122894,0.5806988772349005,0.7996604486122894
week,2026-08-11,all_observed,model_permaslug,requests,446,446,modality_metadata_available,436,0.9775784753363229,0.9999285764210807,0.9998184967813667,0.9999285764210807,0.9998184967813667
week,2026-08-11,all_observed,model_permaslug,requests,446,446,structured_model_size_available,0,0.0,0.0,0.0,0.0,0.0
week,2026-08-11,all_observed,model_permaslug,requests,446,446,text_only_input_capable,187,0.4192825112107623,0.5598650305261089,0.5089106314117042,0.5598650305261089,0.5089106314117042
week,2026-08-11,all_observed,model_permaslug,requests,446,446,non_text_input_capable,249,0.5582959641255605,0.4400635458949718,0.49090786536966247,0.4400635458949718,0.49090786536966247
week,2026-08-11,all_observed,model_permaslug,requests,446,446,text_output_capable,315,0.7062780269058296,0.9940904596896982,0.9285272794644673,0.9940904596896982,0.9285272794644673
week,2026-08-11,all_observed,model_permaslug,requests,446,446,non_text_output_capable,134,0.3004484304932735,0.006061135701746993,0.07269585590747693,0.006061135701746993,0.07269585590747693
week,2026-08-11,all_observed,model_permaslug,requests,446,446,free_service_variant,22,0.04932735426008968,0.0903589356346595,0.07491998438391123,0.0903589356346595,0.07491998438391123
week,2026-08-11,all_observed,model_permaslug,requests,446,446,batch_service_variant,44,0.09865470852017937,0.36961750768243634,0.3567630043988548,0.36961750768243634,0.3567630043988548
week,2026-08-11,all_observed,model_permaslug,requests,446,446,thinking_service_variant,1,0.002242152466367713,5.105795832008816e-06,3.938981891730859e-05,5.105795832008816e-06,3.938981891730859e-05
week,2026-08-11,all_observed,model_permaslug,requests,446,446,observed_non_text_activity,0,0.0,0.0,0.0,0.0,0.0
